gid,role,role_score,cluster_id,priority_score,evidence,depth,is_seed,truncated,in_deg,out_deg,in_kzt,out_kzt,in_tx,out_tx,pass_through,pagerank,hub,authority,betweenness,seed_payers,seeds_2hop,upstream_seeds,cycles,in_core,fast_share,max_payers_day,active_days
100000000331309100,coordinator,1.0,6,1.0,"собирает от 5 плательщ. (984 635 ₸), раздаёт 99 получ. (23 001 375 ₸); 3 seed в 2 шагах выше; в кольце возвратных потоков (32 циклов)",2,False,False,5,99,984635.0,23001375.0,8,126,23.360306103276848,0.000875689903807376,0.15776904112457835,0.00022784743597441663,0.004557234050267506,0,3,7,32,True,0.3584307459880116,3,29
100000004156082100,coordinator,1.0,15,0.9958,"собирает от 5 плательщ. (377 366 ₸), раздаёт 26 получ. (2 319 556 ₸); 3 seed в 2 шагах выше; в кольце возвратных потоков (11 циклов)",1,False,False,5,26,377366.11,2319556.0,7,29,6.146699288921308,0.0008669668928480434,0.0019143844259690663,7.739634489783631e-06,0.002040035139413781,1,3,7,11,True,0.9590438859850765,2,7
100000008477350100,coordinator,1.0,2,0.9942,"собирает от 11 плательщ. (610 100 ₸), раздаёт 39 получ. (3 374 866 ₸); 2 seed в 2 шагах выше; в кольце возвратных потоков (464 циклов)",2,False,False,11,39,610100.0,3374866.0,14,44,5.531660383543682,0.0010342350786611242,0.06105984193860145,0.0005529342870567004,0.0025171940682580047,0,2,7,464,True,0.5698872192258893,2,17
100000008346837100,coordinator,1.0,11,0.9706,"собирает от 9 плательщ. (254 359 ₸), раздаёт 25 получ. (1 258 643 ₸); 2 seed в 2 шагах выше; в кольце возвратных потоков (111 циклов)",2,False,False,9,25,254359.0,1258643.0,12,26,4.948293553599441,0.0005474079827287936,0.013922566536891445,0.00020790593551937796,0.008981156281324022,0,2,7,111,True,0.8516124111443832,4,15
100000008603629100,coordinator,1.0,7,0.9667,"собирает от 19 плательщ. (1 817 300 ₸), раздаёт 61 получ. (4 986 156 ₸); 1 seed в 2 шагах выше; в кольце возвратных потоков (762 циклов)",2,False,False,19,61,1817300.0,4986156.0,45,74,2.7437165025037142,0.0011918072731347837,0.08609235509830432,0.002457394604701579,0.005760528742267877,0,1,7,762,True,0.9888378943619093,4,27
100000000437046100,coordinator,1.0,2,0.9609,"собирает от 9 плательщ. (1 107 200 ₸), раздаёт 42 получ. (7 606 224 ₸); 1 seed в 2 шагах выше; в кольце возвратных потоков (472 циклов)",2,False,False,9,42,1107200.0,7606224.0,20,73,6.86978323699422,0.0007924860106097876,0.06073954738630764,0.0004776194162886094,0.00219714849479704,0,1,7,472,True,0.8674551262229458,3,21
100000004400305100,coordinator,1.0,2,0.9552,"собирает от 7 плательщ. (222 800 ₸), раздаёт 82 получ. (5 830 181 ₸); 2 seed в 2 шагах выше; в кольце возвратных потоков (545 циклов)",2,False,False,7,82,222800.0,5830181.0,9,101,26.167778276481148,0.0003858174534932507,0.15592355178995704,0.0003913618845947856,0.002609149922720263,0,2,7,545,True,0.7857224329742079,2,22
100000008165763100,coordinator,1.0,3,0.9445,"собирает от 15 плательщ. (1 165 815 ₸), раздаёт 17 получ. (1 267 858 ₸); 3 seed в 2 шагах выше",1,False,False,15,17,1165815.0,1267858.0,26,17,1.087529324978663,0.0009102399259160802,0.007660859163013643,0.0009408997446289472,0.00034529403323309597,1,3,9,0,False,0.6805848919989462,4,13
100000001857829100,coordinator,0.91,7,0.9163,"собирает от 6 плательщ. (888 535 ₸), раздаёт 16 получ. (2 390 993 ₸); 1 seed в 2 шагах выше; в кольце возвратных потоков (50 циклов)",2,False,False,6,16,888535.0,2390993.0,9,16,2.690938454872346,0.0006204790252521136,0.006990814050416537,0.00203775931643755,0.00195959937727883,0,1,7,50,True,0.8154867036415414,3,9
100000005782781100,coordinator,0.88,8,0.8777,"собирает от 6 плательщ. (171 888 ₸), раздаёт 10 получ. (1 263 597 ₸); 1 seed в 2 шагах выше; в кольце возвратных потоков (23 циклов)",2,False,False,6,10,171888.0,1263597.0,10,10,7.351281066741134,0.0004875096527600848,0.005811990743857868,0.00037180419377120193,0.0005683243291461322,0,1,7,23,True,1.0,3,9
100000003115284100,consolidator,0.95,10,0.8715,"получает от 8 разных плательщиков (15 переводов, 2 160 500 ₸), отдал дальше 24% полученного; до 7 плательщиков в один день",1,False,False,8,2,2160500.0,517000.0,15,4,0.23929645915297384,0.0015286375827955761,1.7324688317207385e-05,0.00500955931647725,0.00012780471914467138,2,4,11,2,False,0.9864603481624759,7,6
100000002398779100,consolidator,1.0,2,0.8657,"получает от 13 разных плательщиков (28 переводов, 1 095 690 ₸), отдал дальше 6% полученного; до 7 плательщиков в один день",2,False,False,13,1,1095690.0,66000.0,28,3,0.06023601566136407,0.0016005031258790243,3.934617121986092e-05,0.0005927894952735103,1.2780471914467137e-05,0,2,8,0,False,1.0,7,5
100000007908818100,coordinator,0.85,3,0.8462,"собирает от 4 плательщ. (727 475 ₸), раздаёт 6 получ. (302 000 ₸); 4 seed в 2 шагах выше",1,False,False,4,6,727475.0,302000.0,4,13,0.4151345407058662,0.0004753811920473764,4.909237269500796e-253,0.0008570152098937073,0.00017753957884283033,2,4,11,0,False,0.04966887417218543,2,11
100000004015047100,consolidator,0.9,8,0.8413,"получает от 9 разных плательщиков (18 переводов, 919 104 ₸), отдал дальше 8% полученного; до 2 плательщиков в один день",1,False,False,9,1,919104.0,69195.0,18,7,0.07528527783580531,0.0022785971106508724,2.021296197616137e-07,5.056891989181232e-05,2.2885961335208597e-05,3,4,11,1,False,0.636346556832141,2,14
100000008547948100,coordinator,0.86,5,0.8226,"собирает от 6 плательщ. (212 665 ₸), раздаёт 26 получ. (5 185 600 ₸); 1 seed в 2 шагах выше",2,False,False,6,26,212665.0,5185600.0,7,31,24.383890155878966,0.0004277037249167612,0.00010550660910974718,5.649427167739863e-06,0.0011322141374262578,0,1,8,8,False,0.21627198395556926,4,13
100000005933757100,distributor,0.84,14,0.8139,"веер: 46 переводов на 34 разных получателей, 3 002 628 ₸; получил от 4 плательщиков",2,False,False,4,34,1246000.0,3002628.0,6,46,2.409813804173355,0.000997985572013045,0.0013100381793462932,3.5038568623570007e-06,0.0038927878243158673,0,1,7,3,True,0.6113238136725562,2,15
100000000332284100,consolidator,1.0,6,0.8096,"получает от 10 разных плательщиков (12 переводов, 107 426 ₸), отдал дальше 269% полученного; до 3 плательщиков в один день",2,False,False,10,3,107426.0,289500.0,12,3,2.69487833485376,0.0007170946224349073,0.001282000623867513,0.0003565292210917091,0.0001091372663902734,0,1,7,0,False,1.0,3,10
100000004486525100,consolidator,0.95,2,0.8004,"получает от 8 разных плательщиков (21 переводов, 360 924 ₸), отдал дальше 75% полученного; до 5 плательщиков в один день",2,False,False,8,2,360924.0,271045.0,21,3,0.7509752745730403,0.0008057988481996705,0.000464871066218019,0.0003017568710775366,4.755524433290098e-06,0,1,7,0,False,1.0,5,5
100000002578405100,distributor,1.0,1,0.7969,"веер: 120 переводов на 116 разных получателей, 3 108 352 ₸; получил от 2 плательщиков",2,False,False,2,116,1200351.0,3108352.0,7,120,2.589535894084314,0.0005700071256448129,1.512924480514743e-08,7.686094599355042e-13,0.00017100073274705643,0,1,1,2,False,0.6693176963226816,1,22
100000002957787100,distributor,0.84,2,0.7951,"веер: 41 переводов на 34 разных получателей, 1 276 154 ₸; получил от 4 плательщиков",2,False,False,4,34,84956.0,1276153.96,7,41,15.02135175855737,0.0006138323786231608,0.0344933365909865,0.00019153824827058193,0.004276645426207853,0,1,7,84,True,0.7551235902602222,2,8
100000004299488100,consolidator,0.85,2,0.7932,"получает от 6 разных плательщиков (22 переводов, 1 749 000 ₸), отдал дальше 20% полученного; до 3 плательщиков в один день",1,False,False,6,2,1749000.0,344999.0,22,14,0.19725500285877645,0.0014621185934412485,0.004642303844323105,0.00806851583973126,2.0805419395644178e-05,1,1,7,1,False,0.9420288174748332,3,12
100000007055802100,consolidator,0.85,2,0.7894,"получает от 6 разных плательщиков (34 переводов, 2 024 999 ₸), отдал дальше 30% полученного; до 4 плательщиков в один день",1,False,False,6,1,2024999.0,605000.0,34,7,0.29876557963732325,0.001181924366122314,0.003434166337377531,0.01082050083520073,4.359230730515923e-06,1,1,7,1,False,1.0,4,10
100000000661912100,consolidator,0.7,2,0.7874,"получает от 5 разных плательщиков (9 переводов, 393 036 ₸), отдал дальше 110% полученного; до 2 плательщиков в один день",1,False,False,5,2,393036.0,430700.0,9,8,1.0958283719557496,0.0017491597591117625,0.0,0.0078621441674595,0.001333690545207292,1,1,7,1,True,0.75156721615974,2,10
100000008686313100,consolidator,0.75,2,0.7832,"получает от 6 разных плательщиков (16 переводов, 1 912 716 ₸), отдал дальше 17% полученного; до 2 плательщиков в один день",1,False,False,6,7,1912716.0,333800.0,16,13,0.17451623764322566,0.0004676329022286971,0.0018982930629551974,0.010825894786135692,0.0019848260248329463,1,1,7,408,True,1.0,2,20
100000004962193100,consolidator,0.95,2,0.7814,"получает от 8 разных плательщиков (11 переводов, 900 468 ₸), отдал дальше 0% полученного; до 5 плательщиков в один день",2,False,False,8,0,900468.0,0.0,11,0,0.0,0.0006573150442725716,0.0,0.0004994172276184054,0.0,0,1,7,0,False,0.0,5,5
100000004403675100,consolidator,0.65,19,0.7783,"получает от 4 разных плательщиков (8 переводов, 182 980 ₸), отдал дальше 145% полученного",1,False,False,4,5,182980.0,264699.0,8,6,1.4466007213903158,0.0007400733271266653,0.00010061852156787733,0.00221642364889325,0.002787673513726202,2,2,7,10,True,0.5402362683651997,1,8
100000008730846100,consolidator,0.9,10,0.7712,"получает от 7 разных плательщиков (11 переводов, 155 042 ₸), отдал дальше 234% полученного; до 4 плательщиков в один день",2,False,False,7,3,155042.0,363370.0,11,4,2.343687516930896,0.0005360575471708012,0.0021665664532825608,0.0002490763208134324,0.0001409126051421448,0,1,8,0,False,1.0,4,4
100000004071080100,consolidator,0.9,2,0.7694,"получает от 9 разных плательщиков (16 переводов, 238 600 ₸), отдал дальше 19% полученного; до 2 плательщиков в один день",1,False,False,9,2,238600.0,46500.0,16,5,0.19488683989941324,0.0013690045738923458,0.0002780090525542211,0.009263053492632251,2.813685289696641e-05,1,1,7,1,False,0.8709677419354839,2,12
100000003684369100,coordinator,1.0,3,0.7651,"seed; собирает от 24 плательщ. (3 848 436 ₸), раздаёт 62 получ. (8 588 655 ₸); 3 seed в 2 шагах выше",0,True,False,24,62,3848436.0,8588655.0,58,67,2.2317260830113845,0.0020202912084868667,0.024746163207784545,0.0013537173943347284,0.0023030748381841454,1,3,9,1,False,1.0,6,16
100000003701161100,consolidator,0.65,23,0.7601,"получает от 4 разных плательщиков (13 переводов, 1 527 103 ₸), отдал дальше 23% полученного; до 2 плательщиков в один день",1,False,False,4,3,1527103.0,349000.0,13,7,0.22853730232996727,0.0016488161626324826,2.777311436748236e-06,0.00039351920806451885,0.00021300786524111896,1,2,7,4,False,1.0,2,14
100000003404627100,consolidator,0.75,39,0.7597,"получает от 4 разных плательщиков (5 переводов, 877 700 ₸), отдал дальше 0% полученного; до 3 плательщиков в один день",1,False,False,4,0,877700.0,0.0,5,0,0.0,0.0013785777125656824,0.0,2.8956107200269595e-05,0.0,1,4,11,0,False,0.0,3,2
100000002718366100,consolidator,0.85,5,0.7596,"получает от 6 разных плательщиков (10 переводов, 2 525 000 ₸), отдал дальше 0% полученного; до 3 плательщиков в один день",2,False,False,6,0,2525000.0,0.0,10,0,0.0,0.0006811994866182293,0.0,7.932282833369121e-06,0.0,0,1,9,0,False,0.0,3,5
100000006889963100,consolidator,0.75,6,0.7583,"получает от 4 разных плательщиков (6 переводов, 1 431 000 ₸), отдал дальше 31% полученного; до 4 плательщиков в один день",1,False,False,4,1,1431000.0,443475.8,6,3,0.30990621942697416,0.00042726044416286713,0.0,0.004656079899009918,2.5164650126160102e-05,2,4,11,0,False,1.0,4,3
100000001697501100,distributor,0.88,1,0.7556,"веер: 55 переводов на 38 разных получателей, 1 482 606 ₸; получил от 3 плательщиков",1,False,False,3,38,123700.0,1482606.0,3,55,11.98549717057397,0.0005916045492534869,3.7687350642282193e-11,3.68611605822976e-10,0.00020547828488840964,1,1,1,3,False,0.4582471674875186,1,24
100000002838861100,consolidator,0.7,9,0.755,"получает от 5 разных плательщиков (5 переводов, 554 524 ₸), отдал дальше 2% полученного; до 2 плательщиков в один день",1,False,False,5,1,554523.95,10000.0,5,1,0.018033486200190272,0.002119918647260691,0.0,3.0731959167066825e-05,1.9418391435934565e-05,2,2,8,1,False,0.0,2,5
100000000343175100,coordinator,1.0,10,0.7543,"seed; собирает от 8 плательщ. (178 712 ₸), раздаёт 31 получ. (4 000 039 ₸); 3 seed в 2 шагах выше",0,True,False,8,31,178712.0,4000039.0,14,33,22.382598818210305,0.000713258197938405,0.006589397634695977,0.00028933066034012765,0.0010946926090299827,1,3,7,0,False,1.0,2,13
100000004759121100,consolidator,0.75,2,0.7535,"получает от 6 разных плательщиков (10 переводов, 710 000 ₸), отдал дальше 44% полученного",1,False,False,6,2,710000.0,312000.0,10,6,0.4394366197183099,0.0014151796822407352,0.0,0.010350236562705142,7.7079125189577e-05,1,1,7,1,False,0.5192307692307693,1,14
100000005074393100,consolidator,0.65,11,0.7515,"получает от 4 разных плательщиков (5 переводов, 563 026 ₸), отдал дальше 122% полученного",1,False,False,4,6,563026.0,685500.0,5,10,1.2175281425724567,0.0010600834163353942,2.616706385549215e-06,0.0007322918293795484,0.00021697080226886072,1,2,10,3,False,0.06637490882567469,1,12
100000002224132100,consolidator,0.7,24,0.7476,"получает от 5 разных плательщиков (10 переводов, 3 951 020 ₸), отдал дальше 307% полученного; до 2 плательщиков в один день",2,False,False,5,4,3951020.0,12115000.0,10,25,3.0662968043695047,0.0059957331954744305,5.354472952764298e-248,9.452986171994523e-248,6.241625818693253e-06,0,1,2,8,False,0.7267849773008667,2,15
100000003242289100,distributor,0.73,16,0.7462,"веер: 26 переводов на 23 разных получателей, 2 377 741 ₸; получил от 3 плательщиков",2,False,False,3,23,550791.0,2377741.0,8,26,4.316956885642648,0.0004397217042853967,0.012521217062936569,0.0001920128080448738,0.0010013456094342644,0,1,7,104,True,0.3309300718623265,2,17
100000003741418100,consolidator,0.9,6,0.7456,"получает от 9 разных плательщиков (13 переводов, 151 900 ₸), отдал дальше 26% полученного; до 2 плательщиков в один день",2,False,False,9,3,151900.0,39920.0,13,3,0.2628044766293614,0.0006325013799441044,0.004998687493075439,0.0003401117307589929,5.2754855808308135e-05,0,1,7,1,False,0.0,2,11
100000002741024100,consolidator,0.7,7,0.743,"получает от 5 разных плательщиков (9 переводов, 817 981 ₸), отдал дальше 53% полученного",2,False,False,5,6,817980.85,434989.0,9,7,0.5317838431058625,0.0028551865328902163,0.00012615097703820902,0.0002395946412825676,0.00011868996398086536,0,1,7,3,False,0.06483612229274763,1,12
100000008512552100,consolidator,0.65,16,0.7407,"получает от 4 разных плательщиков (9 переводов, 394 360 ₸), отдал дальше 330% полученного; до 2 плательщиков в один день",2,False,False,4,6,394360.0,1302275.0,9,11,3.3022492139162187,0.00042587881968055106,0.0010030183605543063,0.0003380089109629517,0.00043072956564757015,0,1,7,13,True,1.0,2,11
100000007442518100,consolidator,0.7,31,0.74,"получает от 5 разных плательщиков (8 переводов, 510 000 ₸), отдал дальше 867% полученного",1,False,False,5,9,510000.0,4419999.0,8,12,8.666664705882352,0.0006487732246506228,2.0802215252620644e-05,0.005493256542748975,0.0002522409418157623,1,1,7,1,False,0.8993212441903268,1,13
100000008111003100,consolidator,0.75,3,0.7387,"получает от 6 разных плательщиков (9 переводов, 222 716 ₸), отдал дальше 16% полученного; до 2 плательщиков в один день",2,False,False,6,1,222716.0,35000.0,9,1,0.15715081089818422,0.00046962170073524596,0.0,0.00031517920140079384,0.0008819050437118924,0,1,7,104,True,1.0,2,6
100000005339662100,consolidator,0.65,15,0.7384,"получает от 4 разных плательщиков (9 переводов, 202 939 ₸), отдал дальше 145% полученного; до 2 плательщиков в один день",1,False,False,4,4,202939.0,295160.0,9,15,1.4544271924075707,0.0016567441326948078,0.00012866401985589518,0.00033631553874470944,0.00013962469475849675,1,2,7,3,False,0.7669060848353435,2,12
100000005514161100,consolidator,0.65,8,0.7314,"получает от 4 разных плательщиков (7 переводов, 401 500 ₸), отдал дальше 12% полученного; до 2 плательщиков в один день",1,False,False,4,1,401500.0,50000.0,7,1,0.12453300124533001,0.0008061423847001054,0.0,4.456765666151715e-06,4.042195768296583e-05,1,4,9,0,False,0.0,2,5
100000006518161100,consolidator,0.6,4,0.7279,"получает от 3 разных плательщиков (13 переводов, 594 200 ₸), отдал дальше 100% полученного; до 2 плательщиков в один день",1,False,False,3,2,594200.0,595899.0,13,13,1.002859306630764,0.0008108053328700469,0.0,0.00033358507819737014,5.785888060502952e-05,1,2,7,1,False,0.7147167556918202,2,16
100000001899164100,consolidator,0.65,12,0.7253,"получает от 4 разных плательщиков (5 переводов, 291 675 ₸), отдал дальше 26% полученного; до 2 плательщиков в один день",1,False,False,4,3,291675.0,76500.0,5,3,0.2622782206222679,0.0011765620095510495,7.694746733690466e-298,0.00012720359073815123,0.00012661583803634885,1,2,8,2,False,0.0,2,6
100000007594394100,consolidator,0.75,17,0.7231,"получает от 6 разных плательщиков (6 переводов, 395 385 ₸), отдал дальше 854% полученного; до 2 плательщиков в один день",2,False,False,6,1,395385.0,3376312.0,6,40,8.539302199122375,0.0004055854787031871,0.0012614185857250486,0.004408816306305636,3.6199495962304385e-05,0,1,9,1,False,0.4527164551143378,2,19
100000004221668100,consolidator,0.65,26,0.7231,"получает от 4 разных плательщиков (8 переводов, 1 128 300 ₸), отдал дальше 65% полученного",2,False,False,4,3,1128300.0,731440.0,8,10,0.6482673047948241,0.0030901749053247364,7.694746733690466e-298,2.9664715906839753e-05,4.5573775819030105e-06,0,1,1,3,False,0.9841408727988625,1,13
100000007629096100,consolidator,0.65,7,0.7227,"получает от 4 разных плательщиков (5 переводов, 1 075 170 ₸), отдал дальше 71% полученного; до 2 плательщиков в один день",2,False,False,4,1,1075170.0,765205.0,5,5,0.7117060557865268,0.0024724059471072494,0.00010197759638234088,0.00028463488259411636,1.525730755680573e-05,0,1,7,1,False,0.9346122934377062,2,7
100000005578559100,distributor,0.71,9,0.722,"веер: 23 переводов на 21 разных получателей, 893 164 ₸; получил от 2 плательщиков",2,False,False,2,21,131000.0,893163.67,2,23,6.818043282442749,0.0003910151132301349,3.437992969466377e-05,2.1410008393477952e-06,0.0009667514112443349,0,1,7,1,True,0.4550061916423448,1,12
100000003635170100,consolidator,0.6,34,0.7207,"получает от 3 разных плательщиков (13 переводов, 268 500 ₸), отдал дальше 94% полученного; до 2 плательщиков в один день",1,False,False,3,4,268500.0,253500.0,13,10,0.9441340782122905,0.0011481911115018492,3.051713961844859e-281,0.0001247951629089765,0.00018804136196634596,1,2,8,2,False,1.0,2,14
100000003854444100,distributor,0.64,17,0.7197,"веер: 14 переводов на 14 разных получателей, 2 322 909 ₸; получил от 1 плательщиков",2,False,False,1,14,210000.0,2322909.0,4,14,11.061471428571428,0.00046676162714719263,0.004533216069314704,9.023756758629543e-290,0.0010752598119040178,0,1,7,0,True,0.7448307273337009,1,10
100000005704413100,distributor,0.82,9,0.7192,"веер: 35 переводов на 32 разных получателей, 1 363 593 ₸; получил от 3 плательщиков",3,False,False,3,32,97834.67,1363593.0,4,35,13.9377278014021,0.0005996888032985918,0.00014800832457958856,2.3762159558190916e-06,0.002562756260543509,0,0,7,3,True,0.44522449147216214,2,12
100000002894076100,consolidator,0.75,8,0.7187,"получает от 4 разных плательщиков (6 переводов, 1 122 782 ₸), отдал дальше 0% полученного; до 3 плательщиков в один день",1,False,False,4,0,1122782.0,0.0,6,0,0.0,0.00038267994337591544,0.0,0.00013028097151479494,0.0,2,3,10,0,False,0.0,3,3
100000004159526100,consolidator,0.65,14,0.7183,"получает от 4 разных плательщиков (4 переводов, 275 037 ₸), отдал дальше 25% полученного; до 2 плательщиков в один день",1,False,False,4,4,275037.0,68000.0,4,6,0.24723946232688693,0.0008532026216190936,1.5362965042255266e-289,5.2398962264355216e-05,9.788454458522118e-05,1,2,8,1,False,0.4411764705882353,2,7
100000003016635100,coordinator,1.0,4,0.7176,"seed; собирает от 8 плательщ. (586 981 ₸), раздаёт 73 получ. (9 414 081 ₸); 0 seed в 2 шагах выше; в кольце возвратных потоков (19 циклов)",0,True,False,8,73,586981.0,9414081.0,36,151,16.038135817002594,0.0011896363343877673,0.01584259467759334,1.2490790524899619e-05,0.007215469082446287,0,0,6,19,True,0.9350810769527053,3,21
100000008413748100,distributor,0.68,16,0.7161,"веер: 21 переводов на 18 разных получателей, 1 377 320 ₸; получил от 2 плательщиков",2,False,False,2,18,26480.0,1377320.22,2,21,52.01360347432024,0.00039089149206356923,0.025000180470340697,2.0462099718630714e-05,0.0006247167830790698,0,1,7,85,True,0.3328092576757495,2,5
100000006866783100,coordinator,1.0,2,0.7138,"seed; собирает от 13 плательщ. (838 812 ₸), раздаёт 67 получ. (3 948 037 ₸); 0 seed в 2 шагах выше; в кольце возвратных потоков (886 циклов)",0,True,False,13,67,838812.0,3948037.0,31,90,4.706700667133994,0.0008703719471294018,0.11545872381144652,0.0006837652487614569,0.006045225264012875,0,0,6,886,True,1.0,5,16
100000002605308100,consolidator,0.6,14,0.7104,"получает от 3 разных плательщиков (7 переводов, 2 569 522 ₸), отдал дальше 0% полученного",2,False,False,3,0,2569521.84,0.0,7,0,0.0,0.0008849814697633089,0.0,6.406072749601766e-08,0.0,0,2,11,0,False,0.0,1,3
100000008304139100,distributor,0.74,3,0.7102,"веер: 43 переводов на 24 разных получателей, 1 692 997 ₸; получил от 4 плательщиков",1,False,False,4,24,189329.75,1692997.0,4,43,8.942054801213228,0.0003136180059586537,0.007628711545091382,0.005756709480430894,0.0013103045314002593,1,1,7,290,True,0.28186700862435077,1,24
100000008144528100,consolidator,0.7,4,0.7061,"получает от 5 разных плательщиков (13 переводов, 1 068 203 ₸), отдал дальше 0% полученного; до 2 плательщиков в один день",2,False,False,5,0,1068202.6,0.0,13,0,0.0,0.001055538276590802,0.0,5.4377749993952505e-06,0.0,0,1,7,0,False,0.0,2,4
100000008546855100,consolidator,0.85,17,0.7057,"получает от 6 разных плательщиков (8 переводов, 71 790 ₸), отдал дальше 14% полученного; до 5 плательщиков в один день",2,False,False,6,2,71790.0,10000.0,8,2,0.1392951664577239,0.0014269758891576917,0.0,0.00020714167762174503,5.8849614861964964e-05,0,1,7,2,False,1.0,5,3
100000002175422100,consolidator,0.6,32,0.7037,"получает от 3 разных плательщиков (5 переводов, 68 500 ₸), отдал дальше 2367% полученного; до 2 плательщиков в один день",2,False,False,3,6,68500.0,1621188.0,5,14,23.66697810218978,0.0008458861317816028,0.00254741990800444,4.707131287209005e-295,0.00015871562796105702,0,1,7,3,False,0.497282239937626,2,11
100000000706545100,consolidator,0.6,4,0.703,"получает от 3 разных плательщиков (8 переводов, 1 070 300 ₸), отдал дальше 7% полученного",1,False,False,3,1,1070300.0,75800.0,8,3,0.07082126506586939,0.0032266260404967403,0.0,0.00032227299707843617,1.9616538287321655e-05,1,1,7,1,False,0.0,1,9
100000002731501100,consolidator,0.7,25,0.7017,"получает от 3 разных плательщиков (7 переводов, 570 370 ₸), отдал дальше 146% полученного; до 3 плательщиков в один день",1,False,False,3,7,570370.0,833960.0,7,20,1.4621386117783193,0.0004855839777590129,1.1578010597051478e-178,6.38373224061603e-179,4.4583041562094666e-06,1,1,1,14,False,0.32975202647609,3,17
100000008324800100,consolidator,0.6,70,0.6981,"получает от 3 разных плательщиков (17 переводов, 526 500 ₸), отдал дальше 97% полученного; до 2 плательщиков в один день",2,False,False,3,1,526500.0,511000.0,17,13,0.9705603038936372,0.0018517826355651504,0.0,0.00310698654824192,1.922024458454748e-05,0,1,7,1,False,1.0,2,8
100000008748914100,distributor,0.63,3,0.6952,"веер: 21 переводов на 13 разных получателей, 4 471 847 ₸; получил от 2 плательщиков",1,False,False,2,13,180000.0,4471847.0,9,21,24.843594444444445,0.0007908267344260672,0.0033332683920848723,0.0,0.0006406087705344536,1,1,1,1,False,0.4959248382156187,1,9
100000007382543100,consolidator,0.6,29,0.6947,"получает от 3 разных плательщиков (3 переводов, 218 000 ₸), отдал дальше 196% полученного",2,False,False,3,5,218000.0,427000.0,3,8,1.9587155963302751,0.0011904909010560457,6.211515022315557e-271,3.709399580701474e-09,0.0002444770806890915,0,1,7,2,False,0.234192037470726,1,9
100000008213966100,consolidator,0.6,29,0.6944,"получает от 3 разных плательщиков (7 переводов, 187 004 ₸), отдал дальше 234% полученного",2,False,False,3,1,187004.0,436900.0,7,8,2.336313661739856,0.0019335519524195824,0.0,1.2329059644851427e-256,4.319601360238506e-05,0,1,7,1,False,0.8498512245365072,1,7
100000008560717100,consolidator,0.8,6,0.6943,"получает от 7 разных плательщиков (9 переводов, 529 000 ₸), отдал дальше 5% полученного; до 2 плательщиков в один день",1,False,False,7,1,529000.0,25000.0,9,1,0.04725897920604915,0.0003308341565552128,0.0,0.01233779633246614,1.922024458454748e-05,1,1,7,0,False,0.0,2,8
100000002733905100,consolidator,0.6,1,0.694,"получает от 3 разных плательщиков (5 переводов, 100 000 ₸), отдал дальше 718% полученного; до 2 плательщиков в один день",2,False,False,3,2,100000.0,717839.0,5,3,7.17839,0.0029169603294352297,3.300043693840602e-13,7.753396952778706e-13,1.7833216624837866e-06,0,1,1,2,False,0.3273714579453053,2,5
100000005242320100,distributor,0.71,13,0.6924,"веер: 29 переводов на 21 разных получателей, 8 936 295 ₸; получил от 2 плательщиков",2,False,False,2,21,365700.0,8936295.0,2,29,24.43613617719442,0.000500124131418561,2.035924528607255e-05,4.5210117239422983e-07,2.9722027708063113e-05,0,1,2,0,False,0.19270178524768933,1,16
100000008736940100,consolidator,0.6,44,0.6884,"получает от 3 разных плательщиков (13 переводов, 451 090 ₸), отдал дальше 40% полученного; до 2 плательщиков в один день",1,False,False,3,3,451090.0,182100.0,13,6,0.40368884258130305,0.0024141567490764664,8.027279124223243e-220,6.780056539704108e-220,7.925874055483496e-07,1,1,1,11,False,1.0,2,7
100000008489922100,distributor,0.86,5,0.6869,"веер: 41 переводов на 36 разных получателей, 3 789 900 ₸; получил от 3 плательщиков",3,False,False,3,36,262010.0,3789900.0,5,41,14.464715087210411,0.0005858952858663094,6.847779925443849e-05,3.846397730343789e-06,0.0008721882963004519,0,0,8,6,False,0.2690572310615056,2,15
100000001072022100,consolidator,0.6,3,0.6866,"получает от 3 разных плательщиков (6 переводов, 1 684 000 ₸), отдал дальше 0% полученного; до 2 плательщиков в один день",1,False,False,3,0,1684000.0,0.0,6,0,0.0,0.0005021346766292359,0.0,0.0034634604826792375,0.0,1,3,10,0,False,0.0,2,3
100000001526235100,consolidator,0.6,27,0.6866,"получает от 3 разных плательщиков (4 переводов, 82 000 ₸), отдал дальше 528% полученного",2,False,False,3,8,82000.0,432750.0,4,9,5.277439024390244,0.0008778562267377687,0.00013418598689634488,2.0990113494022816e-08,0.0002566001725462782,0,1,7,3,False,0.1346042749855575,1,11
100000002603769100,consolidator,0.6,2,0.686,"получает от 3 разных плательщиков (3 переводов, 1 185 368 ₸), отдал дальше 0% полученного",1,False,False,3,0,1185368.0,0.0,3,0,0.0,0.0005415388680707105,0.0,0.0033208800765083656,0.0,1,2,7,0,False,0.0,1,3
100000006069103100,consolidator,0.6,4,0.6856,"получает от 3 разных плательщиков (3 переводов, 228 818 ₸), отдал дальше 118% полученного",1,False,False,3,3,228818.0,270000.0,3,4,1.1799770997036947,0.0011516310982681742,1.57847465707e-313,0.00031029936069006635,5.805702745641661e-05,1,1,7,1,False,0.16666666666666666,1,5
100000004070318100,distributor,0.69,2,0.6828,"веер: 37 переводов на 19 разных получателей, 551 860 ₸; получил от 4 плательщиков",1,False,False,4,19,207246.55,551860.0,6,37,2.662818753798314,0.00031412234761755547,0.004977218101410676,0.006655303260447475,0.0020732651297362425,1,1,7,463,True,0.5405972529264669,2,17
100000004394765100,consolidator,0.6,4,0.6812,"получает от 3 разных плательщиков (10 переводов, 603 844 ₸), отдал дальше 14% полученного; до 2 плательщиков в один день",1,False,False,3,2,603844.0,82500.0,10,2,0.13662469114539516,0.0003802754591116205,3.741922476489724e-09,0.0003834877833045727,6.516389452616682e-05,1,2,7,0,False,0.4303030303030303,2,7
100000004351795100,distributor,0.64,2,0.6792,"веер: 37 переводов на 14 разных получателей, 1 715 161 ₸; получил от 3 плательщиков",1,False,False,3,14,118333.0,1715161.0,3,37,14.494359139039828,0.0003135156057452154,0.002775354969020754,0.004015553343662809,0.002428521604147366,1,1,7,206,True,0.37906703802150354,1,19
100000001677929100,consolidator,0.6,8,0.6777,"получает от 3 разных плательщиков (3 переводов, 126 777 ₸), отдал дальше 226% полученного",2,False,False,3,2,126777.0,286098.0,3,4,2.2567027142147236,0.003334091954588855,0.0,1.9273957495756453e-302,1.1888811083225246e-06,0,1,1,2,False,0.27052967864158434,1,6
100000003747133100,consolidator,0.7,50,0.6772,"получает от 5 разных плательщиков (8 переводов, 237 068 ₸), отдал дальше 105% полученного; до 2 плательщиков в один день",2,False,False,5,2,237068.0,250000.0,8,2,1.0545497494389795,0.0003780707341340088,0.0,0.000505669906564451,9.610122292273739e-05,0,1,7,0,False,0.92,2,8
100000002547110100,consolidator,0.85,5,0.6757,"получает от 6 разных плательщиков (10 переводов, 1 500 000 ₸), отдал дальше 0% полученного; до 5 плательщиков в один день",3,False,False,6,0,1500000.0,0.0,10,0,0.0,0.0005516278220472679,0.0,5.89361289133574e-06,0.0,0,0,8,0,False,0.0,5,2
100000005473151100,consolidator,0.6,9,0.6748,"получает от 3 разных плательщиков (4 переводов, 1 220 000 ₸), отдал дальше 18% полученного; до 2 плательщиков в один день",1,False,False,3,4,1220000.0,225000.0,4,6,0.18442622950819673,0.0004682674337196517,1.5362965042255266e-289,6.24798576098583e-06,0.00024159762522697013,1,1,9,1,False,0.9111111111111111,2,4
100000008710791100,distributor,0.73,5,0.6745,"веер: 25 переводов на 23 разных получателей, 5 521 511 ₸; получил от 3 плательщиков",2,False,False,3,23,181510.0,5521511.0,3,25,30.41987218335078,0.00033426219607625717,0.00017282380456581123,1.6641502358935508e-06,0.00031460850776037077,0,1,9,0,False,0.7006958783564862,1,10
100000008637537100,coordinator,0.755,39,0.6738,"seed; собирает от 3 плательщ. (619 890 ₸), раздаёт 3 получ. (2 351 495 ₸); 3 seed в 2 шагах выше",0,True,False,3,3,619890.0,2351495.0,22,30,3.793406894771653,0.0008287331534345293,7.634003570283292e-07,9.450604061316873e-05,7.75353843868499e-05,2,3,9,4,False,1.0,2,15
100000004679953100,consolidator,0.6,7,0.6736,"получает от 3 разных плательщиков (3 переводов, 343 538 ₸), отдал дальше 10% полученного; до 2 плательщиков в один день",1,False,False,3,3,343538.0,34100.0,3,3,0.09926121709970949,0.0003342675529915223,0.0002663927764363924,0.006661874799608856,0.0003542158299202328,1,1,7,6,True,0.624633431085044,2,5
100000001530983100,distributor,0.61,4,0.6725,"веер: 17 переводов на 11 разных получателей, 1 829 538 ₸; получил от 4 плательщиков",1,False,False,4,11,564158.0,1829538.0,4,17,3.24295321523403,0.00035609030999176293,0.00021682600663177617,0.005439666927762407,0.0003320721066079377,2,2,7,0,False,0.15648212827500713,1,12
100000004336312100,consolidator,0.7,35,0.6719,"получает от 3 разных плательщиков (7 переводов, 90 415 ₸), отдал дальше 80% полученного; до 3 плательщиков в один день",2,False,False,3,2,90415.0,72650.0,7,3,0.8035171155228668,0.0006960070275624514,7.688217801056321e-06,1.5169079900881215e-07,3.37840381614984e-05,0,1,7,8,False,0.5182381280110117,3,6
100000001330685100,consolidator,0.6,6,0.6707,"получает от 3 разных плательщиков (7 переводов, 2 435 923 ₸), отдал дальше 4% полученного; до 2 плательщиков в один день",1,False,False,3,1,2435923.0,100500.0,7,1,0.04125746175063826,0.0004382160258847987,0.0,0.0062297628777197725,1.922024458454748e-05,1,1,7,0,False,0.0,2,6
100000007998965100,consolidator,0.7,10,0.6699,"получает от 5 разных плательщиков (7 переводов, 278 000 ₸), отдал дальше 9% полученного; до 2 плательщиков в один день",2,False,False,5,1,278000.0,26000.0,7,3,0.09352517985611511,0.00047192179072512604,0.0,3.056080467676292e-05,1.981468513870874e-05,0,1,8,0,False,0.38461538461538464,2,8
100000006707582100,distributor,0.64,10,0.6697,"веер: 15 переводов на 14 разных получателей, 961 138 ₸; получил от 2 плательщиков",1,False,False,2,14,39520.0,961138.0,2,15,24.320293522267207,0.000538055648514295,0.0012464161468100688,2.292968114368121e-05,0.00036346737439438065,1,1,1,1,False,0.9479783340165512,1,5
100000004135268100,transit,0.851,52,0.6696,"получил 1 239 000 ₸, отдал дальше 81% полученного (3 получ.); 85% суммы ушло за ≤2 дня после поступления",1,False,False,2,3,1239000.0,1000200.0,3,4,0.8072639225181598,0.001740527342257778,1.1601484540645396e-302,0.0,1.1888811083225246e-06,1,1,1,3,False,0.8498300339932013,1,4
100000000490383100,consolidator,0.6,4,0.6694,"получает от 3 разных плательщиков (3 переводов, 62 600 ₸), отдал дальше 737% полученного",2,False,False,3,8,62600.0,461375.0,3,9,7.37020766773163,0.0005480373500605439,0.001313330729632475,2.8139622695424152e-06,5.1650279261567445e-05,0,1,7,0,False,0.01083717149823896,1,9
100000008733194100,consolidator,0.65,11,0.6678,"получает от 4 разных плательщиков (4 переводов, 251 424 ₸), отдал дальше 64% полученного; до 2 плательщиков в один день",2,False,False,4,8,251424.0,159695.0,4,8,0.6351621165839378,0.00047072559440912876,2.2858769586572608e-06,0.0005194385918688935,0.00020045361098198542,0,1,7,1,False,0.711481261154075,2,6
100000003249054100,consolidator,0.8,3,0.6674,"получает от 7 разных плательщиков (11 переводов, 99 700 ₸), отдал дальше 15% полученного; до 2 плательщиков в один день",2,False,False,7,1,99700.0,15000.0,11,1,0.15045135406218657,0.0004314632286065654,0.0,0.0003818540902200089,3.962937027741748e-05,0,1,7,0,False,0.0,2,9
100000005519998100,consolidator,0.6,35,0.6665,"получает от 3 разных плательщиков (5 переводов, 182 000 ₸), отдал дальше 103% полученного",2,False,False,3,3,182000.0,188000.0,5,8,1.032967032967033,0.0006524582538824906,0.0009458228896190618,2.9376474289662784e-07,5.98403491189004e-05,0,1,7,8,False,0.32978723404255317,1,11
100000005778283100,consolidator,0.6,8,0.6661,"получает от 3 разных плательщиков (3 переводов, 615 760 ₸), отдал дальше 0% полученного",1,False,False,3,0,615760.0,0.0,3,0,0.0,0.0004375840554275676,0.0,0.00011357614763293261,0.0,2,3,9,0,False,0.0,1,3
100000003796063100,distributor,0.65,6,0.6659,"веер: 23 переводов на 15 разных получателей, 959 150 ₸; получил от 1 плательщиков",3,False,False,1,15,35000.0,959150.0,1,23,27.404285714285713,0.0006852648705720575,0.0025957794404267947,0.0,0.0011789271739411362,0,0,7,104,True,0.07350258040973778,1,11
100000008258083100,transit,0.786,31,0.665,"получил 3 149 500 ₸, отдал дальше 65% полученного (2 получ.); 76% суммы ушло за ≤2 дня после поступления",2,False,False,2,2,3149500.0,2045650.0,13,6,0.6495157961581204,0.0010500443938968613,1.9464493590210397e-05,4.53936897378202e-05,7.767356574373826e-05,0,1,7,2,False,0.7646713758463081,1,12
100000005612411100,consolidator,0.6,3,0.6647,"получает от 3 разных плательщиков (4 переводов, 115 500 ₸), отдал дальше 439% полученного; до 2 плательщиков в один день",1,False,False,3,8,115500.0,506997.0,4,8,4.389584415584416,0.00032720608268876,9.64348945274253e-232,0.00028074995071175417,0.00015534713148747652,1,2,8,0,False,0.5143955486916096,2,7
100000008389800100,consolidator,0.6,4,0.6645,"получает от 3 разных плательщиков (3 переводов, 189 000 ₸), отдал дальше 212% полученного",2,False,False,3,7,189000.0,401620.0,3,8,2.124973544973545,0.0005050963840560336,0.0005432286656578205,2.582807650312358e-06,0.00015931006851521828,0,1,7,2,False,0.5363278721179224,1,7
100000005140601100,consolidator,0.6,7,0.6644,"получает от 3 разных плательщиков (4 переводов, 52 685 ₸), отдал дальше 371% полученного; до 2 плательщиков в один день",2,False,False,3,2,52685.0,195300.0,4,5,3.706937458479643,0.002705731454703331,0.001624459389168601,0.0016302741740933948,1.9616538287321655e-05,0,1,7,2,False,0.9743983614951357,2,6
100000002723538100,distributor,0.62,7,0.664,"веер: 14 переводов на 12 разных получателей, 560 499 ₸; получил от 3 плательщиков",2,False,False,3,12,105647.0,560499.0,3,14,5.305394379395534,0.0003203131606128599,0.006524988668384622,0.004580930825969762,0.0002908863985638697,0,1,7,61,True,0.5698493663681826,1,11
100000001887715100,consolidator,0.7,21,0.6637,"получает от 3 разных плательщиков (4 переводов, 1 331 500 ₸), отдал дальше 56% полученного; до 3 плательщиков в один день",3,False,False,3,1,1331500.0,750000.0,4,1,0.5632745024408562,0.0007309294553868685,0.0,1.3426258245089674e-06,2.2588741058127966e-05,0,0,9,0,False,1.0,3,1
100000008547844100,distributor,0.69,5,0.6628,"веер: 21 переводов на 19 разных получателей, 2 042 199 ₸; получил от 3 плательщиков",2,False,False,3,19,177600.0,2042199.0,3,21,11.498868243243244,0.0003443380521779434,1.4018979759317405e-05,3.2827464245568193e-06,0.0017876098818035268,0,1,8,8,False,0.40730604608071985,1,11
100000004820260100,transit,0.934,15,0.6625,"получил 234 200 ₸, отдал дальше 92% полученного (3 получ.); 100% суммы ушло за ≤2 дня после поступления",2,False,False,1,3,234200.0,215350.0,12,10,0.9195132365499573,0.0014014565775826975,0.00014648891361967897,2.3977746051981916e-06,1.9616538287321655e-05,0,1,7,2,False,1.0,1,10
100000002939838100,consolidator,0.6,4,0.6607,"получает от 3 разных плательщиков (3 переводов, 571 233 ₸), отдал дальше 0% полученного",1,False,False,3,0,571233.0,0.0,3,0,0.0,0.0004000333621032979,0.0,0.00046898865159777903,0.0,1,4,10,0,False,0.0,1,3
100000003265158100,consolidator,0.6,12,0.6605,"получает от 3 разных плательщиков (3 переводов, 146 100 ₸), отдал дальше 106% полученного",1,False,False,3,2,146100.4,154200.0,3,4,1.055438588806054,0.0003846709844220265,1.5362965042255266e-289,1.9470592245184296e-05,0.00017654884458589488,2,2,9,0,False,1.0,1,3
100000008011159100,consolidator,0.6,40,0.6593,"получает от 3 разных плательщиков (6 переводов, 363 000 ₸), отдал дальше 42% полученного",2,False,False,3,5,363000.0,153037.0,6,5,0.4215895316804408,0.0004861091667224926,0.0013030933309049982,0.00014978498933203193,0.00012211295083857732,0,1,7,1,False,0.3593902128243497,1,7
100000008104567100,consolidator,0.6,9,0.659,"получает от 3 разных плательщиков (3 переводов, 53 550 ₸), отдал дальше 75% полученного",2,False,False,3,3,53550.0,40000.0,3,4,0.7469654528478058,0.0005380423675699459,1.2232102160137048e-06,2.832584982362511e-05,0.0020260185309577375,0,1,7,1,True,0.3,1,5
100000008466579100,distributor,0.67,5,0.6579,"веер: 20 переводов на 17 разных получателей, 1 933 000 ₸; получил от 2 плательщиков",2,False,False,2,17,36952.0,1933000.0,2,20,52.31110630006495,0.0003534138885849357,9.925306094179034e-05,5.411371516673384e-07,0.0005056322361854107,0,1,8,4,False,0.06466632177961718,1,9
100000008751429100,consolidator,0.6,44,0.6576,"получает от 3 разных плательщиков (6 переводов, 386 200 ₸), отдал дальше 19% полученного; до 2 плательщиков в один день",1,False,False,3,1,386200.0,72600.0,6,2,0.1879854997410668,0.0015043129924041134,2.8857651638375855e-220,8.087564773215924e-220,0.0,1,1,1,6,False,1.0,2,5
100000002870463100,consolidator,0.6,8,0.6575,"получает от 3 разных плательщиков (4 переводов, 207 000 ₸), отдал дальше 5% полученного",2,False,False,3,1,207000.0,10000.0,4,1,0.04830917874396135,0.0019299755548282868,0.0,3.173137669684345e-05,1.9418391435934565e-05,0,1,7,1,False,1.0,1,4
100000001609499100,consolidator,0.6,2,0.657,"получает от 3 разных плательщиков (3 переводов, 263 113 ₸), отдал дальше 8% полученного",1,False,False,3,2,263113.0,21000.0,3,2,0.07981361620292422,0.00032091395654925293,0.0005433342905763559,0.006661874799608856,0.0001842231717471561,1,1,7,123,True,0.47619047619047616,1,5
100000004847758100,distributor,0.65,3,0.6558,"веер: 23 переводов на 15 разных получателей, 488 800 ₸; получил от 4 плательщиков",1,False,False,4,15,115171.0,488800.0,4,23,4.244123954815014,0.00030474224834678437,0.008557695512185154,0.006770186694627195,0.0013585891006882083,1,1,7,71,True,0.25777414075286414,1,20
100000004076740100,consolidator,0.6,35,0.6549,"получает от 3 разных плательщиков (5 переводов, 93 250 ₸), отдал дальше 134% полученного",1,False,False,3,6,93250.0,125000.0,5,10,1.3404825737265416,0.0007414546780411359,1.9583614279484253e-07,0.002186652206071545,0.000435160400673932,1,1,7,4,False,0.184,1,12
100000008731444100,consolidator,0.6,7,0.6539,"получает от 3 разных плательщиков (5 переводов, 439 000 ₸), отдал дальше 200% полученного",2,False,False,3,9,439000.0,879767.8,5,9,2.0040268792710707,0.00035336188519380433,0.008642133217145713,0.0002137844118940759,0.0001241168559002798,0,1,7,0,False,0.6956014984863051,1,8
100000003718221100,transit,0.829,23,0.6536,"получил 350 000 ₸, отдал дальше 121% полученного (4 получ.); 80% суммы ушло за ≤2 дня после поступления",2,False,False,2,4,350000.0,423500.0,6,8,1.21,0.001043468286601379,0.00017159714116661846,3.223857173614848e-06,3.923307657464331e-05,0,1,7,4,False,0.8028335301062574,1,11
100000008748408100,distributor,0.71,8,0.6531,"веер: 22 переводов на 21 разных получателей, 1 499 960 ₸; получил от 1 плательщиков",1,False,False,1,21,360000.0,1499960.0,2,22,4.166555555555555,0.00033405459494233067,0.0015411841818193754,4.089589732056224e-05,7.1332866499351465e-06,1,1,1,0,False,0.8743499826662045,1,6
100000002692750100,consolidator,0.6,8,0.653,"получает от 3 разных плательщиков (3 переводов, 112 830 ₸), отдал дальше 68% полученного",2,False,False,3,1,112830.0,77000.0,3,8,0.682442612780289,0.0020142415855483,0.0,2.9188181002026514e-05,1.981468513870874e-05,0,1,7,1,False,0.15584415584415584,1,10
100000004150593100,distributor,0.61,4,0.6521,"веер: 16 переводов на 11 разных получателей, 871 165 ₸; получил от 1 плательщиков",2,False,False,1,11,57000.0,871165.0,2,16,15.28359649122807,0.0003066265725556523,0.002820884911939752,2.603644808281309e-06,0.00022164097899513536,0,1,7,4,True,0.815867258211705,1,7
100000002781227100,transit,0.852,64,0.6511,"получил 191 168 ₸, отдал дальше 111% полученного (3 получ.); 81% суммы ушло за ≤2 дня после поступления",1,False,False,2,3,191167.62,212420.0,8,10,1.1111714421092862,0.0023265921896669563,2.655928868377595e-06,0.0,0.00013295653728073565,1,1,1,1,False,0.8116938141417945,1,10
100000003004487100,consolidator,0.65,32,0.6507,"получает от 4 разных плательщиков (9 переводов, 183 703 ₸), отдал дальше 144% полученного; до 2 плательщиков в один день",1,False,False,4,2,183702.8,265015.0,9,3,1.4426290726107605,0.0003508724817163427,2.7367980912499234e-295,0.005747752284258113,0.00019279688639963605,1,1,7,1,False,0.9245325736279079,2,9
100000004707703100,transit,0.899,4,0.6507,"получил 239 300 ₸, отдал дальше 97% полученного (5 получ.); 89% суммы ушло за ≤2 дня после поступления",1,False,False,2,5,239300.0,231650.0,3,6,0.9680317592979524,0.0006355624384346348,1.8524941883367802e-256,0.0002976021605979045,0.00010710478506958707,1,1,7,0,False,0.8892726095402547,1,6
100000006977207100,distributor,0.65,20,0.6499,"веер: 15 переводов на 15 разных получателей, 4 157 018 ₸; получил от 1 плательщиков",2,False,False,1,15,414000.0,4157018.0,1,15,10.041106280193237,0.00034788547570970175,0.004258462505327504,6.211858071745701e-05,3.277348921942426e-05,0,1,1,0,False,0.0,1,11
100000005910114100,distributor,0.69,7,0.6471,"веер: 56 переводов на 19 разных получателей, 1 469 993 ₸; получил от 3 плательщиков",3,False,False,3,19,326144.0,1469993.0,3,56,4.507190075549451,0.0003616504127742257,0.0049211322676943735,0.004303148994827794,0.005842206056572956,0,0,7,255,True,0.42215711231277975,1,20
100000001330595100,consolidator,0.6,25,0.6461,"получает от 3 разных плательщиков (6 переводов, 87 000 ₸), отдал дальше 177% полученного; до 2 плательщиков в один день",2,False,False,3,1,87000.0,154000.0,6,1,1.7701149425287357,0.0006755694259219613,0.0,5.569757656868242e-179,1.1888811083225246e-06,0,1,1,0,False,0.0,2,6
100000001303311100,consolidator,0.8,21,0.6456,"получает от 5 разных плательщиков (5 переводов, 1 324 000 ₸), отдал дальше 0% полученного; до 4 плательщиков в один день",3,False,False,5,0,1324000.0,0.0,5,0,0.0,0.0005016994290161643,0.0,3.913903091448022e-06,0.0,0,0,9,0,False,0.0,4,2
100000006844768100,transit,0.83,2,0.6456,"получил 282 000 ₸, отдал дальше 67% полученного (2 получ.); 87% суммы ушло за ≤2 дня после поступления",2,False,False,1,2,282000.0,188000.0,5,5,0.6666666666666666,0.0013707774167539043,0.004440547042738459,0.0,3.883678287186913e-05,0,1,7,1,False,0.8670212765957447,1,9
100000006734214100,consolidator,0.7,6,0.645,"получает от 5 разных плательщиков (10 переводов, 610 000 ₸), отдал дальше 6% полученного; до 2 плательщиков в один день",3,False,False,5,3,610000.0,36000.0,10,4,0.05901639344262295,0.0006063901366273082,1.57847465707e-313,0.008009424241736236,5.9444055416126226e-05,0,0,7,0,False,0.7222222222222222,2,11
100000001253557100,consolidator,0.7,5,0.6444,"получает от 5 разных плательщиков (5 переводов, 210 200 ₸), отдал дальше 0% полученного",1,False,False,5,0,210200.0,0.0,5,0,0.0,0.00035106592298765355,0.0,4.141702082892394e-05,0.0,1,2,10,0,False,0.0,1,5
100000000076451100,consolidator,0.6,15,0.6443,"получает от 3 разных плательщиков (4 переводов, 87 707 ₸), отдал дальше 66% полученного; до 2 плательщиков в один день",2,False,False,3,4,87707.0,58000.0,4,4,0.661292713238396,0.0013962008641423944,1.5362965042255266e-289,3.6251435860713816e-05,9.76863977338341e-05,0,1,7,2,False,0.25862068965517243,2,6
100000004180097100,consolidator,0.6,2,0.6435,"получает от 3 разных плательщиков (5 переводов, 104 854 ₸), отдал дальше 46% полученного",1,False,False,3,3,104854.0,47800.0,5,7,0.4558719743643542,0.0008565318930578581,7.623100905825776e-06,0.002186648712414723,0.0003136664657457594,1,1,7,3,False,0.8577405857740585,1,6
100000006972210100,consolidator,0.6,9,0.6433,"получает от 3 разных плательщиков (4 переводов, 488 775 ₸), отдал дальше 0% полученного",1,False,False,3,0,488775.0,0.0,4,0,0.0,0.000346296000353762,0.0,0.00018644330290532843,0.0,3,4,8,0,False,0.0,1,4
100000007639767100,distributor,0.6,7,0.6432,"веер: 13 переводов на 10 разных получателей, 822 244 ₸; получил от 4 плательщиков",1,False,False,4,10,90913.0,822244.0,4,13,9.044295095310902,0.000301440039227222,0.0025974458856988735,0.00602593904792015,0.002511221199648504,1,1,7,590,True,0.0951663982953965,1,12
100000002748532100,consolidator,0.6,21,0.643,"получает от 3 разных плательщиков (3 переводов, 355 575 ₸), отдал дальше 182% полученного",2,False,False,3,2,355575.0,646685.0,3,7,1.8187021022287844,0.0003391055199443405,8.503611229211759e-07,2.527098166395474e-05,3.110905566777272e-05,0,1,9,0,False,0.0,1,7
100000003509750100,consolidator,0.6,8,0.6423,"получает от 3 разных плательщиков (4 переводов, 82 290 ₸), отдал дальше 95% полученного",2,False,False,3,3,82290.0,78400.0,4,5,0.9527281565196257,0.001687048026555684,1.57847465707e-313,2.9184388860920756e-05,1.981468513870874e-06,0,1,1,2,False,0.7448979591836735,1,7
100000002173161100,consolidator,0.6,4,0.642,"получает от 3 разных плательщиков (5 переводов, 1 427 500 ₸), отдал дальше 0% полученного; до 2 плательщиков в один день",1,False,False,3,0,1427500.0,0.0,5,0,0.0,0.0004354146921033433,0.0,0.00030118260809640634,0.0,1,1,9,0,False,0.0,2,3
100000002443664100,consolidator,0.7,13,0.6414,"получает от 3 разных плательщиков (3 переводов, 556 880 ₸), отдал дальше 0% полученного; до 3 плательщиков в один день",2,False,False,3,0,556880.0,0.0,3,0,0.0,0.0003387703864093913,0.0,1.0691092812067203e-06,0.0,0,1,9,0,False,0.0,3,1
100000004386258100,consolidator,0.6,12,0.6409,"получает от 3 разных плательщиков (3 переводов, 61 700 ₸), отдал дальше 65% полученного; до 2 плательщиков в один день",2,False,False,3,3,61700.0,40000.0,3,3,0.6482982171799028,0.0005336690126056149,1.57847465707e-313,2.707127027588863e-289,0.00012047328564334914,0,2,9,2,False,0.75,2,3
100000006443391100,consolidator,0.6,9,0.6392,"получает от 3 разных плательщиков (7 переводов, 86 776 ₸), отдал дальше 69% полученного",1,False,False,3,2,86775.93,60041.71000000001,7,6,0.6919166409394865,0.0024195077535015437,0.0,2.3115979173654374e-05,1.1888811083225246e-06,1,1,1,2,False,0.8944885147341739,1,8
100000001282143100,consolidator,0.8,13,0.6387,"получает от 5 разных плательщиков (6 переводов, 1 700 000 ₸), отдал дальше 0% полученного; до 4 плательщиков в один день",3,False,False,5,0,1700000.0,0.0,6,0,0.0,0.00040176306143270535,0.0,7.822619589386979e-06,0.0,0,0,10,0,False,0.0,4,3
100000004603109100,consolidator,0.6,24,0.6382,"получает от 3 разных плательщиков (8 переводов, 2 730 000 ₸), отдал дальше 15% полученного; до 2 плательщиков в один день",3,False,False,3,2,2730000.0,400000.0,8,2,0.14652014652014653,0.0031783652796316926,5.703687675028197e-248,4.809448994478409e-248,6.93513979854806e-07,0,0,2,6,False,1.0,2,6
100000008743913100,distributor,0.63,21,0.6379,"веер: 13 переводов на 13 разных получателей, 1 850 600 ₸; получил от 3 плательщиков",2,False,False,3,13,149300.0,1850600.0,3,13,12.395177494976558,0.00033210781237653756,1.909819121278533e-05,2.284513749508922e-06,0.00030606507803785635,0,1,9,0,False,0.44796282286825895,2,6
100000003616818100,consolidator,0.6,25,0.6371,"получает от 3 разных плательщиков (4 переводов, 78 000 ₸), отдал дальше 308% полученного",1,False,False,3,3,78000.0,240100.0,4,8,3.0782051282051284,0.0005130034108689024,3.6683131812116196e-179,6.38373224061603e-179,1.981468513870874e-06,1,1,1,14,False,0.0,1,9
100000004144536100,consolidator,0.65,25,0.6365,"получает от 4 разных плательщиков (6 переводов, 168 000 ₸), отдал дальше 0% полученного; до 2 плательщиков в один день",1,False,False,4,0,168000.0,0.0,6,0,0.0,0.0009685966718954048,0.0,7.398865094998886e-179,0.0,1,1,1,0,False,0.0,2,5
100000008172352100,consolidator,0.6,33,0.635,"получает от 3 разных плательщиков (3 переводов, 90 265 ₸), отдал дальше 321% полученного; до 2 плательщиков в один день",1,False,False,3,7,90265.0,289510.0,3,8,3.207333961114496,0.00037526567278554397,1.4911453257344772e-240,0.0001210116098875871,0.00018673359274719116,1,1,8,0,False,0.7666747262616145,2,6
100000006788200100,consolidator,0.65,8,0.6349,"получает от 4 разных плательщиков (4 переводов, 272 156 ₸), отдал дальше 24% полученного",1,False,False,4,3,272155.8,64500.0,4,4,0.23699660268125833,0.00033716343435244255,1.2623492366549998e-05,0.004712143413344422,9.689381032828575e-05,1,1,7,0,False,0.0,1,8
100000008094734100,consolidator,0.65,2,0.6343,"получает от 4 разных плательщиков (4 переводов, 236 249 ₸), отдал дальше 0% полученного",1,False,False,4,0,236249.0,0.0,4,0,0.0,0.0003441360031889836,0.0,0.0023354655514859616,0.0,2,3,8,0,False,0.0,1,4
100000000201868100,transit,0.95,4,0.6334,"получил 190 000 ₸, отдал дальше 100% полученного (1 получ.); 100% суммы ушло за ≤2 дня после поступления",2,False,False,1,1,190000.0,190000.0,1,1,1.0,0.0009746432509228604,0.00013207133011305922,1.23619985386e-313,0.0,0,1,7,1,False,1.0,1,2
100000005382566100,consolidator,0.8,19,0.6333,"seed; получает от 7 разных плательщиков (11 переводов, 393 066 ₸); до 2 плательщиков в один день",0,True,False,7,1,393066.0,50000.0,11,1,0.12720510041570626,0.002113262052157115,0.0,1.0820737657288771e-06,4.6366363224578456e-05,6,6,14,1,False,1.0,2,7
100000003071930100,consolidator,0.6,9,0.6326,"получает от 3 разных плательщиков (4 переводов, 477 610 ₸), отдал дальше 1% полученного",1,False,False,3,1,477610.0,5000.0,4,1,0.010468792529469651,0.0003483674806474176,0.0,0.00014631329867862306,4.279971989961088e-05,1,1,8,0,False,1.0,1,5
100000001872484100,transit,0.687,56,0.6321,"получил 871 400 ₸, отдал дальше 59% полученного (3 получ.); 55% суммы ушло за ≤2 дня после поступления",1,False,False,1,3,871400.0,514580.0,13,9,0.5905210006885472,0.0022739787649245797,1.1601484540645396e-302,0.0,5.944405541612623e-07,1,1,1,2,False,0.5464262116677678,1,18
100000003134934100,consolidator,0.65,7,0.6302,"получает от 4 разных плательщиков (4 переводов, 379 354 ₸), отдал дальше 0% полученного; до 2 плательщиков в один день",2,False,False,4,0,379354.0,0.0,4,0,0.0,0.0004244791138523046,0.0,0.0019927140045239047,0.0,0,1,9,0,False,0.0,2,3
100000008512827100,distributor,0.6,13,0.6295,"веер: 10 переводов на 10 разных получателей, 1 944 500 ₸; получил от 3 плательщиков",2,False,False,3,10,107949.0,1944500.0,3,10,18.01313583266172,0.0003352561979240575,0.00014596924142267682,3.91180715511156e-07,0.00013726544500137548,0,1,9,0,False,0.7986628953458472,1,8
100000004160650100,distributor,0.6,25,0.629,"веер: 40 переводов на 10 разных получателей, 1 489 827 ₸; получил от 2 плательщиков",2,False,False,2,10,75100.0,1489827.0,4,40,19.83790945406125,0.0003692276667102102,2.1922624762908352e-178,2.3673077947799534e-179,5.34996498745136e-06,0,1,1,16,False,0.8165223210480143,1,16
100000002645609100,consolidator,0.65,2,0.6289,"получает от 4 разных плательщиков (5 переводов, 546 821 ₸), отдал дальше 0% полученного",1,False,False,4,0,546820.6799999999,0.0,5,0,0.0,0.00035535788312599583,0.0,0.005933623342556145,0.0,1,1,7,0,False,0.0,1,5
100000005527892100,consolidator,0.6,20,0.6264,"получает от 3 разных плательщиков (3 переводов, 220 001 ₸), отдал дальше 251% полученного",1,False,False,3,8,220001.0,552419.0,3,8,2.510984040981632,0.00031243167214621076,3.0608801804672296e-06,0.0030873351541898905,0.0004955713375099349,1,1,8,0,False,0.6232949989048168,1,8
100000008723830100,transit,0.948,4,0.6255,"получил 459 785 ₸, отдал дальше 99% полученного (1 получ.); 100% суммы ушло за ≤2 дня после поступления",1,False,False,2,1,459785.0,455000.0,2,1,0.9895929619278576,0.0003402309877065733,0.0,0.00031971674999889816,1.9616538287321655e-05,1,1,7,0,False,1.0,1,3
100000001162560100,distributor,0.62,9,0.6235,"веер: 14 переводов на 12 разных получателей, 2 904 398 ₸; получил от 1 плательщиков",1,False,False,1,12,331300.0,2904398.0,2,14,8.76667069121642,0.00032114870693118253,2.6898545958973623e-05,2.274780450186003e-05,2.972202770806311e-06,1,1,1,0,False,0.1497315450568414,1,9
100000002371751100,transit,0.9,63,0.6234,"получил 200 000 ₸, отдал дальше 125% полученного (1 получ.); 100% суммы ушло за ≤2 дня после поступления",1,False,False,1,1,200000.0,250000.0,5,1,1.25,0.0005285862410602082,0.0,0.0,1.981468513870874e-07,1,1,1,0,False,1.0,1,4
100000000291906100,transit,0.682,54,0.6229,"получил 388 000 ₸, отдал дальше 117% полученного (2 получ.); 42% суммы ушло за ≤2 дня после поступления",2,False,False,2,2,388000.0,455854.0,3,6,1.1748814432989692,0.0007629373053537487,0.0,0.0,7.806985944651244e-05,0,1,7,1,False,0.4186735226629579,1,7
100000005507142100,consolidator,0.6,37,0.6224,"получает от 3 разных плательщиков (3 переводов, 51 000 ₸), отдал дальше 196% полученного",2,False,False,3,3,51000.0,100000.0,3,4,1.9607843137254901,0.000558950097758131,1.57847465707e-313,3.92137610644084e-281,4.5573775819030105e-06,0,1,1,2,False,0.0,1,7
100000000489417100,consolidator,0.6,11,0.6221,"получает от 3 разных плательщиков (3 переводов, 73 504 ₸), отдал дальше 109% полученного; до 2 плательщиков в один день",2,False,False,3,1,73504.0,80000.0,3,1,1.0883761427949499,0.0005517574141078733,0.001372734367740615,0.00014228959423895219,1.4045481435864877e-05,0,1,7,0,False,1.0,2,2
100000005584222100,transit,0.807,2,0.6219,"получил 192 717 ₸, отдал дальше 56% полученного (2 получ.); 86% суммы ушло за ≤2 дня после поступления",1,False,False,2,2,192717.0,108587.0,6,3,0.5634531463233653,0.0008759174247919279,0.0,0.002168884981622403,3.863863602048205e-05,1,1,7,1,False,0.8618619171724056,1,6
100000003988112100,transit,0.764,19,0.6206,"получил 92 000 ₸, отдал дальше 70% полученного (1 получ.); 69% суммы ушло за ≤2 дня после поступления",2,False,False,1,1,92000.0,64000.0,2,5,0.6956521739130435,0.0005045477365705099,0.0009433664921267842,1.8751204579046785e-06,0.0,0,2,7,1,True,0.6875,1,3
100000004948177100,consolidator,0.6,4,0.6169,"получает от 3 разных плательщиков (8 переводов, 437 163 ₸), отдал дальше 0% полученного",1,False,False,3,0,437163.0,0.0,8,0,0.0,0.00042215807154897264,0.0,0.00032984032534489526,0.0,1,1,7,0,False,0.0,1,7
100000006579678100,transit,0.35,4,0.6147,отдал 1 668 800 ₸ при видимых входящих 192 930 ₸ — есть поступления вне выгрузки; 12% суммы ушло за ≤2 дня после поступления,1,False,False,2,6,192930.0,1668800.0,2,15,8.649769346395066,0.0006256438748763364,1.0087891188080473e-05,0.0002976021605979045,0.0004489435551961264,1,1,7,2,True,0.12080536912751678,1,6
100000002849158100,consolidator,0.7,5,0.6142,"получает от 3 разных плательщиков (3 переводов, 723 000 ₸), отдал дальше 182% полученного; до 3 плательщиков в один день",3,False,False,3,1,723000.0,1313000.0,3,3,1.8160442600276625,0.00033624556849174277,0.0,7.907221763538625e-06,2.2786887909515052e-05,0,0,9,0,False,0.5506473724295506,3,3
100000003880331100,distributor,0.66,7,0.6129,"веер: 31 переводов на 16 разных получателей, 3 904 908 ₸; получил от 1 плательщиков",3,False,False,1,16,100000.0,3904908.0,1,31,39.04908,0.0003076581045462558,0.006098820271464862,0.0001302803722324665,0.0006596540844331799,0,0,7,21,True,0.4467150058336842,1,8
100000005171642100,transit,0.931,26,0.6118,"получил 696 800 ₸, отдал дальше 98% полученного (1 получ.); 96% суммы ушло за ≤2 дня после поступления",3,False,False,2,1,696800.0,683600.0,5,4,0.9810562571756601,0.0027671822247582792,1.2626060455070011e-05,8.085030393836755e-298,3.962937027741748e-07,0,0,1,2,False,0.96255119953189,1,7
100000003299365100,transit,0.95,3,0.6076,"получил 200 000 ₸, отдал дальше 100% полученного (1 получ.); 100% суммы ушло за ≤2 дня после поступления",1,False,False,1,1,200000.0,200000.0,1,1,1.0,0.0003256165809697203,0.0005761766845712224,0.0004611679456476809,0.0,1,2,10,1,False,1.0,1,1
100000005830339100,consolidator,0.7,3,0.6067,"получает от 5 разных плательщиков (12 переводов, 476 341 ₸), отдал дальше 71% полученного",3,False,False,5,1,476341.0,339251.0,12,1,0.7122019729563485,0.00036360006135440447,0.00019785421761571372,0.007245940839901688,3.7978146515858416e-06,0,0,7,0,False,0.0,1,12
100000003834495100,consolidator,0.6,2,0.6038,"получает от 3 разных плательщиков (5 переводов, 602 441 ₸), отдал дальше 3% полученного; до 2 плательщиков в один день",3,False,False,3,1,602441.0,20000.0,5,1,0.0331982716979754,0.0006208601664329539,0.0004856338950625699,0.0022879939909000255,2.871714010460002e-06,0,0,7,0,False,1.0,2,4
100000001126374100,consolidator,0.65,2,0.6032,"получает от 4 разных плательщиков (7 переводов, 182 500 ₸), отдал дальше 16% полученного",1,False,False,4,2,182500.0,29200.0,7,4,0.16,0.0003135004104490038,0.0,0.006302312840737633,3.923307657464331e-05,1,1,7,0,False,0.7534246575342466,1,9
100000004005964100,consolidator,0.6,25,0.6028,"получает от 3 разных плательщиков (9 переводов, 97 900 ₸), отдал дальше 74% полученного",1,False,False,3,3,97900.0,72000.0,9,5,0.7354443309499489,0.00040452469148817213,8.18933144166518e-179,5.681750443300856e-179,4.953671284677185e-07,1,1,1,16,False,0.625,1,9
100000003528285100,consolidator,0.65,3,0.6026,"получает от 4 разных плательщиков (5 переводов, 118 870 ₸), отдал дальше 461% полученного",3,False,False,4,4,118870.0,548000.0,5,6,4.6100782367292,0.00040427564554845465,0.0006432388197383262,0.004721828012250741,0.00011504626015844327,0,0,7,0,False,0.6204379562043796,1,9
100000003159641100,consolidator,0.65,60,0.6023,"получает от 4 разных плательщиков (7 переводов, 64 000 ₸), отдал дальше 309% полученного",2,False,False,4,1,64000.0,197800.0,7,1,3.090625,0.0003052153968344313,0.0,0.0014254345091357394,5.8849614861964964e-05,0,1,7,0,False,1.0,1,5
100000001965374100,transit,0.504,24,0.6018,"получил 1 759 720 ₸, отдал дальше 175% полученного (3 получ.); 26% суммы ушло за ≤2 дня после поступления",2,False,False,2,3,1759720.0,3082100.0,8,5,1.7514718250630783,0.001281655626060873,1.57847465707e-313,2.0634130748036925e-248,1.5851748110966993e-06,0,1,1,1,False,0.2615100094091691,2,9
100000008443341100,transit,0.708,2,0.6017,"получил 34 500 ₸, отдал дальше 145% полученного (3 получ.); 62% суммы ушло за ≤2 дня после поступления",1,False,False,2,3,34500.0,50000.0,2,4,1.4492753623188406,0.0006689699930486659,0.00024016147901198868,0.002168884981622403,0.00036009896241195655,1,1,7,35,True,0.62,1,4
100000005665181100,distributor,0.61,6,0.6013,"веер: 11 переводов на 11 разных получателей, 181 915 ₸; получил от 4 плательщиков",2,False,False,4,11,45498.0,181915.0,5,11,3.998307617917271,0.0003985397345805535,0.005738503240948388,0.00013215553688176565,0.0002683210247526526,0,1,7,1,False,0.07695901932221093,2,7
100000000011452100,consolidator,0.6,2,0.6003,"получает от 3 разных плательщиков (7 переводов, 110 000 ₸), отдал дальше 15% полученного",1,False,False,3,1,110000.0,16685.0,7,2,0.1516818181818182,0.0004768640252326481,0.0006938863107634386,0.0037863665901023097,3.368496473580486e-06,1,1,7,1,False,1.0,1,7
100000005546031100,consolidator,0.6,46,0.5994,"получает от 3 разных плательщиков (6 переводов, 66 800 ₸), отдал дальше 12% полученного; до 2 плательщиков в один день",1,False,False,3,1,66800.0,8000.0,6,1,0.11976047904191617,0.0007125289535173747,0.0,3.0811822988060116e-283,5.944405541612623e-07,1,1,1,1,False,1.0,2,4
100000001616816100,consolidator,0.7,8,0.5972,"seed; получает от 5 разных плательщиков (12 переводов, 176 195 ₸)",0,True,False,5,3,176195.0,181326.0,12,10,1.0291211441868384,0.002434657190684458,2.187037192193137e-05,4.749001296107421e-07,0.00010470096527690845,0,2,10,2,False,0.6939214453525694,1,12
100000002738256100,transit,0.917,52,0.5958,"получил 150 200 ₸, отдал дальше 117% полученного (1 получ.); 100% суммы ушло за ≤2 дня после поступления",2,False,False,1,1,150200.0,175000.0,1,1,1.1651131824234353,0.0005073102992973039,0.0,7.983534595344914e-303,0.0,0,1,1,1,False,1.0,1,2
100000007229557100,consolidator,0.7,21,0.5939,"получает от 3 разных плательщиков (3 переводов, 878 000 ₸), отдал дальше 0% полученного; до 3 плательщиков в один день",3,False,False,3,0,878000.0,0.0,3,0,0.0,0.00039420933069834953,0.0,4.866928063855119e-06,0.0,0,0,9,0,False,0.0,3,1
100000002956769100,consolidator,0.7,13,0.5911,"получает от 3 разных плательщиков (3 переводов, 840 000 ₸), отдал дальше 0% полученного; до 3 плательщиков в один день",3,False,False,3,0,840000.0,0.0,3,0,0.0,0.00038478275617858006,0.0,3.2631504932165773e-06,0.0,0,0,9,0,False,0.0,3,1
100000002369874100,consolidator,0.75,5,0.5892,"получает от 4 разных плательщиков (4 переводов, 600 000 ₸), отдал дальше 0% полученного; до 4 плательщиков в один день",3,False,False,4,0,600000.0,0.0,4,0,0.0,0.00033734785491165925,0.0,8.238181655849329e-06,0.0,0,0,9,0,False,0.0,4,1
100000008710843100,distributor,0.63,21,0.5892,"веер: 14 переводов на 13 разных получателей, 1 985 500 ₸; получил от 2 плательщиков",2,False,False,2,13,33944.0,1985500.0,3,14,58.49340089559274,0.00029287559446499275,6.923621637675703e-05,4.96819866061767e-05,0.0012357500791213899,0,1,8,4,False,0.007554772097708386,1,12
100000002527114100,distributor,1.0,1,0.5886,"seed; веер: 113 переводов на 111 разных получателей, 3 289 249 ₸; получил от 3 плательщиков",0,True,False,3,111,129000.0,3289249.0,4,113,25.49805426356589,0.0008111056953132627,2.945275148755155e-09,7.753396952778706e-13,0.00019339132695379732,0,0,0,3,False,0.4463742331456208,1,25
100000002793881100,consolidator,0.7,5,0.5878,"получает от 3 разных плательщиков (3 переводов, 785 600 ₸), отдал дальше 0% полученного; до 3 плательщиков в один день",3,False,False,3,0,785600.0,0.0,3,0,0.0,0.0003750831470797382,0.0,5.277513591195042e-06,0.0,0,0,9,0,False,0.0,3,1
100000008244300100,consolidator,0.7,6,0.5874,"получает от 5 разных плательщиков (6 переводов, 65 430 ₸), отдал дальше 0% полученного",1,False,False,5,0,65430.0,0.0,6,0,0.0,0.000479365914728666,0.0,0.00015744283423145902,0.0,1,1,8,0,False,0.0,1,6
100000000089154100,distributor,0.65,3,0.5869,"веер: 21 переводов на 15 разных получателей, 425 500 ₸; получил от 1 плательщиков",1,False,False,1,15,10000.0,425500.0,1,21,42.55,0.0002874458184490932,0.0028494327783688002,0.0021516815362503513,0.00010895478461069696,1,1,7,57,True,0.27379553466509987,1,10
100000000791285100,transit,0.848,28,0.5853,"получил 1 120 000 ₸, отдал дальше 58% полученного (3 получ.); 95% суммы ушло за ≤2 дня после поступления",3,False,False,1,3,1120000.0,650000.0,2,3,0.5803571428571429,0.0005664343010128592,2.1645154003328663e-06,2.8321519604650354e-232,3.883678287186913e-05,0,0,7,1,False,0.9538461538461539,1,2
100000005610717100,consolidator,0.65,2,0.5834,"получает от 4 разных плательщиков (6 переводов, 484 500 ₸), отдал дальше 55% полученного",3,False,False,4,1,484500.0,265200.0,6,7,0.5473684210526316,0.00034454483671221423,0.0,0.008115801270243911,1.922024458454748e-05,0,0,7,0,False,0.8378582202111614,1,8
100000002193259100,transit,0.784,12,0.5813,"получил 48 000 ₸, отдал дальше 121% полученного (3 получ.); 69% суммы ушло за ≤2 дня после поступления",2,False,False,2,3,48000.0,58000.0,2,3,1.2083333333333333,0.0008908421386694424,5.5013827568402305e-05,8.085030393836755e-298,6.43977267008034e-05,0,1,8,2,False,0.6896551724137931,1,4
100000004997515100,consolidator,0.65,5,0.581,"получает от 4 разных плательщиков (4 переводов, 395 000 ₸), отдал дальше 14% полученного",3,False,False,4,4,395000.0,54500.0,4,4,0.1379746835443038,0.0003566158833194684,1.5362965042255266e-289,2.331062061286473e-06,8.956237682696351e-05,0,0,9,0,False,0.0,1,8
100000007138613100,consolidator,0.6,2,0.5804,"получает от 3 разных плательщиков (3 переводов, 1 002 000 ₸), отдал дальше 18% полученного",3,False,False,3,2,1002000.0,179000.0,3,2,0.17864271457085829,0.0003541752272666083,0.0,0.006007009741788715,3.883678287186913e-05,0,0,7,0,False,0.0,1,5
100000003158727100,consolidator,0.6,8,0.5788,"получает от 3 разных плательщиков (3 переводов, 367 940 ₸), отдал дальше 0% полученного; до 2 плательщиков в один день",1,False,False,3,0,367940.0,0.0,3,0,0.0,0.00031412912735274626,0.0,7.583777349442187e-06,0.0,1,1,9,0,False,0.0,2,2
100000002480800100,terminal,0.714,3,0.5779,"получил 569 251 ₸ от 2 плательщ. (2 переводов), дальше ничего (колено 1, исходящие выгружены — обрыва нет)",1,False,False,2,0,569251.0,0.0,2,0,0.0,0.0006410781031176427,0.0,0.00046485514443924406,0.0,1,2,10,0,False,0.0,2,1
100000001463701100,terminal,0.724,10,0.5771,"получил 621 000 ₸ от 2 плательщ. (2 переводов), дальше ничего (колено 1, исходящие выгружены — обрыва нет)",1,False,False,2,0,621000.0,0.0,2,0,0.0,0.0005722109368497137,0.0,0.00012378142678217807,0.0,1,2,8,0,False,0.0,2,1
100000003054328100,transit,0.859,13,0.5756,"получил 140 000 ₸, отдал дальше 138% полученного (2 получ.); 96% суммы ушло за ≤2 дня после поступления",2,False,False,1,2,140000.0,193720.0,1,2,1.3837142857142857,0.00033590915011809754,0.0,4.0882452251176484e-08,7.925874055483496e-07,0,1,1,0,False,0.9638653727028701,1,2
100000001411870100,terminal,0.78,8,0.5749,"получил 900 000 ₸ от 2 плательщ. (4 переводов), дальше ничего (колено 1, исходящие выгружены — обрыва нет)",1,False,False,2,0,900000.0,0.0,4,0,0.0,0.0004780448174649528,0.0,4.200664014254977e-05,0.0,1,2,2,0,False,0.0,1,2
100000006225798100,consolidator,0.6,16,0.5745,"получает от 3 разных плательщиков (4 переводов, 722 000 ₸), отдал дальше 4% полученного",3,False,False,3,2,722000.0,26300.0,4,2,0.03642659279778394,0.00035996892038230857,0.0,0.006079300105072011,3.844048916909496e-05,0,0,7,0,False,0.0,1,5
100000002679516100,consolidator,0.6,12,0.5743,"получает от 3 разных плательщиков (3 переводов, 102 335 ₸), отдал дальше 0% полученного",1,False,False,3,0,102335.0,0.0,3,0,0.0,0.00032682549707084964,0.0,0.00015523710952200948,0.0,1,2,10,0,False,0.0,1,3
100000001236706100,consolidator,0.6,11,0.5737,"получает от 3 разных плательщиков (3 переводов, 142 700 ₸), отдал дальше 25% полученного; до 2 плательщиков в один день",3,False,False,3,2,142700.0,36000.0,3,2,0.25227750525578135,0.0007662915221773794,0.0,0.0032252162247669866,3.923307657464331e-05,0,0,7,0,False,0.0,2,4
100000001875239100,consolidator,0.7,5,0.5733,"получает от 3 разных плательщиков (3 переводов, 712 000 ₸), отдал дальше 0% полученного; до 3 плательщиков в один день",3,False,False,3,0,712000.0,0.0,3,0,0.0,0.00033397863057687676,0.0,5.4482049621048125e-06,0.0,0,0,9,0,False,0.0,3,1
100000000667713100,transit,0.672,4,0.5729,"получил 119 495 ₸, отдал дальше 66% полученного (6 получ.); 47% суммы ушло за ≤2 дня после поступления",1,False,False,2,6,119495.0,79236.0,10,7,0.663090505878907,0.0003201059721320319,0.0006759245100784289,0.00030027074505944626,0.00013967625368757418,1,1,7,2,True,0.4726386995809985,1,11
100000003360542100,terminal,0.55,10,0.5723,"получил 317 000 ₸ от 2 плательщ., дальше ушло лишь 51 800 ₸ (16%, 2 получ.) — удерживает большую часть",2,False,False,2,2,317000.0,51800.0,3,5,0.16340694006309148,0.0014564325480065504,0.0021493825147340397,3.2544319789852904e-07,9.90734256935437e-07,0,2,11,3,False,0.29922779922779924,1,8
100000000267734100,transit,0.603,8,0.5718,"получил 180 000 ₸, отдал дальше 157% полученного (7 получ.); 41% суммы ушло за ≤2 дня после поступления",1,False,False,2,7,180000.0,282000.0,4,8,1.5666666666666667,0.0005373190777888428,6.528287914301861e-241,4.376405718364655e-06,3.5666433249675733e-06,1,1,1,1,False,0.4148936170212766,1,8
100000008461532100,transit,0.35,28,0.5716,отдал 2 530 090 ₸ при видимых входящих 565 300 ₸ — есть поступления вне выгрузки; 100% суммы ушло за ≤2 дня после поступления,2,False,False,2,8,565300.0,2530090.0,2,9,4.475658942154608,0.0007452506208527072,9.64348945274253e-232,5.004816848782727e-06,0.00027126303954892267,0,1,7,1,False,0.9954033255733986,1,3
100000002267998100,transit,0.35,23,0.5712,отдал 1 115 000 ₸ при видимых входящих 420 000 ₸ — есть поступления вне выгрузки; 74% суммы ушло за ≤2 дня после поступления,2,False,False,2,3,420000.0,1115000.0,4,12,2.6547619047619047,0.0015848317238056795,0.00017021410422813884,3.2496313632667156e-06,5.8849614861964964e-05,0,1,7,4,False,0.7354260089686099,1,12
100000008460102100,distributor,0.81,18,0.5699,"веер: 34 переводов на 31 разных получателей, 476 570 ₸; получил от 1 плательщиков",3,False,False,1,31,17500.0,476570.0,1,34,27.23257142857143,0.00029968918055683897,0.00019786403733281253,4.1121872014305334e-07,0.0009777226136943515,0,0,1,0,False,0.1874016408922089,1,9
100000001937767100,transit,0.35,14,0.5692,отдал 1 933 000 ₸ при видимых входящих 53 000 ₸ — есть поступления вне выгрузки; 3% суммы ушло за ≤2 дня после поступления,1,False,False,1,4,53000.0,1933000.0,1,6,36.471698113207545,0.0008921392815659775,2.3309326007962125e-07,4.075748795924464e-07,5.6699890528386486e-05,1,1,11,1,False,0.027418520434557683,1,4
100000003068941100,consolidator,0.6,2,0.569,"получает от 3 разных плательщиков (3 переводов, 94 000 ₸), отдал дальше 27% полученного",2,False,False,3,1,94000.0,25000.0,3,2,0.26595744680851063,0.000320174383735057,0.0,0.003041445331092905,1.981468513870874e-05,0,1,7,0,False,1.0,1,4
100000003111305100,consolidator,0.65,26,0.5683,"получает от 4 разных плательщиков (4 переводов, 509 338 ₸), отдал дальше 0% полученного; до 2 плательщиков в один день",3,False,False,4,0,509338.0,0.0,4,0,0.0,0.00040360180953618035,0.0,2.6654285959156256e-05,0.0,0,0,8,0,False,0.0,2,3
100000004209339100,transit,0.519,34,0.5676,"получил 138 500 ₸, отдал дальше 172% полученного (2 получ.); 28% суммы ушло за ≤2 дня после поступления",2,False,False,1,2,138500.0,238500.0,6,11,1.7220216606498195,0.0008195334277812209,5.3540688490185076e-05,1.6242871664535988e-281,2.1003566247031264e-05,0,1,8,1,False,0.2830188679245283,1,11
100000002704875100,consolidator,0.6,7,0.5673,"получает от 3 разных плательщиков (4 переводов, 244 891 ₸), отдал дальше 0% полученного",1,False,False,3,0,244891.0,0.0,4,0,0.0,0.00031507379549976304,0.0,0.004839827287747003,0.0,1,1,7,0,False,0.0,1,4
100000002217161100,transit,0.35,36,0.567,отдал 995 132 ₸ при видимых входящих 404 750 ₸ — есть поступления вне выгрузки; 95% суммы ушло за ≤2 дня после поступления,2,False,False,2,7,404750.0,995132.0,15,19,2.4586337245213095,0.0008915694561715996,7.07587887604281e-243,5.2134871339912216e-05,0.00015514898463608943,0,1,7,1,False,0.9497554093326313,1,21
100000006755850100,terminal,0.689,6,0.5668,"получил 443 476 ₸ от 1 плательщ. (3 переводов), дальше ничего (колено 2, исходящие выгружены — обрыва нет)",2,False,False,1,0,443475.8,0.0,3,0,0.0,0.0006492085817124323,0.0,0.0,0.0,0,2,11,0,False,0.0,1,2
100000004188160100,transit,0.6,4,0.5644,"получил 87 862 ₸, отдал дальше 152% полученного (5 получ.); 39% суммы ушло за ≤2 дня после поступления",1,False,False,2,5,87862.0,133846.0,5,6,1.5233661878855478,0.0002968274021349181,9.60930845811675e-05,0.0003309179489902753,0.002460104826647164,1,2,7,6,True,0.38653377762503177,1,8
100000003157679100,consolidator,0.65,5,0.5636,"получает от 4 разных плательщиков (4 переводов, 541 000 ₸), отдал дальше 0% полученного; до 2 плательщиков в один день",3,False,False,4,0,541000.0,0.0,4,0,0.0,0.0003728530959036694,0.0,1.958930149155962e-06,0.0,0,0,9,0,False,0.0,2,3
100000005287097100,transit,0.35,4,0.5629,отдал 697 300 ₸ при видимых входящих 127 173 ₸ — есть поступления вне выгрузки; 24% суммы ушло за ≤2 дня после поступления,1,False,False,2,9,127173.0,697300.0,5,42,5.483082100760382,0.00030270743388181913,0.0001397109664036646,0.0003309179489902753,0.0007832208178364951,1,2,7,10,True,0.24422773555141258,1,18
100000002973903100,consolidator,0.6,12,0.5617,"получает от 3 разных плательщиков (3 переводов, 92 880 ₸), отдал дальше 0% полученного",1,False,False,3,0,92880.0,0.0,3,0,0.0,0.00031686903979445306,0.0,0.00015492744601535127,0.0,1,2,8,0,False,0.0,1,3
100000007544358100,transit,0.647,4,0.5594,"получил 322 500 ₸, отдал дальше 109% полученного (1 получ.); 29% суммы ушло за ≤2 дня после поступления",1,False,False,2,1,322500.0,350000.0,2,3,1.0852713178294573,0.0003405716742742659,0.0,0.00031971674999889816,1.9616538287321655e-05,1,1,7,0,False,0.2857142857142857,1,4
100000001527186100,terminal,0.736,3,0.5576,"получил 678 000 ₸ от 1 плательщ. (2 переводов), дальше ничего (колено 1, исходящие выгружены — обрыва нет)",1,False,False,1,0,678000.0,0.0,2,0,0.0,0.00042132959630802663,0.0,0.0004611679456476809,0.0,1,2,10,0,False,0.0,1,1
100000008517538100,distributor,0.67,5,0.5572,"веер: 18 переводов на 17 разных получателей, 1 439 000 ₸; получил от 3 плательщиков",3,False,False,3,17,155500.0,1439000.0,6,18,9.254019292604502,0.00030701646079282416,1.775922977224528e-05,4.416103578227563e-06,0.0002458053647176589,0,0,8,0,False,0.592077831827658,1,13
100000000913911100,transit,0.493,3,0.5572,"получил 467 000 ₸, отдал дальше 128% полученного (1 получ.)",2,False,False,2,1,467000.0,600000.0,2,1,1.284796573875803,0.0004594431862388912,0.0,6.262331146281887e-05,1.9418391435934565e-05,0,1,7,0,False,0.0,2,2
100000005660203100,terminal,0.55,4,0.5564,"получил 572 899 ₸ от 1 плательщ., дальше ушло лишь 41 000 ₸ (7%, 2 получ.) — удерживает большую часть",2,False,False,1,2,572899.0,41000.0,12,5,0.07156584319400104,0.0009492504038791965,0.0001431175242726874,0.0,1.9418391435934565e-05,0,1,7,1,False,1.0,1,13
100000004677680100,transit,0.35,10,0.5542,отдал 168 000 ₸ при видимых входящих 63 000 ₸ — есть поступления вне выгрузки; 91% суммы ушло за ≤2 дня после поступления,1,False,False,2,1,63000.0,168000.0,2,3,2.6666666666666665,0.0010928341745650807,0.0,0.00012378934009122278,4.1214545088514184e-05,1,2,8,1,False,0.9107142857142857,1,4
100000002343825100,consolidator,0.6,5,0.5535,"получает от 3 разных плательщиков (4 переводов, 350 000 ₸), отдал дальше 26% полученного; до 2 плательщиков в один день",3,False,False,3,2,350000.0,89800.0,4,2,0.25657142857142856,0.00033359725354762797,0.0,3.617463219639337e-06,4.279971989961088e-05,0,0,8,0,False,0.5567928730512249,2,3
100000008137435100,transit,0.35,23,0.5533,отдал 1 419 700 ₸ при видимых входящих 93 906 ₸ — есть поступления вне выгрузки; 29% суммы ушло за ≤2 дня после поступления,1,False,False,2,6,93906.0,1419700.0,2,7,15.118309799160864,0.0003142779777322604,0.004931741979455946,0.0027944971937982335,0.00029840915818895366,1,1,7,14,True,0.29442840036627455,2,5
100000007390016100,transit,0.772,70,0.5521,"получил 511 000 ₸, отдал дальше 68% полученного (1 получ.); 72% суммы ушло за ≤2 дня после поступления",3,False,False,1,1,511000.0,346500.0,13,14,0.678082191780822,0.0018430013608097095,0.0013224127989085782,0.0,0.0,0,0,7,1,False,0.7157287157287158,1,7
100000004094958100,transit,0.945,46,0.552,"получил 39 000 ₸, отдал дальше 103% полученного (1 получ.); 100% суммы ушло за ≤2 дня после поступления",1,False,False,1,1,39000.0,40000.0,1,1,1.0256410256410255,0.00039146494703152303,5.694996203955488e-284,1.3380297447651783e-283,1.981468513870874e-07,1,1,1,0,False,1.0,1,1
100000005183943100,terminal,0.736,45,0.5518,"получил 680 900 ₸ от 1 плательщ. (9 переводов), дальше ничего (колено 1, исходящие выгружены — обрыва нет)",1,False,False,1,0,680900.0,0.0,9,0,0.0,0.0006108393603081353,0.0,1.23619985386e-313,0.0,1,1,1,0,False,0.0,1,9
100000004527381100,transit,0.35,15,0.5518,отдал 273 866 ₸ при видимых входящих 119 333 ₸ — есть поступления вне выгрузки; 100% суммы ушло за ≤2 дня после поступления,2,False,False,1,1,119333.17,273866.11,1,1,2.2949705433954364,0.0003754989642558976,3.2941860382226563e-06,9.023756758629543e-290,0.0003213941929498557,0,1,7,3,True,1.0,1,1
100000002836736100,terminal,0.702,8,0.5509,"получил 509 000 ₸ от 2 плательщ. (2 переводов), дальше ничего (колено 1, исходящие выгружены — обрыва нет)",1,False,False,2,0,509000.0,0.0,2,0,0.0,0.0004517900546889058,0.0,5.452157648143751e-06,0.0,1,2,3,0,False,0.0,2,1
100000007939160100,terminal,0.55,45,0.5498,"получил 795 000 ₸ от 1 плательщ., дальше ушло лишь 14 300 ₸ (2%, 2 получ.) — удерживает большую часть",1,False,False,1,2,795000.0,14300.0,2,2,0.017987421383647798,0.0006653456234025181,1.57847465707e-313,1.23619985386e-313,3.962937027741748e-07,1,1,1,1,False,0.0,1,3
100000008193577100,transit,0.35,44,0.5491,отдал 480 180 ₸ при видимых входящих 154 300 ₸ — есть поступления вне выгрузки; 10% суммы ушло за ≤2 дня после поступления,1,False,False,2,5,154300.0,480180.0,6,16,3.1119896305897603,0.0012389478209868787,1.2819254376517169e-219,4.8275754444071506e-220,9.90734256935437e-07,1,1,1,10,False,0.10410679328585114,1,14
100000006534886100,transit,0.35,4,0.5488,отдал 167 500 ₸ при видимых входящих 71 700 ₸ — есть поступления вне выгрузки; 48% суммы ушло за ≤2 дня после поступления,2,False,False,1,1,71700.0,167500.0,5,8,2.336122733612273,0.0011276985721232183,0.0001266670775836496,9.98682327419693e-08,0.0,0,1,7,1,True,0.4835820895522388,1,8
100000000031787100,transit,0.728,8,0.5485,"получил 90 000 ₸, отдал дальше 100% полученного (2 получ.); 44% суммы ушло за ≤2 дня после поступления",2,False,False,1,2,90000.0,90000.0,2,4,1.0,0.0004315356304853241,1.8776030241214768e-06,2.141511818252024e-241,3.962937027741748e-07,0,1,1,1,False,0.4444444444444444,1,6
100000001279272100,transit,0.84,2,0.5478,"получил 250 000 ₸, отдал дальше 55% полученного (2 получ.); 95% суммы ушло за ≤2 дня после поступления",3,False,False,1,2,250000.0,136758.0,1,2,0.547032,0.0003077398575230603,9.775305635596992e-05,0.0011319383959652314,0.00029919545413681863,0,0,7,11,True,0.9505842437005514,1,3
100000001660397100,transit,0.85,2,0.547,"получил 48 600 ₸, отдал дальше 101% полученного (3 получ.); 76% суммы ушло за ≤2 дня после поступления",1,False,False,2,3,48600.0,49000.0,2,4,1.008230452674897,0.0002951523346277189,0.0005350800884771783,0.003756093266799596,0.0005032951333514932,1,1,7,223,True,0.7551020408163265,1,4
100000003923946100,transit,0.35,8,0.5459,отдал 675 000 ₸ при видимых входящих 282 000 ₸ — есть поступления вне выгрузки; 100% суммы ушло за ≤2 дня после поступления,1,False,False,1,4,282000.0,675000.0,3,4,2.393617021276596,0.00038941748481374446,5.960219788514455e-05,9.22837788436284e-07,1.981468513870874e-06,1,2,2,1,False,1.0,1,3
100000002941114100,terminal,0.55,10,0.5435,"получил 128 510 ₸ от 2 плательщ., дальше ушло лишь 15 000 ₸ (12%, 1 получ.) — удерживает большую часть",1,False,False,2,1,128510.0,15000.0,15,1,0.11672243405182477,0.0018146321453408293,0.0,0.00012378142678217807,2.0607272544257092e-05,1,2,8,1,False,1.0,2,12
100000007322059100,transit,0.781,33,0.5434,"получил 29 000 ₸, отдал дальше 78% полученного (1 получ.); 69% суммы ушло за ≤2 дня после поступления",2,False,False,2,1,29000.0,22500.0,2,2,0.7758620689655172,0.0006801571631888191,0.0,5.808926099497582e-241,4.0025663980191654e-05,0,1,8,1,False,0.6888888888888889,1,3
100000005664922100,transit,0.35,24,0.542,отдал 537 000 ₸ при видимых входящих 22 000 ₸ — есть поступления вне выгрузки,2,False,False,2,3,22000.0,537000.0,2,4,24.40909090909091,0.0008059658576323338,5.779914828091009e-248,0.0,3.962937027741748e-06,0,1,1,1,False,0.0,1,5
100000001102676100,transit,0.95,3,0.5419,"получил 50 000 ₸, отдал дальше 100% полученного (1 получ.); 100% суммы ушло за ≤2 дня после поступления",2,False,False,1,1,50000.0,50000.0,1,1,1.0,0.0003130309543986752,0.0005761766845712224,2.8321519604650354e-232,2.3975769017837576e-05,0,1,8,0,False,1.0,1,1
100000001166289100,terminal,0.55,1,0.5416,"получил 721 039 ₸ от 2 плательщ., дальше ушло лишь 25 000 ₸ (3%, 1 получ.) — удерживает большую часть",2,False,False,2,1,721039.0,25000.0,10,1,0.0346721883282319,0.0020021280906723886,3.300043693840602e-13,7.686673781769084e-13,0.0,0,1,1,1,False,1.0,1,11
100000002293421100,transit,0.648,2,0.5412,"получил 41 000 ₸, отдал дальше 115% полученного (2 получ.); 32% суммы ушло за ≤2 дня после поступления",2,False,False,2,2,41000.0,47000.0,6,5,1.146341463414634,0.0009748338691844299,0.0009381347387178241,1.7626219636774375e-05,1.9616538287321655e-05,0,1,7,2,False,0.3191489361702128,1,8
100000007777377100,terminal,0.55,4,0.541,"получил 456 290 ₸ от 1 плательщ., дальше ушло лишь 10 000 ₸ (2%, 2 получ.) — удерживает большую часть",2,False,False,1,2,456290.0,10000.0,7,2,0.021915886826360427,0.0003611461879485204,8.051411165410651e-255,4.0407558618990766e-06,0.00013592874005154197,0,2,7,0,False,1.0,1,7
100000003835149100,transit,0.35,24,0.5408,отдал 4 600 440 ₸ при видимых входящих 248 500 ₸ — есть поступления вне выгрузки,1,False,False,1,2,248500.0,4600440.0,1,13,18.512837022132796,0.0004889016554646476,4.901673542785244e-248,1.23619985386e-313,1.7833216624837866e-06,1,1,1,0,False,0.0,1,12
100000003946524100,transit,0.534,3,0.5402,"получил 133 757 ₸, отдал дальше 108% полученного (2 получ.)",1,False,False,2,2,133757.0,144750.0,2,2,1.0821863528637754,0.0003260605758889203,0.0,0.0004648848624875377,0.0001194825513864137,1,2,10,1,False,0.0,1,4
100000001445848100,transit,0.753,36,0.5382,"получил 546 000 ₸, отдал дальше 64% полученного (1 получ.); 69% суммы ушло за ≤2 дня после поступления",3,False,False,1,1,546000.0,351850.0,13,14,0.6444139194139195,0.0007020167320692293,2.2189932289331476e-05,2.3749511394193016e-243,0.0,0,0,7,1,False,0.6863720335370186,1,19
100000002565277100,terminal,0.697,3,0.5379,"получил 483 319 ₸ от 1 плательщ. (1 переводов), дальше ничего (колено 1, исходящие выгружены — обрыва нет)",1,False,False,1,0,483319.0,0.0,1,0,0.0,0.0003823473671467781,0.0,0.0004611679456476809,0.0,1,2,10,0,False,0.0,1,1
100000002945626100,consolidator,0.6,5,0.5371,"получает от 3 разных плательщиков (3 переводов, 584 000 ₸), отдал дальше 0% полученного; до 2 плательщиков в один день",3,False,False,3,0,584000.0,0.0,3,0,0.0,0.0003377644362503449,0.0,4.852794249925789e-06,0.0,0,0,9,0,False,0.0,2,2
100000005942793100,consolidator,0.65,2,0.5368,"получает от 4 разных плательщиков (4 переводов, 55 000 ₸), отдал дальше 0% полученного; до 2 плательщиков в один день",2,False,False,4,0,55000.0,0.0,4,0,0.0,0.0003322322681540015,0.0,0.0002833514775865137,0.0,0,1,7,0,False,0.0,2,2
100000004662806100,transit,0.862,12,0.5357,"получил 106 585 ₸, отдал дальше 56% полученного (2 получ.); 100% суммы ушло за ≤2 дня после поступления",1,False,False,2,2,106585.0,59900.0,2,3,0.5619927757189098,0.00030544976624820286,0.0,0.0006529156907911227,3.883678287186913e-05,1,1,8,0,False,1.0,1,4
100000001380054100,transit,0.35,30,0.5356,отдал 360 000 ₸ при видимых входящих 127 050 ₸ — есть поступления вне выгрузки; 56% суммы ушло за ≤2 дня после поступления,1,False,False,2,3,127050.0,360000.0,2,4,2.833530106257379,0.0007164305424822365,1.57847465707e-313,3.417408459681889e-266,2.774055919419224e-06,1,1,1,2,False,0.5555555555555556,1,4
100000001884825100,consolidator,0.6,5,0.5343,"получает от 3 разных плательщиков (3 переводов, 495 000 ₸), отдал дальше 0% полученного; до 2 плательщиков в один день",3,False,False,3,0,495000.0,0.0,3,0,0.0,0.0003400964668098243,0.0,3.573322415596673e-06,0.0,0,0,8,0,False,0.0,2,2
100000000607941100,transit,0.584,4,0.5342,"получил 50 000 ₸, отдал дальше 140% полученного (1 получ.); 29% суммы ушло за ≤2 дня после поступления",2,False,False,2,1,50000.0,70000.0,3,4,1.4,0.0005785720589504693,0.0,2.6248001464999758e-06,5.7660733753642434e-05,0,1,7,1,False,0.2857142857142857,1,5
100000002205022100,transit,0.35,57,0.5336,отдал 518 000 ₸ при видимых входящих 7 100 ₸ — есть поступления вне выгрузки; 1% суммы ушло за ≤2 дня после поступления,2,False,False,1,3,7100.0,518000.0,1,3,72.95774647887323,0.0005456370301467019,1.761771609671322e-06,0.0,5.451240044826982e-05,0,1,10,0,False,0.011583011583011582,1,4
100000002628576100,transit,0.898,6,0.5332,"получил 727 882 ₸, отдал дальше 74% полученного (2 получ.); 100% суммы ушло за ≤2 дня после поступления",3,False,False,2,2,727882.0,539000.0,3,2,0.7405046422359668,0.0003113901539132389,0.0,0.005845955489123359,3.844048916909496e-05,0,0,7,0,False,1.0,1,2
100000005614315100,terminal,0.691,4,0.5329,"получил 455 000 ₸ от 1 плательщ. (1 переводов), дальше ничего (колено 2, исходящие выгружены — обрыва нет)",2,False,False,1,0,455000.0,0.0,1,0,0.0,0.0005750924282981935,0.0,0.0,0.0,0,1,7,0,False,0.0,1,1
100000004004621100,consolidator,0.6,11,0.5328,"получает от 3 разных плательщиков (3 переводов, 75 389 ₸), отдал дальше 0% полученного; до 2 плательщиков в один день",1,False,False,3,0,75389.0,0.0,3,0,0.0,0.00030077440313347714,0.0,0.0036608019788249924,0.0,1,2,10,0,False,0.0,2,2
100000004330371100,peripheral,0.5,4,0.5326,"получил 264 171 ₸, отдал дальше 34% полученного; ни сбора, ни веера, ни чистого транзита",1,False,False,2,2,264171.0,90681.0,12,6,0.3432662934235779,0.00125427193015661,5.358905817348002e-06,0.0002976021605979045,0.00033467003199279065,1,1,7,2,True,0.6495296699418842,2,8
100000004019124100,consolidator,0.6,4,0.5312,"seed; получает от 3 разных плательщиков (3 переводов, 193 000 ₸)",0,True,False,3,0,193000.0,0.0,3,0,0.0,0.0012028680902033705,0.0,2.667322772934689e-08,0.0,2,4,11,0,False,0.0,1,3
100000000274067100,transit,0.35,8,0.5311,отдал 2 969 000 ₸ при видимых входящих 517 704 ₸ — есть поступления вне выгрузки; 69% суммы ушло за ≤2 дня после поступления,1,False,False,2,3,517704.0,2969000.0,9,9,5.734937338710924,0.0004137036512851875,1.57847465707e-313,4.376405718364655e-06,1.1888811083225246e-06,1,1,1,1,False,0.6921522398113843,1,13
100000007511163100,transit,0.731,4,0.5308,"получил 63 666 ₸, отдал дальше 129% полученного (3 получ.); 60% суммы ушло за ≤2 дня после поступления",1,False,False,2,3,63666.0,82052.0,2,3,1.2887883642760658,0.0003395973251602175,0.0001273968599972896,0.00030536517622965586,0.00013645713165524087,1,1,7,1,False,0.5971822746550968,1,3
100000007129492100,transit,0.895,10,0.5304,"получил 50 990 ₸, отдал дальше 73% полученного (1 получ.); 100% суммы ушло за ≤2 дня после поступления",1,False,False,2,1,50990.0,37000.0,2,1,0.725632476956266,0.0002945171129254455,0.0,0.000583967546730587,2.5164650126160102e-05,2,4,11,0,False,1.0,1,2
100000004692798100,terminal,0.55,12,0.5303,"получил 240 305 ₸ от 2 плательщ., дальше ушло лишь 15 000 ₸ (6%, 1 получ.) — удерживает большую часть",1,False,False,2,1,240305.0,15000.0,4,2,0.06242067372713843,0.0019106511787003878,0.0,1.0180786536527075e-05,1.981468513870874e-07,1,1,1,1,False,1.0,1,4
100000005456919100,terminal,0.55,44,0.5301,"получил 479 950 ₸ от 2 плательщ., дальше ушло лишь 5 000 ₸ (1%, 1 получ.) — удерживает большую часть",1,False,False,2,1,479950.0,5000.0,10,1,0.010417751849150954,0.0013700274780428614,2.530265713222844e-220,6.046194540928907e-220,0.0,1,1,1,4,False,1.0,2,7
100000007617808100,terminal,0.69,4,0.5297,"получил 450 000 ₸ от 1 плательщ. (1 переводов), дальше ничего (колено 2, исходящие выгружены — обрыва нет)",2,False,False,1,0,450000.0,0.0,1,0,0.0,0.0003601043534538582,0.0,4.0407558618990766e-06,0.0,0,2,7,0,False,0.0,1,1
100000002957306100,terminal,0.68,10,0.5288,"получил 398 490 ₸ от 2 плательщ. (2 переводов), дальше ничего (колено 1, исходящие выгружены — обрыва нет)",1,False,False,2,0,398490.0,0.0,2,0,0.0,0.0003551868796242705,0.0,0.000583967546730587,0.0,2,4,11,0,False,0.0,1,2
100000008473207100,terminal,0.64,3,0.5284,"получил 202 000 ₸ от 1 плательщ. (4 переводов), дальше ничего (колено 2, исходящие выгружены — обрыва нет)",2,False,False,1,0,202000.0,0.0,4,0,0.0,0.0005562056073953194,0.0,1.862578378996418e-253,0.0,0,2,11,0,False,0.0,1,4
100000007507343100,terminal,0.674,52,0.5277,"получил 370 000 ₸ от 1 плательщ. (1 переводов), дальше ничего (колено 1, исходящие выгружены — обрыва нет)",1,False,False,1,0,370000.0,0.0,1,0,0.0,0.0006416178761806935,0.0,0.0,0.0,1,1,1,0,False,0.0,1,1
100000008739887100,transit,0.863,7,0.5273,"получил 214 000 ₸, отдал дальше 143% полученного (2 получ.); 100% суммы ушло за ≤2 дня после поступления",3,False,False,2,2,214000.0,307000.0,3,2,1.4345794392523366,0.0003333006339697427,0.0,0.002742319115704567,3.844048916909496e-05,0,0,7,0,False,1.0,1,4
100000002812641100,transit,0.89,9,0.5268,"получил 10 000 ₸, отдал дальше 70% полученного (1 получ.); 100% суммы ушло за ≤2 дня после поступления",2,False,False,1,1,10000.0,7023.95,1,1,0.702395,0.0020638538513460323,1.3080306434239696e-05,0.0,0.0,0,2,8,1,False,1.0,1,2
100000004325327100,transit,0.948,2,0.5265,"получил 70 817 ₸, отдал дальше 99% полученного (1 получ.); 100% суммы ушло за ≤2 дня после поступления",1,False,False,2,1,70817.0,70000.0,3,1,0.988463222107686,0.00029579231968135573,0.0,0.00505746306905961,3.844048916909496e-05,1,1,7,0,False,1.0,1,4
100000001567366100,terminal,0.765,4,0.5262,"получил 824 070 ₸ от 1 плательщ. (4 переводов), дальше ничего (колено 1, исходящие выгружены — обрыва нет)",1,False,False,1,0,824070.0,0.0,4,0,0.0,0.00037417169658699974,0.0,0.0002952416008836587,0.0,1,1,7,0,False,0.0,1,4
100000002188829100,terminal,0.68,3,0.5261,"получил 400 000 ₸ от 1 плательщ. (1 переводов), дальше ничего (колено 1, исходящие выгружены — обрыва нет)",1,False,False,1,0,400000.0,0.0,1,0,0.0,0.00036566386772214973,0.0,0.0004611679456476809,0.0,1,2,10,0,False,0.0,1,1
100000002736316100,consolidator,0.6,2,0.5256,"получает от 3 разных плательщиков (3 переводов, 266 921 ₸), отдал дальше 0% полученного; до 2 плательщиков в один день",3,False,False,3,0,266921.0,0.0,3,0,0.0,0.00038382327241415735,0.0,0.002506687464960339,0.0,0,0,7,0,False,0.0,2,2
100000008692291100,consolidator,0.6,5,0.525,"получает от 3 разных плательщиков (3 переводов, 160 000 ₸), отдал дальше 98% полученного; до 2 плательщиков в один день",3,False,False,3,3,160000.0,156000.0,3,3,0.975,0.000307852986577175,1.57847465707e-313,7.503270161294507e-06,6.419957984941633e-05,0,0,8,0,False,0.1346153846153846,2,5
100000004698193100,terminal,0.55,8,0.5246,"получил 222 700 ₸ от 2 плательщ., дальше ушло лишь 38 000 ₸ (17%, 3 получ.) — удерживает большую часть",2,False,False,2,3,222700.0,38000.0,15,5,0.17063313875168387,0.0008254145941905158,1.57847465707e-313,2.8951049479127065e-05,1.5851748110966993e-06,0,1,1,1,False,0.3157894736842105,1,14
100000008556318100,terminal,0.636,3,0.5235,"получил 180 132 ₸ от 2 плательщ. (2 переводов), дальше ничего (колено 1, исходящие выгружены — обрыва нет)",1,False,False,2,0,180132.0,0.0,2,0,0.0,0.0005605041030696609,0.0,0.00046485514443924406,0.0,1,2,10,0,False,0.0,1,2
100000002963189100,transit,0.35,14,0.5229,отдал 5 219 000 ₸ при видимых входящих 490 000 ₸ — есть поступления вне выгрузки,3,False,False,1,7,490000.0,5219000.0,3,15,10.651020408163266,0.00042406859837372784,3.1769063887438765e-06,2.4413789354590045e-05,8.540784150822377e-05,0,0,7,1,True,0.0,1,7
100000008516839100,consolidator,0.6,19,0.5228,"seed; получает от 3 разных плательщиков (4 переводов, 155 000 ₸); до 2 плательщиков в один день",0,True,False,3,0,155000.0,0.0,4,0,0.0,0.0010695838614429962,0.0,1.9273957495756453e-302,0.0,1,3,10,0,False,0.0,2,2
100000004331458100,terminal,0.65,46,0.5226,"получил 250 000 ₸ от 2 плательщ. (2 переводов), дальше ничего (колено 2, исходящие выгружены — обрыва нет)",2,False,False,2,0,250000.0,0.0,2,0,0.0,0.0013234381164598692,0.0,1.3380297447651783e-283,0.0,0,1,1,0,False,0.0,1,2
100000004544958100,terminal,0.55,10,0.522,"получил 168 000 ₸ от 1 плательщ., дальше ушло лишь 23 200 ₸ (14%, 2 получ.) — удерживает большую часть",2,False,False,1,2,168000.0,23200.0,3,2,0.1380952380952381,0.001214607508891017,5.3109161779482744e-05,0.0,2.0805419395644178e-05,0,1,8,1,False,0.22413793103448276,1,4
100000001904863100,terminal,0.7,14,0.5218,"получил 500 000 ₸ от 1 плательщ. (1 переводов), дальше ничего (колено 2, исходящие выгружены — обрыва нет)",2,False,False,1,0,500000.0,0.0,1,0,0.0,0.0004817984770777493,0.0,4.3439113769937544e-09,0.0,0,1,11,0,False,0.0,1,1
100000001689968100,consolidator,0.6,6,0.5211,"получает от 3 разных плательщиков (3 переводов, 344 334 ₸), отдал дальше 0% полученного",3,False,False,3,0,344333.75,0.0,3,0,0.0,0.00033914310918301173,0.0,0.004048891409284613,0.0,0,0,7,0,False,0.0,1,3
100000003798151100,terminal,0.67,4,0.5209,"получил 350 000 ₸ от 1 плательщ. (3 переводов), дальше ничего (колено 2, исходящие выгружены — обрыва нет)",2,False,False,1,0,350000.0,0.0,3,0,0.0,0.0005753929174195443,0.0,0.0,0.0,0,1,7,0,False,0.0,1,3
100000003221384100,terminal,0.702,15,0.5197,"получил 511 200 ₸ от 1 плательщ. (1 переводов), дальше ничего (колено 2, исходящие выгружены — обрыва нет)",2,False,False,1,0,511200.0,0.0,1,0,0.0,0.00044820293531491734,0.0,3.5676348106616587e-05,0.0,0,1,7,0,False,0.0,1,1
100000008587459100,transit,0.35,2,0.5193,отдал 686 500 ₸ при видимых входящих 181 507 ₸ — есть поступления вне выгрузки,2,False,False,2,2,181507.0,686500.0,2,4,3.782223275135394,0.00030075681163842634,0.0005035926695899062,0.00304794972274837,1.7724578204740182e-05,0,1,7,39,True,0.0,1,5
100000008545727100,transit,0.35,9,0.5192,отдал 1 866 500 ₸ при видимых входящих 30 000 ₸ — есть поступления вне выгрузки; 64% суммы ушло за ≤2 дня после поступления,2,False,False,1,6,30000.0,1866500.0,1,7,62.21666666666667,0.00033870100433984517,3.0530858010197813e-06,9.023756758629543e-290,0.00013420203177516877,0,1,9,1,False,0.6375569247254219,1,5
100000004105288100,terminal,0.643,3,0.5192,"получил 215 000 ₸ от 2 плательщ. (2 переводов), дальше ничего (колено 1, исходящие выгружены — обрыва нет)",1,False,False,2,0,215000.0,0.0,2,0,0.0,0.0004630401380988289,0.0,0.00012379738199594134,0.0,1,3,11,0,False,0.0,1,2
100000002618492100,terminal,0.659,10,0.5191,"получил 296 500 ₸ от 2 плательщ. (2 переводов), дальше ничего (колено 1, исходящие выгружены — обрыва нет)",1,False,False,2,0,296500.0,0.0,2,0,0.0,0.00036902681066638884,0.0,0.00014602773422904482,0.0,1,3,8,0,False,0.0,1,2
100000008636603100,transit,0.35,4,0.5184,отдал 159 375 ₸ при видимых входящих 35 460 ₸ — есть поступления вне выгрузки; 37% суммы ушло за ≤2 дня после поступления,2,False,False,2,6,35460.0,159375.0,2,7,4.494500846023689,0.0003387006850594576,0.0002698626904667712,0.0006554121443288197,0.0034745654916701176,0,1,7,4,True,0.36941176470588233,1,6
100000008086440100,transit,0.606,2,0.5178,"получил 199 733 ₸, отдал дальше 81% полученного (5 получ.); 24% суммы ушло за ≤2 дня после поступления",3,False,False,1,5,199733.0,161300.0,1,6,0.8075781167859092,0.0003376739457034379,0.0015615994934823699,0.001137907385155322,0.00010519757648287983,0,0,7,82,True,0.23558586484810912,1,6
100000003131693100,terminal,0.671,3,0.5176,"получил 353 277 ₸ от 1 плательщ. (1 переводов), дальше ничего (колено 1, исходящие выгружены — обрыва нет)",1,False,False,1,0,353277.0,0.0,1,0,0.0,0.0003563082208274809,0.0,0.0004611679456476809,0.0,1,2,10,0,False,0.0,1,1
100000003131016100,peripheral,0.5,2,0.5175,"получил 405 700 ₸, отдал дальше 31% полученного; ни сбора, ни веера, ни чистого транзита",2,False,False,1,1,405700.0,126000.0,7,4,0.31057431599704216,0.0016774572234080627,0.0033463292848165,0.0,0.0,0,1,7,1,True,0.3253968253968254,1,9
100000006385877100,transit,0.608,9,0.517,"получил 53 707 ₸, отдал дальше 68% полученного (1 получ.); 30% суммы ушло за ≤2 дня после поступления",2,False,False,1,1,53706.62,36602.93,5,5,0.6815347903107661,0.0020942975539589266,9.838750906675793e-06,0.0,0.0,0,1,1,1,False,0.3033344598369584,1,5
100000000769919100,terminal,0.65,63,0.5152,"получил 250 000 ₸ от 1 плательщ. (1 переводов), дальше ничего (колено 2, исходящие выгружены — обрыва нет)",2,False,False,1,0,250000.0,0.0,1,0,0.0,0.0007354469638244255,0.0,0.0,0.0,0,1,1,0,False,0.0,1,1
100000008465789100,distributor,0.66,5,0.5144,"веер: 17 переводов на 16 разных получателей, 1 858 100 ₸; получил от 1 плательщиков",3,False,False,1,16,30099.0,1858100.0,1,17,61.732947938469714,0.0002898880397943201,2.6381363075555576e-05,2.612568276300329e-07,0.0008450964058440695,0,0,8,6,False,0.47796135837683656,1,7
100000005547096100,transit,0.35,46,0.5138,отдал 226 300 ₸ при видимых входящих 8 000 ₸ — есть поступления вне выгрузки,2,False,False,1,2,8000.0,226300.0,1,3,28.2875,0.0008920567423173903,1.8809294719400374e-283,0.0,3.962937027741748e-07,0,1,1,1,False,0.0,1,3
100000005505655100,transit,0.871,27,0.513,"получил 33 070 ₸, отдал дальше 60% полученного (1 получ.); 100% суммы ушло за ≤2 дня после поступления",1,False,False,2,1,33070.0,20000.0,2,1,0.6047777441790142,0.00032150802112552193,8.933928198287818e-09,0.0002977422825203266,0.0002690834241836647,1,1,7,1,False,1.0,1,2
100000005432267100,terminal,0.67,3,0.5128,"получил 350 001 ₸ от 2 плательщ. (2 переводов), дальше ничего (колено 1, исходящие выгружены — обрыва нет)",1,False,False,2,0,350001.0,0.0,2,0,0.0,0.0003423334858506325,0.0,0.0005748251777547217,0.0,1,2,10,0,False,0.0,2,1
100000001601320100,transit,0.538,8,0.5128,"получил 43 500 ₸, отдал дальше 106% полученного (1 получ.)",2,False,False,2,1,43500.0,46200.0,2,1,1.0620689655172413,0.000811763739861756,0.0,2.4890313453408943e-241,9.90734256935437e-07,0,1,1,0,False,0.0,1,3
100000002459093100,terminal,0.55,26,0.5114,"получил 500 000 ₸ от 1 плательщ., дальше ушло лишь 55 000 ₸ (11%, 1 получ.) — удерживает большую часть",2,False,False,1,1,500000.0,55000.0,2,3,0.11,0.00038924998698062655,0.0,4.282827661438586e-07,1.1888811083225246e-06,0,1,1,0,False,0.0,1,4
100000004666651100,terminal,0.686,62,0.5113,"получил 429 250 ₸ от 1 плательщ. (1 переводов), дальше ничего (колено 2, исходящие выгружены — обрыва нет)",2,False,False,1,0,429250.0,0.0,1,0,0.0,0.00045753888989794294,0.0,0.0,0.0,0,1,10,0,False,0.0,1,1
100000000646541100,consolidator,0.6,2,0.5108,"получает от 3 разных плательщиков (4 переводов, 25 300 ₸), отдал дальше 0% полученного",2,False,False,3,0,25300.0,0.0,4,0,0.0,0.0005058630830440054,0.0,4.577580265306594e-05,0.0,0,1,7,0,False,0.0,1,4
100000004398811100,transit,0.35,3,0.5105,отдал 1 040 672 ₸ при видимых входящих 426 000 ₸ — есть поступления вне выгрузки; 39% суммы ушло за ≤2 дня после поступления,2,False,False,1,3,426000.0,1040672.0,1,4,2.4428920187793426,0.00034969174183991655,0.00020283123031997438,6.211858071745701e-05,1.4861013854031556e-06,0,1,1,0,False,0.39493711755481076,1,4
100000002989353100,transit,0.852,13,0.5104,"получил 500 000 ₸, отдал дальше 64% полученного (2 получ.); 93% суммы ушло за ≤2 дня после поступления",3,False,False,1,2,500000.0,321160.0,2,2,0.64232,0.00030938521828855235,0.0,3.794136183730392e-07,2.774055919419224e-06,0,0,2,0,False,0.9341138373396438,1,3
100000008221543100,terminal,0.708,16,0.5103,"получил 542 000 ₸ от 2 плательщ. (2 переводов), дальше ничего (колено 1, исходящие выгружены — обрыва нет)",1,False,False,2,0,542000.0,0.0,2,0,0.0,0.00037148464522539736,0.0,0.0023850261521990036,0.0,1,1,7,0,False,0.0,1,2
100000000673868100,terminal,0.55,31,0.5098,"получил 2 030 650 ₸ от 1 плательщ., дальше ушло лишь 383 000 ₸ (19%, 5 получ.) — удерживает большую часть",3,False,False,1,5,2030650.0,383000.0,5,19,0.18860955851574618,0.0011728050936714379,0.002415012471039165,3.627390818810257e-07,4.1016398237127094e-05,0,0,7,2,False,0.762402088772846,1,11
100000008603331100,transit,0.35,5,0.5088,отдал 741 774 ₸ при видимых входящих 39 500 ₸ — есть поступления вне выгрузки; 44% суммы ушло за ≤2 дня после поступления,2,False,False,2,6,39500.0,741774.0,3,6,18.779088607594936,0.0003442340297094514,2.6120657375195375e-06,1.718217169701276e-06,0.0001957690891704424,0,1,7,1,False,0.44400855247015936,1,6
100000004226848100,terminal,0.66,3,0.5088,"получил 301 866 ₸ от 1 плательщ. (1 переводов), дальше ничего (колено 1, исходящие выгружены — обрыва нет)",1,False,False,1,0,301866.0,0.0,1,0,0.0,0.0003460138655313352,0.0,0.0004611679456476809,0.0,1,2,10,0,False,0.0,1,1
100000004479404100,peripheral,0.5,49,0.5074,"получил 1 492 000 ₸, отдал дальше 20% полученного; ни сбора, ни веера, ни чистого транзита",2,False,False,2,1,1492000.0,300000.0,8,2,0.20107238605898123,0.0008667096306509939,0.0,9.352123531657017e-05,9.610122292273739e-05,0,1,7,1,False,0.0,1,8
100000004480280100,transit,0.35,3,0.5071,отдал 295 850 ₸ при видимых входящих 146 694 ₸ — есть поступления вне выгрузки; 24% суммы ушло за ≤2 дня после поступления,1,False,False,1,2,146694.0,295850.0,1,7,2.0167832358515003,0.0003149427776315953,1.8572189098070206e-08,0.0004611679456476809,3.571762118628406e-05,1,2,10,0,False,0.23998647963495015,1,7
100000004390333100,transit,0.35,2,0.5071,отдал 506 500 ₸ при видимых входящих 64 558 ₸ — есть поступления вне выгрузки; 22% суммы ушло за ≤2 дня после поступления,1,False,False,2,9,64558.0,506500.0,2,14,7.845658167849066,0.00029521378985057596,0.002869107966538326,0.00505746306905961,0.00015841501981922766,1,1,7,170,True,0.21717670286278382,1,9
100000001584286100,terminal,0.748,13,0.5065,"получил 738 699 ₸ от 2 плательщ. (3 переводов), дальше ничего (колено 2, исходящие выгружены — обрыва нет)",2,False,False,2,0,738699.0,0.0,3,0,0.0,0.00032848499407064284,0.0,7.670823972629358e-07,0.0,0,1,8,0,False,0.0,1,2
100000008188026100,transit,0.35,15,0.5058,отдал 337 983 ₸ при видимых входящих 86 468 ₸ — есть поступления вне выгрузки,1,False,False,2,4,86468.0,337983.17,5,4,3.9087659018365173,0.0002993035967853829,1.5362965042255266e-289,0.0003478114351979561,8.203279647425419e-05,1,1,7,3,True,0.0,1,6
100000008497298100,terminal,0.72,9,0.5055,"получил 600 000 ₸ от 1 плательщ. (1 переводов), дальше ничего (колено 2, исходящие выгружены — обрыва нет)",2,False,False,1,0,600000.0,0.0,1,0,0.0,0.00034202908327694116,0.0,5.01279615617639e-07,0.0,0,1,1,0,False,0.0,1,1
100000001929088100,terminal,0.679,8,0.5054,"получил 396 010 ₸ от 2 плательщ. (2 переводов), дальше ничего (колено 1, исходящие выгружены — обрыва нет)",1,False,False,2,0,396010.0,0.0,2,0,0.0,0.0003175873990634125,0.0,2.7089219328016247e-05,0.0,2,2,2,0,False,0.0,1,2
100000005668605100,consolidator,0.6,19,0.505,"seed; получает от 3 разных плательщиков (3 переводов, 94 500 ₸)",0,True,False,3,0,94500.0,0.0,3,0,0.0,0.0008383018688148931,0.0,2.9287205995163054e-06,0.0,1,4,10,0,False,0.0,1,3
100000002872399100,terminal,0.818,8,0.505,"получил 1 090 000 ₸ от 1 плательщ. (9 переводов), дальше ничего (колено 3, исходящие выгружены — обрыва нет)",3,False,False,1,0,1090000.0,0.0,9,0,0.0,0.0007057669186571367,0.0,3.499089220843684e-08,0.0,0,0,1,0,False,0.0,1,8
100000004186824100,terminal,0.55,4,0.5049,"получил 451 700 ₸ от 2 плательщ., дальше ушло лишь 7 000 ₸ (2%, 1 получ.) — удерживает большую часть",1,False,False,2,1,451700.0,7000.0,7,1,0.015497011290679655,0.0003819271547747407,0.0001266670775836496,0.0003078380876645964,2.1796153652579613e-06,1,1,7,0,False,0.0,1,7
100000004744306100,transit,0.483,19,0.5049,"получил 69 000 ₸, отдал дальше 133% полученного (2 получ.)",1,False,False,1,2,69000.0,92000.0,1,3,1.3333333333333333,0.0004607769966825421,1.1601484540645376e-302,8.651557678785036e-09,3.923307657464331e-05,1,1,8,0,False,0.0,1,4
100000003390036100,peripheral,0.5,10,0.5048,"получил 231 300 ₸, отдал дальше 27% полученного; ни сбора, ни веера, ни чистого транзита",2,False,False,2,2,231300.0,62000.0,4,2,0.2680501513186338,0.0013242239371446286,0.0,4.0378619556539866e-05,7.826800629789953e-05,0,2,11,2,False,0.16129032258064516,1,5
100000004905207100,terminal,0.676,14,0.5046,"получил 380 000 ₸ от 1 плательщ. (1 переводов), дальше ничего (колено 2, исходящие выгружены — обрыва нет)",2,False,False,1,0,380000.0,0.0,1,0,0.0,0.00043470347319123927,0.0,4.3439113769937544e-09,0.0,0,1,11,0,False,0.0,1,1
100000008758168100,transit,0.35,21,0.5041,отдал 1 533 600 ₸ при видимых входящих 75 410 ₸ — есть поступления вне выгрузки; 29% суммы ушло за ≤2 дня после поступления,2,False,False,2,5,75410.0,1533600.0,2,5,20.33682535472749,0.0003183672512790776,4.488393462419689e-06,1.3331903435828466e-06,5.6020009578558015e-05,0,1,9,0,False,0.28729786124152323,1,5
100000007593823100,distributor,0.63,2,0.5041,"веер: 21 переводов на 13 разных получателей, 162 900 ₸; получил от 3 плательщиков",3,False,False,3,13,25000.0,162900.0,3,21,6.516,0.000290592094563477,0.0014877923133758643,0.004303148994827794,0.0006813203182041415,0,0,7,50,True,0.40085942295887045,1,13
100000004140487100,distributor,0.6,3,0.5036,"веер: 19 переводов на 10 разных получателей, 262 600 ₸; получил от 1 плательщиков",3,False,False,1,10,24510.0,262600.0,1,19,10.713994288045695,0.000289427144859754,0.002725120712515133,0.000233344615948652,0.00032537043857319123,0,0,7,35,True,0.29588728103579587,1,7
100000001782980100,transit,0.35,30,0.5035,отдал 596 200 ₸ при видимых входящих 50 000 ₸ — есть поступления вне выгрузки,2,False,False,1,1,50000.0,596200.0,1,3,11.924,0.0003702831507848959,0.0,1.23619985386e-313,5.944405541612623e-07,0,1,1,0,False,0.0,1,4
100000004717647100,transit,0.35,49,0.5034,отдал 2 240 000 ₸ при видимых входящих 300 000 ₸ — есть поступления вне выгрузки; 2% суммы ушло за ≤2 дня после поступления,3,False,False,1,5,300000.0,2240000.0,2,10,7.466666666666667,0.0010233609552644499,4.110933088125036e-05,0.0,7.767356574373826e-05,0,0,7,1,False,0.020982142857142855,1,8
100000004424023100,transit,0.35,8,0.5027,"получил 50 000 ₸, отдал дальше 200% полученного (1 получ.)",2,False,False,1,1,50000.0,100000.0,1,1,2.0,0.0009717143911529612,0.0,0.0,2.0409125692870002e-05,0,1,9,0,False,0.0,1,2
100000003104347100,terminal,0.55,23,0.5025,"получил 418 000 ₸ от 1 плательщ., дальше ушло лишь 32 000 ₸ (8%, 1 получ.) — удерживает большую часть",2,False,False,1,1,418000.0,32000.0,1,1,0.07655502392344497,0.00036431706006781635,0.0,9.190763424750497e-05,1.922024458454748e-05,0,1,7,0,False,0.0,1,2
100000003366154100,transit,0.35,3,0.5022,отдал 289 170 ₸ при видимых входящих 125 000 ₸ — есть поступления вне выгрузки; 100% суммы ушло за ≤2 дня после поступления,1,False,False,1,3,125000.0,289170.0,1,3,2.31336,0.0003105988484375593,5.3540688490185076e-05,0.0004611679456476809,6.146709644545516e-05,1,2,10,0,False,1.0,1,1
100000003213473100,distributor,0.61,2,0.5013,"веер: 12 переводов на 11 разных получателей, 240 000 ₸; получил от 1 плательщиков",3,False,False,1,11,57500.0,240000.0,2,12,4.173913043478261,0.00028880769232283976,0.0016894765484249702,0.0029057815328092595,0.00010972673620999486,0,0,7,34,True,0.1875,1,12
100000006664478100,transit,0.798,26,0.5012,"получил 55 000 ₸, отдал дальше 109% полученного (2 получ.); 67% суммы ушло за ≤2 дня после поступления",3,False,False,1,2,55000.0,60000.0,3,2,1.0909090909090908,0.0006168426303113121,0.0,0.0,1.1888811083225246e-06,0,0,1,0,False,0.6666666666666666,1,3
100000008659445100,consolidator,0.6,44,0.5012,"seed; получает от 3 разных плательщиков (7 переводов, 138 490 ₸); до 2 плательщиков в один день",0,True,False,3,4,138490.0,875150.0,7,18,6.319228825185934,0.0024238038911821246,1.0956193335883486e-219,5.944816581440702e-220,9.90734256935437e-07,0,0,0,11,False,0.5178540821573444,2,15
100000001382002100,transit,0.545,2,0.5012,"получил 55 000 ₸, отдал дальше 103% полученного (1 получ.)",2,False,False,1,1,55000.0,56500.0,2,3,1.0272727272727273,0.0006633074267595731,0.0009231328216341983,0.0,0.0,0,1,7,1,False,0.0,1,5
100000006274203100,terminal,0.55,17,0.5008,"получил 3 417 512 ₸ от 2 плательщ., дальше ушло лишь 72 000 ₸ (2%, 3 получ.) — удерживает большую часть",3,False,False,2,3,3417512.0,72000.0,41,3,0.02106795821053445,0.0006321051467844573,0.001906878127736985,0.0029636816739710176,3.734276532549144e-05,0,0,9,1,False,0.06944444444444445,1,21
100000003254723100,terminal,0.654,3,0.4995,"получил 269 850 ₸ от 1 плательщ. (6 переводов), дальше ничего (колено 2, исходящие выгружены — обрыва нет)",2,False,False,1,0,269850.0,0.0,6,0,0.0,0.00053004366318591,0.0,3.4611015132410435e-10,0.0,0,1,10,0,False,0.0,1,6
100000001732159100,transit,0.45,39,0.4988,seed: отправил 1 505 966 ₸ 4 получ.; входящие вне выгрузки — роль по исходящим; 91% суммы ушло за ≤2 дня после поступления,0,True,False,2,4,2378100.0,1505966.0,30,23,0.633264370716118,0.0010950567872996843,5.340185710009986e-05,7.699492300574109e-07,2.027094433598164e-05,2,2,9,4,False,0.9144735007297642,2,18
100000008752616100,transit,0.35,5,0.4984,отдал 1 265 000 ₸ при видимых входящих 64 510 ₸ — есть поступления вне выгрузки; 100% суммы ушло за ≤2 дня после поступления,2,False,False,2,7,64510.0,1265000.0,2,7,19.6093628894745,0.00031306069757078167,4.859721049865237e-06,1.347324157512177e-06,0.00013875981919617183,0,1,9,0,False,1.0,1,4
100000001985793100,terminal,0.684,26,0.4984,"получил 420 000 ₸ от 1 плательщ. (1 переводов), дальше ничего (колено 2, исходящие выгружены — обрыва нет)",2,False,False,1,0,420000.0,0.0,1,0,0.0,0.0003726610761384928,0.0,4.282827661438586e-07,0.0,0,1,1,0,False,0.0,1,1
100000004041163100,transit,0.45,19,0.498,seed: отправил 866 000 ₸ 2 получ.; входящие вне выгрузки — роль по исходящим; 6% суммы ушло за ≤2 дня после поступления,0,True,False,1,2,50000.0,866000.0,1,6,17.32,0.0020847480556725213,4.642405447761473e-07,0.0,2.3381328463676314e-05,1,6,14,1,False,0.05542725173210162,1,5
100000004017410100,transit,0.35,35,0.4979,отдал 1 330 915 ₸ при видимых входящих 193 650 ₸ — есть поступления вне выгрузки; 4% суммы ушло за ≤2 дня после поступления,3,False,False,2,5,193650.0,1330915.0,6,11,6.872785954040795,0.0011315419625793077,7.879292882440499e-06,1.7769573200861015e-05,4.0587080059121736e-05,0,0,7,7,False,0.04132495313374633,2,9
100000003014659100,terminal,0.656,10,0.4975,"получил 280 000 ₸ от 1 плательщ. (1 переводов), дальше ничего (колено 1, исходящие выгружены — обрыва нет)",1,False,False,1,0,280000.0,0.0,1,0,0.0,0.0003280369433880595,0.0,0.00012279960108290615,0.0,1,2,8,0,False,0.0,1,1
100000008566737100,terminal,0.646,7,0.4975,"получил 230 000 ₸ от 2 плательщ. (2 переводов), дальше ничего (колено 1, исходящие выгружены — обрыва нет)",1,False,False,2,0,230000.0,0.0,2,0,0.0,0.00034946381190953385,0.0,0.000622222198313037,0.0,1,2,10,0,False,0.0,2,1
100000002306369100,transit,0.35,3,0.4973,отдал 260 900 ₸ при видимых входящих 73 166 ₸ — есть поступления вне выгрузки,1,False,False,1,6,73166.0,260900.0,1,9,3.5658639258672062,0.00029929907141169583,0.0037957609279209736,0.0021516815362503513,7.025152223848328e-05,1,1,7,81,True,0.0,1,5
100000002958343100,peripheral,0.5,8,0.4971,"получил 2 900 000 ₸, отдал дальше 48% полученного; ни сбора, ни веера, ни чистого транзита",2,False,False,1,2,2900000.0,1390000.0,4,17,0.4793103448275862,0.0006295066258876751,1.8776030241214768e-06,1.23619985386e-313,3.962937027741748e-07,0,1,1,1,False,0.1079136690647482,1,15
100000000933075100,transit,0.766,12,0.4971,"получил 40 000 ₸, отдал дальше 138% полученного (2 получ.); 73% суммы ушло за ≤2 дня после поступления",3,False,False,1,2,40000.0,55000.0,1,2,1.375,0.0008086964755110837,4.755615016242943e-298,1.0252342405126814e-06,2.139985994980544e-05,0,0,8,1,False,0.7272727272727273,1,2
100000001222263100,transit,0.748,6,0.4969,"получил 745 570 ₸, отдал дальше 56% полученного (1 получ.); 71% суммы ушло за ≤2 дня после поступления",3,False,False,1,1,745570.0,420000.0,1,5,0.5633273870998028,0.0003097326021317051,0.0,0.0029401739563140994,1.922024458454748e-05,0,0,7,0,False,0.7142857142857143,1,5
100000003031003100,consolidator,0.6,13,0.4969,"получает от 3 разных плательщиков (3 переводов, 280 090 ₸), отдал дальше 0% полученного; до 2 плательщиков в один день",3,False,False,3,0,280090.0,0.0,3,0,0.0,0.00031149881059583785,0.0,6.190924410425947e-06,0.0,0,0,9,0,False,0.0,2,2
100000002710570100,terminal,0.645,32,0.4963,"получил 225 015 ₸ от 1 плательщ. (1 переводов), дальше ничего (колено 2, исходящие выгружены — обрыва нет)",2,False,False,1,0,225015.0,0.0,1,0,0.0,0.0005391306175502205,0.0,1.7229296300670405e-295,0.0,0,1,7,0,False,0.0,1,1
100000006424479100,peripheral,0.5,11,0.4955,"получил 500 000 ₸, отдал дальше 44% полученного; ни сбора, ни веера, ни чистого транзита",2,False,False,1,2,500000.0,220000.0,2,3,0.44,0.0009438231531441734,0.0,4.876477610101951e-08,7.311618816183526e-05,0,1,10,0,False,0.0,1,3
100000001960517100,terminal,0.64,8,0.4953,"получил 200 000 ₸ от 1 плательщ. (1 переводов), дальше ничего (колено 1, исходящие выгружены — обрыва нет)",1,False,False,1,0,200000.0,0.0,1,0,0.0,0.00035922049322186785,0.0,9.22837788436284e-07,0.0,1,2,2,0,False,0.0,1,1
100000004664905100,terminal,0.666,4,0.4952,"получил 329 020 ₸ от 2 плательщ. (4 переводов), дальше ничего (колено 1, исходящие выгружены — обрыва нет)",1,False,False,2,0,329020.0,0.0,4,0,0.0,0.0004118439668426327,0.0,0.00030536517622965586,0.0,1,1,7,0,False,0.0,1,4
100000001611488100,terminal,0.756,6,0.4947,"получил 779 300 ₸ от 2 плательщ. (3 переводов), дальше ничего (колено 3, исходящие выгружены — обрыва нет)",3,False,False,2,0,779300.0,0.0,3,0,0.0,0.0008775368508533171,0.0,0.0029640652395430903,0.0,0,0,7,0,False,0.0,1,3
100000008356606100,terminal,0.634,11,0.4945,"получил 168 500 ₸ от 2 плательщ. (2 переводов), дальше ничего (колено 2, исходящие выгружены — обрыва нет)",2,False,False,2,0,168500.0,0.0,2,0,0.0,0.0006267853006401152,0.0,1.7177670200697507e-06,0.0,0,1,7,0,False,0.0,1,2
100000003062895100,terminal,0.666,5,0.4944,"получил 328 444 ₸ от 2 плательщ. (2 переводов), дальше ничего (колено 2, исходящие выгружены — обрыва нет)",2,False,False,2,0,328444.0,0.0,2,0,0.0,0.000407650670955185,0.0,0.0001159524826639257,0.0,0,1,9,0,False,0.0,1,2
100000000785800100,transit,0.95,56,0.4941,"получил 19 000 ₸, отдал дальше 100% полученного (1 получ.); 100% суммы ушло за ≤2 дня после поступления",2,False,False,1,1,19000.0,19000.0,1,1,1.0,0.0003566979785631403,4.80549224039712e-303,7.983534595344914e-303,0.0,0,1,1,1,False,1.0,1,1
100000007170072100,transit,0.949,7,0.4921,"получил 100 000 ₸, отдал дальше 100% полученного (2 получ.); 100% суммы ушло за ≤2 дня после поступления",3,False,False,1,2,100000.0,99500.0,1,9,0.995,0.0003076581045462558,0.0,0.0001302803722324665,3.844048916909496e-05,0,0,7,0,False,1.0,1,2
100000004892144100,terminal,0.55,24,0.4918,"получил 4 500 000 ₸ от 2 плательщ., дальше ушло лишь 180 300 ₸ (4%, 1 получ.) — удерживает большую часть",3,False,False,2,1,4500000.0,180300.0,7,1,0.04006666666666667,0.0027832036872124303,4.023432257479479e-248,3.947731740227498e-248,0.0,0,0,2,4,False,0.0,2,5
100000003034546100,terminal,0.697,9,0.4918,"получил 486 715 ₸ от 1 плательщ. (2 переводов), дальше ничего (колено 2, исходящие выгружены — обрыва нет)",2,False,False,1,0,486715.0,0.0,2,0,0.0,0.000331369004604237,0.0,5.01279615617639e-07,0.0,0,1,1,0,False,0.0,1,2
100000000795129100,terminal,0.666,15,0.4917,"получил 332 000 ₸ от 1 плательщ. (1 переводов), дальше ничего (колено 2, исходящие выгружены — обрыва нет)",2,False,False,1,0,332000.0,0.0,1,0,0.0,0.0003911920814716179,0.0,3.5676348106616587e-05,0.0,0,1,7,0,False,0.0,1,1
100000006562026100,terminal,0.615,51,0.4915,"получил 75 000 ₸ от 2 плательщ. (6 переводов), дальше ничего (колено 1, исходящие выгружены — обрыва нет)",1,False,False,2,0,75000.0,0.0,6,0,0.0,0.0006853595679127574,0.0,1.1290422900411568e-302,0.0,2,2,2,0,False,0.0,1,6
100000006240939100,transit,0.35,26,0.4914,отдал 778 015 ₸ при видимых входящих 160 000 ₸ — есть поступления вне выгрузки; 21% суммы ушло за ≤2 дня после поступления,2,False,False,1,5,160000.0,778015.0,1,5,4.86259375,0.0003187471159015583,2.5365357102325654e-05,4.282827661438586e-07,4.161083879128836e-06,0,1,1,0,False,0.2120331870208158,1,4
100000002448088100,consolidator,0.6,22,0.4913,"получает от 3 разных плательщиков (3 переводов, 20 000 ₸), отдал дальше 125% полученного; до 2 плательщиков в один день",3,False,False,3,1,20000.0,25000.0,3,1,1.25,0.0005086560796474201,0.0,1.5808496563390391e-254,2.0805419395644178e-05,0,0,7,0,False,1.0,2,2
100000008343874100,transit,0.8,20,0.491,"получил 283 535 ₸, отдал дальше 62% полученного (2 получ.); 81% суммы ушло за ≤2 дня после поступления",3,False,False,2,2,283535.0,176400.0,2,5,0.6221454141464017,0.0003076522795593052,0.0,0.0012112988361558858,3.883678287186913e-05,0,0,7,0,False,0.8129251700680272,1,5
100000004816564100,terminal,0.55,15,0.4909,"получил 285 480 ₸ от 1 плательщ., дальше ушло лишь 5 000 ₸ (2%, 1 получ.) — удерживает большую часть",2,False,False,1,1,285480.0,5000.0,1,1,0.01751436177665686,0.0003763921656189936,0.0,3.5676348106616587e-05,1.922024458454748e-05,0,1,7,0,False,1.0,1,2
100000006704530100,transit,0.54,28,0.4908,"получил 450 500 ₸, отдал дальше 95% полученного (3 получ.)",3,False,False,1,3,450500.0,428000.0,1,5,0.9500554938956715,0.0003985422277542583,1.57847465707e-313,2.8321519604650354e-232,5.8849614861964964e-05,0,0,7,0,False,0.0,1,5
100000008531133100,transit,0.35,4,0.4908,отдал 158 272 ₸ при видимых входящих 25 000 ₸ — есть поступления вне выгрузки; 20% суммы ушло за ≤2 дня после поступления,2,False,False,1,3,25000.0,158271.68,1,3,6.3308672,0.0005327484529006037,0.0009051216397998081,0.0,2.334830398844513e-05,0,1,7,0,False,0.20074140869674223,1,3
100000003603979100,terminal,0.633,25,0.4908,"получил 165 000 ₸ от 1 плательщ. (3 переводов), дальше ничего (колено 2, исходящие выгружены — обрыва нет)",2,False,False,1,0,165000.0,0.0,3,0,0.0,0.0005856463349534348,0.0,5.6958165875745425e-180,0.0,0,1,1,0,False,0.0,1,3
100000005077484100,terminal,0.55,30,0.4907,"получил 150 000 ₸ от 1 плательщ., дальше ушло лишь 13 550 ₸ (9%, 2 получ.) — удерживает большую часть",2,False,False,1,2,150000.0,13550.0,1,2,0.09033333333333333,0.0005397108639201059,1.792582335421736e-266,1.23619985386e-313,3.962937027741748e-07,0,1,1,1,False,0.5202952029520295,1,2
100000004722765100,transit,0.35,50,0.4905,отдал 2 284 500 ₸ при видимых входящих 230 000 ₸ — есть поступления вне выгрузки; 8% суммы ушло за ≤2 дня после поступления,3,False,False,1,3,230000.0,2284500.0,1,9,9.932608695652174,0.0005815882668655411,1.57847465707e-313,0.0,5.8255174307803695e-05,0,0,7,0,False,0.07660319544758153,1,6
100000003886323100,terminal,0.55,4,0.4903,"получил 78 168 ₸ от 2 плательщ., дальше ушло лишь 7 650 ₸ (10%, 1 получ.) — удерживает большую часть",1,False,False,2,1,78168.0,7650.0,6,1,0.09786613447958244,0.0018048414724057063,0.0,0.0002976021605979045,1.922024458454748e-05,1,1,7,1,False,0.0,1,6
100000004674799100,terminal,0.628,2,0.4899,"получил 140 000 ₸ от 1 плательщ. (5 переводов), дальше ничего (колено 2, исходящие выгружены — обрыва нет)",2,False,False,1,0,140000.0,0.0,5,0,0.0,0.0007906731933061705,0.0,8.651368331254472e-05,0.0,0,1,7,0,False,0.0,1,3
100000008106997100,transit,0.866,3,0.4897,"получил 35 600 ₸, отдал дальше 58% полученного (1 получ.); 100% суммы ушло за ≤2 дня после поступления",2,False,False,2,1,35600.0,20600.0,2,1,0.5786516853932584,0.0003053704876347346,0.0,0.00021258252745376914,1.922024458454748e-05,0,1,7,0,False,1.0,1,2
100000008628231100,transit,0.35,62,0.4891,отдал 627 870 ₸ при видимых входящих 50 000 ₸ — есть поступления вне выгрузки; 4% суммы ушло за ≤2 дня после поступления,1,False,False,1,2,50000.0,627870.0,1,19,12.5574,0.00029558111590539824,0.0,0.0004611679456476809,4.755524433290098e-05,1,2,10,0,False,0.03503910045073025,1,7
100000005363908100,transit,0.95,46,0.4887,"получил 19 500 ₸, отдал дальше 100% полученного (1 получ.); 100% суммы ушло за ≤2 дня после поступления",1,False,False,1,1,19500.0,19500.0,1,1,1.0,0.00033851712062440693,1.3114298515444887e-283,1.3380297447651783e-283,0.0,1,1,1,0,False,1.0,1,1
100000002635780100,terminal,0.633,8,0.487,"получил 163 000 ₸ от 1 плательщ. (1 переводов), дальше ничего (колено 2, исходящие выгружены — обрыва нет)",2,False,False,1,0,163000.02,0.0,1,0,0.0,0.0005553850086577911,0.0,0.0,0.0,0,1,9,0,False,0.0,1,1
100000004007116100,consolidator,0.6,25,0.487,"seed; получает от 3 разных плательщиков (24 переводов, 764 704 ₸)",0,True,False,3,4,764704.0,148000.0,24,6,0.19353893794200108,0.0006277769573248429,1.1001602779511113e-178,6.473231502161352e-179,3.962937027741748e-07,0,0,0,16,False,0.9324324324324325,1,18
100000008561016100,transit,0.944,5,0.4869,"получил 180 000 ₸, отдал дальше 103% полученного (1 получ.); 100% суммы ушло за ≤2 дня после поступления",3,False,False,1,1,180000.0,185000.0,2,4,1.0277777777777777,0.0002948428406003132,0.0,3.220733583683774e-06,2.2390594206740877e-05,0,0,9,0,False,1.0,1,2
100000005034574100,terminal,0.652,61,0.4869,"получил 258 816 ₸ от 1 плательщ. (16 переводов), дальше ничего (колено 1, исходящие выгружены — обрыва нет)",1,False,False,1,0,258816.0,0.0,16,0,0.0,0.0004250866895938891,0.0,0.0,0.0,1,1,1,0,False,0.0,1,5
100000002596035100,terminal,0.646,10,0.4859,"получил 231 570 ₸ от 1 плательщ. (1 переводов), дальше ничего (колено 1, исходящие выгружены — обрыва нет)",1,False,False,1,0,231570.0,0.0,1,0,0.0,0.0003206915567832726,0.0,0.00012279960108290615,0.0,1,2,8,0,False,0.0,1,1
100000000594783100,terminal,0.55,24,0.4859,"получил 2 635 000 ₸ от 1 плательщ., дальше ушло лишь 152 500 ₸ (6%, 2 получ.) — удерживает большую часть",3,False,False,1,2,2635000.0,152500.0,10,2,0.05787476280834915,0.0013815888060884878,6.070456538802831e-248,1.911531541212292e-248,0.0,0,0,2,3,False,1.0,1,8
100000001633685100,consolidator,0.6,2,0.4857,"получает от 3 разных плательщиков (3 переводов, 45 000 ₸), отдал дальше 0% полученного",2,False,False,3,0,45000.0,0.0,3,0,0.0,0.0003061866332400334,0.0,0.00013688514567287784,0.0,0,1,7,0,False,0.0,1,3
100000003016438100,transit,0.717,5,0.4857,"получил 200 000 ₸, отдал дальше 150% полученного (1 получ.); 67% суммы ушло за ≤2 дня после поступления",3,False,False,1,1,200000.0,300000.0,1,3,1.5,0.00031668469996408427,0.0,1.8496738193083065e-06,2.139985994980544e-05,0,0,8,0,False,0.6666666666666666,1,3
100000004399686100,terminal,0.761,24,0.4853,"получил 806 000 ₸ от 1 плательщ. (2 переводов), дальше ничего (колено 3, исходящие выгружены — обрыва нет)",3,False,False,1,0,806000.0,0.0,2,0,0.0,0.0005708068229548232,0.0,1.23619985386e-313,0.0,0,0,1,0,False,0.0,1,1
100000002883402100,consolidator,0.6,5,0.485,"получает от 3 разных плательщиков (3 переводов, 300 000 ₸), отдал дальше 0% полученного",3,False,False,3,0,300000.0,0.0,3,0,0.0,0.0003006570717458922,0.0,3.6593518302858516e-06,0.0,0,0,10,0,False,0.0,1,3
100000000821507100,terminal,0.68,31,0.485,"получил 400 000 ₸ от 1 плательщ. (1 переводов), дальше ничего (колено 2, исходящие выгружены — обрыва нет)",2,False,False,1,0,400000.0,0.0,1,0,0.0,0.0003355427477307164,0.0,3.8766877888989646e-07,0.0,0,1,7,0,False,0.0,1,1
100000007281639100,terminal,0.643,4,0.485,"получил 216 770 ₸ от 2 плательщ. (4 переводов), дальше ничего (колено 1, исходящие выгружены — обрыва нет)",1,False,False,2,0,216770.0,0.0,4,0,0.0,0.0003235711404553908,0.0,0.0003309179489902753,0.0,1,2,7,0,False,0.0,1,4
100000000552584100,terminal,0.55,24,0.4849,"получил 2 500 000 ₸ от 1 плательщ., дальше ушло лишь 57 500 ₸ (2%, 1 получ.) — удерживает большую часть",3,False,False,1,1,2500000.0,57500.0,3,1,0.023,0.0013254360037725063,2.0470242813233522e-248,1.911531541212292e-248,0.0,0,0,2,2,False,0.0,1,3
100000002472632100,terminal,0.55,27,0.4846,"получил 502 400 ₸ от 2 плательщ., дальше ушло лишь 20 000 ₸ (4%, 1 получ.) — удерживает большую часть",3,False,False,2,1,502400.0,20000.0,3,1,0.03980891719745223,0.000985619333290868,0.0,2.5213387659106686e-06,2.0012831990095827e-05,0,0,7,0,False,0.0,1,3
100000005079754100,transit,0.467,3,0.4843,"получил 70 000 ₸, отдал дальше 174% полученного (2 получ.); 16% суммы ушло за ≤2 дня после поступления",1,False,False,1,2,70000.0,122000.0,1,2,1.7428571428571429,0.0002995858445806412,0.0,0.0004611679456476809,9.511048866580196e-05,1,2,10,0,False,0.16393442622950818,1,3
100000002335358100,terminal,0.628,4,0.484,"получил 140 000 ₸ от 1 плательщ. (2 переводов), дальше ничего (колено 2, исходящие выгружены — обрыва нет)",2,False,False,1,0,140000.0,0.0,2,0,0.0,0.0006124866171005886,0.0,7.33291794314557e-257,0.0,0,1,7,0,False,0.0,1,2
100000001808684100,transit,0.824,8,0.4839,"получил 48 400 ₸, отдал дальше 78% полученного (1 получ.); 80% суммы ушло за ≤2 дня после поступления",3,False,False,1,1,48400.0,37700.0,3,2,0.7789256198347108,0.0011690957183659054,1.2421621001173871e-05,1.23619985386e-313,0.0,0,0,1,1,False,0.7957559681697612,1,4
100000002956898100,terminal,0.658,15,0.4839,"получил 290 240 ₸ от 2 плательщ. (2 переводов), дальше ничего (колено 2, исходящие выгружены — обрыва нет)",2,False,False,2,0,290240.0,0.0,2,0,0.0,0.000376841314812201,0.0,8.824618242091394e-05,0.0,0,1,7,0,False,0.0,1,2
100000001138283100,transit,0.792,7,0.4832,"получил 81 805 ₸, отдал дальше 61% полученного (2 получ.); 80% суммы ушло за ≤2 дня после поступления",3,False,False,1,2,81805.0,50000.0,1,2,0.6112095837662734,0.0003022132575532862,0.0010542924578234984,0.0016044117305492448,1.9022097733160393e-05,0,0,7,1,True,0.8,1,2
100000006564102100,terminal,0.647,3,0.4828,"получил 233 235 ₸ от 1 плательщ. (1 переводов), дальше ничего (колено 2, исходящие выгружены — обрыва нет)",2,False,False,1,0,233235.0,0.0,1,0,0.0,0.00042809593979465266,0.0,0.0001427672909306537,0.0,0,1,9,0,False,0.0,1,1
100000003191430100,terminal,0.636,4,0.4828,"получил 180 000 ₸ от 1 плательщ. (1 переводов), дальше ничего (колено 2, исходящие выгружены — обрыва нет)",2,False,False,1,0,180000.0,0.0,1,0,0.0,0.0005307375952815097,0.0,0.0,0.0,0,1,7,0,False,0.0,1,1
100000008742053100,distributor,0.62,13,0.482,"веер: 12 переводов на 12 разных получателей, 2 789 000 ₸; получил от 1 плательщиков",3,False,False,1,12,10000.0,2789000.0,1,12,278.9,0.0002862711500893241,1.1371414733383668e-05,1.966214550791006e-06,0.00012107303358925224,0,0,8,0,False,0.0,1,7
100000005031696100,transit,0.35,53,0.482,отдал 115 000 ₸ при видимых входящих 5 000 ₸ — есть поступления вне выгрузки; 4% суммы ушло за ≤2 дня после поступления,2,False,False,1,2,5000.0,115000.0,1,3,23.0,0.0005397118809391454,0.0,0.0,9.59030760713503e-05,0,1,10,0,False,0.043478260869565216,1,4
100000008647905100,transit,0.35,17,0.4816,отдал 344 222 ₸ при видимых входящих 50 000 ₸ — есть поступления вне выгрузки; 67% суммы ушло за ≤2 дня после поступления,2,False,False,1,2,50000.0,344222.0,1,2,6.88444,0.0003287103258672675,0.0,9.023756758629543e-290,3.844048916909496e-05,0,1,7,0,False,0.670497527758249,1,3
100000003964910100,terminal,0.8,16,0.4815,"получил 1 000 000 ₸ от 2 плательщ. (2 переводов), дальше ничего (колено 3, исходящие выгружены — обрыва нет)",3,False,False,2,0,1000000.0,0.0,2,0,0.0,0.0005093616966720358,0.0,0.00025203680321420047,0.0,0,0,7,0,False,0.0,2,1
100000008335401100,terminal,0.63,9,0.4814,"получил 150 000 ₸ от 1 плательщ. (3 переводов), дальше ничего (колено 2, исходящие выгружены — обрыва нет)",2,False,False,1,0,150000.0,0.0,3,0,0.0,0.0005512278448300623,0.0,9.023756758629543e-290,0.0,0,1,9,0,False,0.0,1,1
100000003289405100,terminal,0.671,3,0.4814,"получил 355 000 ₸ от 1 плательщ. (1 переводов), дальше ничего (колено 2, исходящие выгружены — обрыва нет)",2,False,False,1,0,355000.0,0.0,1,0,0.0,0.00033900466723614563,0.0,6.211858071745701e-05,0.0,0,1,1,0,False,0.0,1,1
100000005493505100,consolidator,0.6,11,0.4813,"seed; получает от 3 разных плательщиков (3 переводов, 62 020 ₸)",0,True,False,3,0,62020.0,0.0,3,0,0.0,0.0006174200765778783,0.0,4.3288934629498955e-08,0.0,1,2,11,0,False,0.0,1,3
100000002152857100,transit,0.35,26,0.4812,отдал 1 230 000 ₸ при видимых входящих 105 000 ₸ — есть поступления вне выгрузки; 59% суммы ушло за ≤2 дня после поступления,1,False,False,1,5,105000.0,1230000.0,1,6,11.714285714285714,0.0002997108402620942,2.298155223080961e-05,4.089589732056224e-05,0.00031346831889437224,1,1,1,0,False,0.5853658536585366,1,5
100000003275398100,terminal,0.55,25,0.481,"получил 300 000 ₸ от 1 плательщ., дальше ушло лишь 20 000 ₸ (7%, 1 получ.) — удерживает большую часть",2,False,False,1,1,300000.0,20000.0,1,1,0.06666666666666667,0.000434247809285157,2.3706310593553663e-179,1.797726136022499e-179,0.0,0,1,1,0,False,0.0,1,2
100000005820746100,terminal,0.55,24,0.4808,"получил 1 989 000 ₸ от 1 плательщ., дальше ушло лишь 60 000 ₸ (3%, 1 получ.) — удерживает большую часть",3,False,False,1,1,1989000.0,60000.0,2,1,0.030165912518853696,0.000989461905456685,8.78241285305765e-249,1.23619985386e-313,0.0,0,0,1,1,False,0.0,1,2
100000002713074100,transit,0.473,16,0.4807,"получил 700 000 ₸, отдал дальше 61% полученного (1 получ.)",3,False,False,2,1,700000.0,430000.0,2,2,0.6142857142857143,0.0004336098166177599,0.0,0.0006992464113712839,1.922024458454748e-05,0,0,7,0,False,0.0,2,3
100000004737764100,terminal,0.72,3,0.4804,"получил 600 000 ₸ от 1 плательщ. (1 переводов), дальше ничего (колено 3, исходящие выгружены — обрыва нет)",3,False,False,1,0,600000.0,0.0,1,0,0.0,0.0006766224227546178,0.0,0.0,0.0,0,0,7,0,False,0.0,1,1
100000008730371100,terminal,0.704,2,0.4796,"получил 520 000 ₸ от 2 плательщ. (3 переводов), дальше ничего (колено 3, исходящие выгружены — обрыва нет)",3,False,False,2,0,520000.0,0.0,3,0,0.0,0.0008583627263123976,0.0,0.0011409886387783246,0.0,0,0,7,0,False,0.0,1,3
100000005857058100,consolidator,0.6,2,0.4785,"получает от 3 разных плательщиков (3 переводов, 80 222 ₸), отдал дальше 0% полученного",3,False,False,3,0,80222.0,0.0,3,0,0.0,0.0003899337552291797,0.0,0.001797590832820115,0.0,0,0,7,0,False,0.0,1,3
100000002469065100,terminal,0.64,4,0.4783,"получил 200 000 ₸ от 1 плательщ. (1 переводов), дальше ничего (колено 2, исходящие выгружены — обрыва нет)",2,False,False,1,0,200000.0,0.0,1,0,0.0,0.0003186959872113208,0.0,4.0407558618990766e-06,0.0,0,2,7,0,False,0.0,1,1
100000005523088100,terminal,0.74,19,0.4782,"получил 700 000 ₸ от 1 плательщ. (2 переводов), дальше ничего (колено 0, исходящие выгружены — обрыва нет)",0,True,False,1,0,700000.0,0.0,2,0,0.0,0.0017206377268585411,0.0,8.651557678785036e-09,0.0,1,2,15,0,False,0.0,1,1
100000007898453100,transit,0.35,3,0.4781,отдал 320 000 ₸ при видимых входящих 24 750 ₸ — есть поступления вне выгрузки; 94% суммы ушло за ≤2 дня после поступления,2,False,False,1,2,24750.0,320000.0,1,2,12.929292929292929,0.0003330161085564525,0.0001994488810788469,0.0,2.3975769017837576e-05,0,1,10,1,False,0.9375,1,3
100000003589877100,transit,0.35,5,0.478,отдал 416 129 ₸ при видимых входящих 176 000 ₸ — есть поступления вне выгрузки; 88% суммы ушло за ≤2 дня после поступления,1,False,False,2,6,176000.0,416129.0,2,6,2.364369318181818,0.0003069751599714215,0.0001231626036013003,4.8330562539922855e-06,9.545724565572935e-05,1,1,9,0,False,0.8798449519259652,1,4
100000007536804100,transit,0.787,8,0.4771,"получил 100 000 ₸, отдал дальше 55% полученного (2 получ.); 82% суммы ушло за ≤2 дня после поступления",1,False,False,1,2,100000.0,55000.0,1,2,0.55,0.00029130351809237046,1.1601484540645376e-302,4.341414826156218e-06,7.925874055483496e-07,1,1,1,0,False,0.8181818181818182,1,3
100000001714173100,terminal,0.728,21,0.4771,"получил 638 905 ₸ от 1 плательщ. (6 переводов), дальше ничего (колено 3, исходящие выгружены — обрыва нет)",3,False,False,1,0,638905.0,0.0,6,0,0.0,0.0005706777097822566,0.0,1.584727655852726e-08,0.0,0,0,9,0,False,0.0,1,3
100000004732589100,terminal,0.646,10,0.4768,"получил 227 520 ₸ от 1 плательщ. (1 переводов), дальше ничего (колено 2, исходящие выгружены — обрыва нет)",2,False,False,1,0,227520.0,0.0,1,0,0.0,0.0003939729265831237,0.0,2.322813314613868e-05,0.0,0,1,1,0,False,0.0,1,1
100000003164661100,terminal,0.719,30,0.4764,"получил 596 200 ₸ от 1 плательщ. (3 переводов), дальше ничего (колено 3, исходящие выгружены — обрыва нет)",3,False,False,1,0,596200.0,0.0,3,0,0.0,0.0006007384807220605,0.0,0.0,0.0,0,0,1,0,False,0.0,1,3
100000005168487100,transit,0.35,10,0.4757,отдал 103 510 ₸ при видимых входящих 15 000 ₸ — есть поступления вне выгрузки; 17% суммы ушло за ≤2 дня после поступления,2,False,False,1,1,15000.0,103510.0,1,14,6.900666666666667,0.00181254731435578,5.268453548231194e-05,0.0,0.0,0,1,8,1,False,0.17399285093227707,1,12
100000003163886100,terminal,0.7,57,0.4752,"получил 500 000 ₸ от 1 плательщ. (1 переводов), дальше ничего (колено 3, исходящие выгружены — обрыва нет)",3,False,False,1,0,500000.0,0.0,1,0,0.0,0.0007338350680593709,0.0,3.283226523281586e-08,0.0,0,0,10,0,False,0.0,1,1
100000002087788100,terminal,0.62,6,0.4752,"получил 100 500 ₸ от 1 плательщ. (1 переводов), дальше ничего (колено 2, исходящие выгружены — обрыва нет)",2,False,False,1,0,100500.0,0.0,1,0,0.0,0.0006585724738436675,0.0,0.0,0.0,0,1,7,0,False,0.0,1,1
100000003823811100,transit,0.35,19,0.4752,отдал 66 130 ₸ при видимых входящих 30 000 ₸ — есть поступления вне выгрузки,2,False,False,1,3,30000.0,66130.0,1,3,2.2043333333333335,0.0003569753080281231,1.5493915147620894e-05,1.8751204579046785e-06,0.00012452339757262028,0,2,7,0,False,0.0,1,4
100000002720627100,terminal,0.64,10,0.4751,"получил 199 300 ₸ от 1 плательщ. (1 переводов), дальше ничего (колено 1, исходящие выгружены — обрыва нет)",1,False,False,1,0,199300.0,0.0,1,0,0.0,0.0003157971602163415,0.0,0.00012279960108290615,0.0,1,2,8,0,False,0.0,1,1
100000002991079100,terminal,0.55,4,0.4748,"получил 148 900 ₸ от 2 плательщ., дальше ушло лишь 11 000 ₸ (7%, 1 получ.) — удерживает большую часть",1,False,False,2,1,148900.0,11000.0,3,1,0.07387508394895903,0.00039517397427267476,0.0,0.00030536517622965586,1.981468513870874e-05,1,1,7,0,False,1.0,1,2
100000000297649100,transit,0.397,12,0.4748,"получил 40 000 ₸, отдал дальше 176% полученного (1 получ.)",2,False,False,1,1,40000.0,70600.0,1,2,1.765,0.0008091385858414708,5.4141095832694945e-05,4.9968235834670635e-298,0.0,0,1,8,1,False,0.0,1,3
100000004979498100,peripheral,0.5,52,0.4747,"получил 700 000 ₸, отдал дальше 29% полученного; ни сбора, ни веера, ни чистого транзита",2,False,False,1,1,700000.0,200000.0,2,1,0.2857142857142857,0.0013189827666274718,4.80549224039712e-303,7.983534595344914e-303,0.0,0,1,1,1,False,1.0,1,2
100000003321423100,terminal,0.62,34,0.4743,"получил 100 000 ₸ от 1 плательщ. (2 переводов), дальше ничего (колено 2, исходящие выгружены — обрыва нет)",2,False,False,1,0,100000.0,0.0,2,0,0.0,0.0006711029646605617,0.0,1.6242871664535988e-281,0.0,0,1,8,0,False,0.0,1,2
100000003031890100,terminal,0.643,25,0.4742,"получил 215 000 ₸ от 1 плательщ. (10 переводов), дальше ничего (колено 2, исходящие выгружены — обрыва нет)",2,False,False,1,0,215000.0,0.0,10,0,0.0,0.00039212223001592824,0.0,1.797726136022499e-179,0.0,0,1,1,0,False,0.0,1,10
100000007181706100,terminal,0.635,3,0.4731,"получил 176 272 ₸ от 2 плательщ. (2 переводов), дальше ничего (колено 1, исходящие выгружены — обрыва нет)",1,False,False,2,0,176272.0,0.0,2,0,0.0,0.00031906641503554804,0.0,0.0033669494784569405,0.0,1,2,10,0,False,0.0,2,1
100000002824176100,terminal,0.629,8,0.4728,"получил 144 000 ₸ от 1 плательщ. (1 переводов), дальше ничего (колено 1, исходящие выгружены — обрыва нет)",1,False,False,1,0,144000.0,0.0,1,0,0.0,0.0003385981575005863,0.0,9.22837788436284e-07,0.0,1,2,2,0,False,0.0,1,1
100000002964966100,terminal,0.64,3,0.4727,"получил 200 000 ₸ от 1 плательщ. (1 переводов), дальше ничего (колено 2, исходящие выгружены — обрыва нет)",2,False,False,1,0,200000.0,0.0,1,0,0.0,0.00039541593494282827,0.0,2.8321519604650354e-232,0.0,0,1,8,0,False,0.0,1,1
100000000910216100,transit,0.497,3,0.4724,"получил 71 000 ₸, отдал дальше 73% полученного (1 получ.)",2,False,False,1,1,71000.0,52010.0,3,1,0.7325352112676057,0.00032323954910943236,1.6371250757998062e-06,0.00015948067689100677,0.0004801618458481234,0,1,7,0,False,0.0,1,4
100000008418934100,terminal,0.672,9,0.4723,"получил 360 000 ₸ от 1 плательщ. (1 переводов), дальше ничего (колено 2, исходящие выгружены — обрыва нет)",2,False,False,1,0,360000.0,0.0,1,0,0.0,0.00031944516765308105,0.0,5.01279615617639e-07,0.0,0,1,1,0,False,0.0,1,1
100000003237045100,peripheral,0.5,4,0.4722,"получил 340 200 ₸, отдал дальше 44% полученного; ни сбора, ни веера, ни чистого транзита",2,False,False,1,1,340200.0,150000.0,2,1,0.4409171075837742,0.00039413443206538995,0.0001266670775836496,1.8799730754466785e-07,0.0,0,1,7,1,True,0.0,1,2
100000001703168100,transit,0.75,3,0.4715,"получил 45 000 ₸, отдал дальше 200% полученного (1 получ.); 100% суммы ушло за ≤2 дня после поступления",2,False,False,1,1,45000.0,90000.0,1,1,2.0,0.00029266343176030765,0.0,0.0001421681899391104,1.922024458454748e-05,0,1,7,0,False,1.0,1,2
100000002826669100,terminal,0.632,2,0.4714,"получил 159 900 ₸ от 1 плательщ. (4 переводов), дальше ничего (колено 2, исходящие выгружены — обрыва нет)",2,False,False,1,0,159900.0,0.0,4,0,0.0,0.0004762394546257399,0.0,3.537647047461897e-05,0.0,0,1,7,0,False,0.0,1,4
100000008625905100,transit,0.35,60,0.471,отдал 635 000 ₸ при видимых входящих 197 800 ₸ — есть поступления вне выгрузки,3,False,False,1,2,197800.0,635000.0,1,2,3.210313447927199,0.0005453128171044595,0.0,0.0,3.962937027741748e-05,0,0,7,0,False,0.0,1,2
100000002670860100,terminal,0.69,13,0.4709,"получил 450 000 ₸ от 2 плательщ. (2 переводов), дальше ничего (колено 1, исходящие выгружены — обрыва нет)",1,False,False,2,0,450000.0,0.0,2,0,0.0,0.00030894570400308074,0.0,4.7208284445292576e-06,0.0,1,1,3,0,False,0.0,1,2
100000002645993100,transit,0.8,2,0.4706,"получил 49 650 ₸, отдал дальше 175% полученного (5 получ.); 100% суммы ушло за ≤2 дня после поступления",3,False,False,2,5,49650.0,86980.0,4,9,1.7518630412890233,0.0002933085935851203,0.0005629113569170797,0.0035485971903571416,9.387624077821862e-05,0,0,7,18,True,1.0,2,2
100000002760175100,terminal,0.637,10,0.4702,"получил 187 410 ₸ от 1 плательщ. (1 переводов), дальше ничего (колено 1, исходящие выгружены — обрыва нет)",1,False,False,1,0,187410.0,0.0,1,0,0.0,0.00031399380182834,0.0,0.00012279960108290615,0.0,1,2,8,0,False,0.0,1,1
100000002621949100,terminal,0.633,3,0.4694,"получил 164 612 ₸ от 1 плательщ. (1 переводов), дальше ничего (колено 1, исходящие выгружены — обрыва нет)",1,False,False,1,0,164612.0,0.0,1,0,0.0,0.0003185306140517454,0.0,0.0004611679456476809,0.0,1,2,10,0,False,0.0,1,1
100000008746449100,distributor,0.6,5,0.4692,"веер: 10 переводов на 10 разных получателей, 1 009 000 ₸; получил от 1 плательщиков",3,False,False,1,10,10000.0,1009000.0,1,10,100.9,0.00028700414108164825,1.6584609340445519e-06,2.612568276300329e-07,0.00016598228268404117,0,0,8,0,False,0.0,1,5
100000003873332100,transit,0.35,17,0.4689,отдал 286 000 ₸ при видимых входящих 23 468 ₸ — есть поступления вне выгрузки,1,False,False,1,4,23468.0,286000.0,1,8,12.186807567751833,0.0002899731212844846,1.5362965042255266e-289,0.0021516815362503513,0.0008935591491820593,1,1,7,0,True,0.0,1,9
100000006111439100,consolidator,0.6,6,0.4686,"получает от 3 разных плательщиков (3 переводов, 20 570 ₸), отдал дальше 117% полученного",3,False,False,3,4,20570.0,24000.0,3,4,1.166747690811862,0.00036550170106991627,0.00039378212600319184,0.0036417524169981416,1.755563613021834e-05,0,0,7,1,False,0.0,1,7
100000008232832100,peripheral,0.5,39,0.4684,"получил 337 000 ₸, отдал дальше 41% полученного; ни сбора, ни веера, ни чистого транзита",1,False,False,1,1,337000.0,138000.0,2,1,0.4094955489614243,0.0004942271899045276,1.2324458498178156e-05,9.951936599560188e-07,0.0,1,3,10,0,False,0.0,1,2
100000003204491100,transit,0.893,2,0.4684,"получил 140 000 ₸, отдал дальше 71% полученного (1 получ.); 100% суммы ушло за ≤2 дня после поступления",3,False,False,1,1,140000.0,100000.0,1,2,0.7142857142857143,0.00029798480966852173,0.0,0.0011319383959652314,1.922024458454748e-05,0,0,7,0,False,1.0,1,1
100000007283257100,terminal,0.638,61,0.4683,"получил 192 000 ₸ от 1 плательщ. (7 переводов), дальше ничего (колено 1, исходящие выгружены — обрыва нет)",1,False,False,1,0,192000.0,0.0,7,0,0.0,0.00038906884568361,0.0,0.0,0.0,1,1,1,0,False,0.0,1,2
100000000041368100,terminal,0.632,3,0.4676,"получил 160 000 ₸ от 1 плательщ. (1 переводов), дальше ничего (колено 1, исходящие выгружены — обрыва нет)",1,False,False,1,0,160000.0,0.0,1,0,0.0,0.0003176071236192344,0.0,0.0004611679456476809,0.0,1,2,10,0,False,0.0,1,1
100000006901046100,terminal,0.55,4,0.4672,"получил 75 800 ₸ от 1 плательщ., дальше ушло лишь 5 500 ₸ (7%, 1 получ.) — удерживает большую часть",2,False,False,1,1,75800.0,5500.0,3,1,0.07255936675461741,0.0029998776847225033,0.0001371676154569457,0.0,0.0,0,1,7,1,False,1.0,1,3
100000002911170100,terminal,0.66,31,0.4669,"получил 300 000 ₸ от 1 плательщ. (2 переводов), дальше ничего (колено 2, исходящие выгружены — обрыва нет)",2,False,False,1,0,300000.0,0.0,2,0,0.0,0.00032304938435236,0.0,3.8766877888989646e-07,0.0,0,1,7,0,False,0.0,1,2
100000005124479100,terminal,0.55,2,0.4665,"получил 137 753 ₸ от 2 плательщ., дальше ушло лишь 22 000 ₸ (16%, 2 получ.) — удерживает большую часть",1,False,False,2,2,137753.0,22000.0,2,2,0.15970614070110994,0.0003032300539809193,0.0,0.0015931063416129122,4.755524433290098e-05,1,2,10,0,False,0.0,1,4
100000004569484100,transit,0.433,9,0.4659,"получил 98 312 ₸, отдал дальше 159% полученного (4 получ.)",3,False,False,2,4,98312.0,156000.0,3,4,1.586784929611848,0.00031938100409198596,9.190404790363823e-05,2.7172063209490193e-05,0.002793401699161766,0,0,7,4,True,0.0,1,6
100000003001661100,transit,0.35,29,0.4657,отдал 439 500 ₸ при видимых входящих 110 000 ₸ — есть поступления вне выгрузки,3,False,False,1,5,110000.0,439500.0,1,8,3.9954545454545456,0.0005464870342921869,1.6305487648622814e-09,2.91876993847384e-271,8.322167758257671e-05,0,0,7,1,False,0.0,1,9
100000005844459100,terminal,0.649,2,0.4655,"получил 243 400 ₸ от 2 плательщ. (2 переводов), дальше ничего (колено 1, исходящие выгружены — обрыва нет)",1,False,False,2,0,243400.0,0.0,2,0,0.0,0.00033808255774742736,0.0,0.0032895889214056735,0.0,1,1,7,0,False,0.0,1,2
100000008747113100,terminal,0.64,6,0.4651,"получил 197 801 ₸ от 2 плательщ. (2 переводов), дальше ничего (колено 1, исходящие выгружены — обрыва нет)",1,False,False,2,0,197801.0,0.0,2,0,0.0,0.00030751915506009613,0.0,0.00340134190196178,0.0,1,2,10,0,False,0.0,2,1
100000005664632100,terminal,0.64,62,0.4649,"получил 198 620 ₸ от 1 плательщ. (18 переводов), дальше ничего (колено 2, исходящие выгружены — обрыва нет)",2,False,False,1,0,198620.0,0.0,18,0,0.0,0.00036514203992280307,0.0,0.0,0.0,0,1,10,0,False,0.0,1,5
100000002983879100,terminal,0.64,3,0.4644,"получил 200 050 ₸ от 2 плательщ. (2 переводов), дальше ничего (колено 2, исходящие выгружены — обрыва нет)",2,False,False,2,0,200050.0,0.0,2,0,0.0,0.0003580797764870863,0.0,0.003082941247244753,0.0,0,1,9,0,False,0.0,1,2
100000005474472100,terminal,0.62,24,0.4641,"получил 100 000 ₸ от 1 плательщ. (1 переводов), дальше ничего (колено 2, исходящие выгружены — обрыва нет)",2,False,False,1,0,100000.0,0.0,1,0,0.0,0.0005449540086863332,0.0,0.0,0.0,0,1,1,0,False,0.0,1,1
100000002479804100,transit,0.764,3,0.4638,"получил 46 000 ₸, отдал дальше 77% полученного (2 получ.); 65% суммы ушло за ≤2 дня после поступления",1,False,False,1,2,46000.0,35300.0,1,2,0.7673913043478261,0.00029696632694887494,2.1578876366621626e-281,6.780075768513709e-05,1.7833216624837866e-06,1,1,1,0,False,0.6515580736543909,1,3
100000002445750100,terminal,0.55,2,0.4636,"получил 70 000 ₸ от 1 плательщ., дальше ушло лишь 10 000 ₸ (14%, 1 получ.) — удерживает большую часть",2,False,False,1,1,70000.0,10000.0,1,1,0.14285714285714285,0.0005372906870343848,0.0,0.0,1.9418391435934565e-05,0,1,7,0,False,0.0,1,2
100000002531406100,transit,0.542,20,0.4631,"получил 520 000 ₸, отдал дальше 96% полученного (1 получ.)",3,False,False,1,1,520000.0,500000.0,1,1,0.9615384615384616,0.00032260508437457255,0.0,7.936044019065454e-05,7.925874055483496e-07,0,0,1,0,False,0.0,1,2
100000002459832100,terminal,0.776,20,0.4631,"получил 880 606 ₸ от 2 плательщ. (2 переводов), дальше ничего (колено 3, исходящие выгружены — обрыва нет)",3,False,False,2,0,880606.0,0.0,2,0,0.0,0.0003931880367042986,0.0,0.00020964081242312105,0.0,0,0,7,0,False,0.0,1,2
100000001924185100,terminal,0.63,10,0.4631,"получил 151 000 ₸ от 2 плательщ. (2 переводов), дальше ничего (колено 1, исходящие выгружены — обрыва нет)",1,False,False,2,0,151000.0,0.0,2,0,0.0,0.0003102198760278653,0.0,0.000583967546730587,0.0,2,4,11,0,False,0.0,1,2
100000000993112100,terminal,0.628,33,0.4623,"получил 141 000 ₸ от 1 плательщ. (1 переводов), дальше ничего (колено 2, исходящие выгружены — обрыва нет)",2,False,False,1,0,141000.0,0.0,1,0,0.0,0.00044111482764995627,0.0,4.870880269675223e-241,0.0,0,1,8,0,False,0.0,1,1
100000005175148100,terminal,0.55,15,0.4623,"получил 79 000 ₸ от 2 плательщ., дальше ушло лишь 15 000 ₸ (19%, 1 получ.) — удерживает большую часть",2,False,False,2,1,79000.0,15000.0,4,1,0.189873417721519,0.0007181459635567832,0.00014314447970799777,5.127732812735449e-06,0.0,0,1,7,2,False,1.0,1,4
100000003406094100,transit,0.544,4,0.4621,"получил 70 000 ₸, отдал дальше 67% полученного (3 получ.); 15% суммы ушло за ≤2 дня после поступления",3,False,False,1,3,70000.0,47000.0,4,3,0.6714285714285714,0.000778150781378675,1.1351904598221208e-06,0.0,3.883678287186913e-05,0,0,7,1,False,0.14893617021276595,1,7
100000001184915100,terminal,0.64,15,0.4621,"получил 201 000 ₸ от 1 плательщ. (2 переводов), дальше ничего (колено 2, исходящие выгружены — обрыва нет)",2,False,False,1,0,201000.0,0.0,2,0,0.0,0.00034951562023572384,0.0,3.5676348106616587e-05,0.0,0,1,7,0,False,0.0,1,1
100000000291908100,terminal,0.55,54,0.4611,"получил 295 500 ₸ от 1 плательщ., дальше ушло лишь 13 300 ₸ (5%, 1 получ.) — удерживает большую часть",3,False,False,1,1,295500.0,13300.0,5,1,0.045008460236886635,0.0007065527083397005,0.0,0.0,1.981468513870874e-05,0,0,7,0,False,0.0,1,6
100000003831324100,terminal,0.66,8,0.4611,"получил 300 000 ₸ от 2 плательщ. (2 переводов), дальше ничего (колено 1, исходящие выгружены — обрыва нет)",1,False,False,2,0,300000.0,0.0,2,0,0.0,0.00031519260326985687,0.0,4.672374718466922e-06,0.0,1,1,9,0,False,0.0,1,2
100000004670388100,transit,0.35,54,0.461,отдал 720 000 ₸ при видимых входящих 160 354 ₸ — есть поступления вне выгрузки; 53% суммы ушло за ≤2 дня после поступления,3,False,False,1,2,160354.0,720000.0,1,4,4.490065729573319,0.0005140172616899977,0.0,0.0,1.9616538287321655e-05,0,0,7,1,False,0.5277777777777778,1,3
100000002988894100,peripheral,0.5,3,0.4608,"получил 306 121 ₸, отдал дальше 25% полученного; ни сбора, ни веера, ни чистого транзита",1,False,False,1,3,306121.0,77500.0,1,3,0.25316786499456095,0.0003468658715569931,1.57847465707e-313,0.0004611679456476809,7.133286649935147e-05,1,2,10,0,False,0.3741935483870968,1,3
100000002575080100,transit,0.942,15,0.4602,"получил 13 000 ₸, отдал дальше 96% полученного (1 получ.); 100% суммы ушло за ≤2 дня после поступления",3,False,False,1,1,13000.0,12500.0,1,1,0.9615384615384616,0.0005518178489503663,0.0,9.023756758629543e-290,1.981468513870874e-05,0,0,7,0,False,1.0,1,1
100000003042994100,terminal,0.657,4,0.4597,"получил 286 086 ₸ от 1 плательщ. (3 переводов), дальше ничего (колено 1, исходящие выгружены — обрыва нет)",1,False,False,1,0,286086.0,0.0,3,0,0.0,0.0003163287040785169,0.0,0.0002952416008836587,0.0,1,1,7,0,False,0.0,1,3
100000005882013100,terminal,0.55,11,0.4596,"получил 135 000 ₸ от 2 плательщ., дальше ушло лишь 10 000 ₸ (7%, 1 получ.) — удерживает большую часть",2,False,False,2,1,135000.0,10000.0,3,1,0.07407407407407407,0.0005264244942722106,0.00031168209860955257,5.9040836014174204e-06,0.0,0,1,10,2,False,1.0,1,4
100000001346560100,transit,0.35,3,0.459,отдал 22 200 ₸ при видимых входящих 10 000 ₸ — есть поступления вне выгрузки; 100% суммы ушло за ≤2 дня после поступления,2,False,False,2,1,10000.0,22200.0,2,1,2.22,0.0005866163489075493,0.0,2.2212782000559444e-253,2.5759090680321364e-05,0,2,11,0,False,1.0,1,3
100000004559194100,terminal,0.656,4,0.4587,"получил 282 145 ₸ от 1 плательщ. (6 переводов), дальше ничего (колено 1, исходящие выгружены — обрыва нет)",1,False,False,1,0,282145.0,0.0,6,0,0.0,0.0003159049754295683,0.0,0.0002952416008836587,0.0,1,1,7,0,False,0.0,1,5
100000001690558100,terminal,0.748,17,0.4587,"получил 740 000 ₸ от 1 плательщ. (1 переводов), дальше ничего (колено 3, исходящие выгружены — обрыва нет)",3,False,False,1,0,740000.0,0.0,1,0,0.0,0.00041212063930432354,0.0,8.448073037865009e-05,0.0,0,0,7,0,False,0.0,1,1
100000004756901100,terminal,0.631,4,0.4586,"получил 153 248 ₸ от 1 плательщ. (1 переводов), дальше ничего (колено 2, исходящие выгружены — обрыва нет)",2,False,False,1,0,153248.0,0.0,1,0,0.0,0.0003109522914570363,0.0,4.0407558618990766e-06,0.0,0,2,7,0,False,0.0,1,1
100000006169033100,transit,0.35,40,0.4583,отдал 1 140 271 ₸ при видимых входящих 49 000 ₸ — есть поступления вне выгрузки,3,False,False,1,3,49000.0,1140271.0,1,10,23.270836734693876,0.0004180416339687668,6.477997615971343e-05,2.4284365594566553e-05,3.923307657464331e-05,0,0,7,1,False,0.0,1,10
100000003154105100,transit,0.35,22,0.4573,отдал 338 000 ₸ при видимых входящих 60 000 ₸ — есть поступления вне выгрузки; 16% суммы ушло за ≤2 дня после поступления,3,False,False,1,7,60000.0,338000.0,1,9,5.633333333333334,0.000550680796574537,7.07587887604281e-243,0.0,0.0001400898239306708,0,0,7,0,False,0.16272189349112426,1,6
100000002605548100,terminal,0.623,10,0.4572,"получил 116 695 ₸ от 2 плательщ. (2 переводов), дальше ничего (колено 1, исходящие выгружены — обрыва нет)",1,False,False,2,0,116695.0,0.0,2,0,0.0,0.00031432137112675444,0.0,0.00012509485163979102,0.0,1,3,10,0,False,0.0,1,2
100000008223661100,transit,0.565,5,0.4563,"получил 202 000 ₸, отдал дальше 130% полученного (5 получ.); 19% суммы ушло за ≤2 дня после поступления",3,False,False,2,5,202000.0,262580.0,2,5,1.29990099009901,0.00031466917502238233,0.0013472916812125842,2.341315247144374e-06,0.0003254231789280599,0,0,8,0,False,0.18748952700129484,2,5
100000007749092100,transit,0.35,4,0.4563,отдал 70 375 ₸ при видимых входящих 7 650 ₸ — есть поступления вне выгрузки,2,False,False,1,1,7650.0,70375.0,1,5,9.199346405228757,0.0018044164784854861,0.0001266670775836496,0.0,0.0,0,1,7,1,False,0.0,1,5
100000000810551100,terminal,0.55,3,0.4561,"получил 100 000 ₸ от 1 плательщ., дальше ушло лишь 7 100 ₸ (7%, 1 получ.) — удерживает большую часть",1,False,False,1,1,100000.0,7100.0,1,1,0.071,0.0003055929375935056,0.0,0.0004611679456476809,7.769558206055905e-05,1,2,10,0,False,0.0,1,2
100000007647294100,terminal,0.677,36,0.4558,"получил 385 000 ₸ от 1 плательщ. (1 переводов), дальше ничего (колено 3, исходящие выгружены — обрыва нет)",3,False,False,1,0,385000.0,0.0,1,0,0.0,0.000579218128600068,0.0,2.3749511394193016e-243,0.0,0,0,7,0,False,0.0,1,1
100000003205210100,terminal,0.628,3,0.4554,"получил 137 563 ₸ от 1 плательщ. (1 переводов), дальше ничего (колено 1, исходящие выгружены — обрыва нет)",1,False,False,1,0,137563.0,0.0,1,0,0.0,0.0003131144187549131,0.0,0.0004611679456476809,0.0,1,2,10,0,False,0.0,1,1
100000002032323100,transit,0.35,5,0.4552,отдал 1 050 000 ₸ при видимых входящих 300 000 ₸ — есть поступления вне выгрузки; 29% суммы ушло за ≤2 дня после поступления,3,False,False,1,1,300000.0,1050000.0,1,2,3.5,0.00040405018679958674,0.0,4.867829327536486e-08,1.9616538287321655e-05,0,0,7,0,False,0.2857142857142857,1,2
100000003942602100,transit,0.95,1,0.4545,"получил 30 000 ₸, отдал дальше 100% полученного (1 получ.); 100% суммы ушло за ≤2 дня после поступления",1,False,False,1,1,30000.0,30000.0,1,1,1.0,0.0002918659428128657,3.300043693840602e-13,5.95500058530398e-11,0.0,1,1,1,1,False,1.0,1,1
100000007334196100,terminal,0.63,10,0.4545,"получил 150 002 ₸ от 1 плательщ. (1 переводов), дальше ничего (колено 1, исходящие выгружены — обрыва нет)",1,False,False,1,0,150002.0,0.0,1,0,0.0,0.0003083201238991253,0.0,0.00012279960108290615,0.0,1,2,8,0,False,0.0,1,1
100000002559089100,terminal,0.743,13,0.4544,"получил 715 000 ₸ от 2 плательщ. (2 переводов), дальше ничего (колено 3, исходящие выгружены — обрыва нет)",3,False,False,2,0,715000.0,0.0,2,0,0.0,0.0003924259537320126,0.0,2.8039190481513347e-06,0.0,0,0,9,0,False,0.0,2,1
100000002864256100,terminal,0.627,3,0.4544,"получил 135 780 ₸ от 1 плательщ. (1 переводов), дальше ничего (колено 1, исходящие выгружены — обрыва нет)",1,False,False,1,0,135780.0,0.0,1,0,0.0,0.0003127573971935152,0.0,0.0004611679456476809,0.0,1,2,10,0,False,0.0,1,1
100000002605184100,terminal,0.628,15,0.4543,"получил 140 000 ₸ от 1 плательщ. (1 переводов), дальше ничего (колено 2, исходящие выгружены — обрыва нет)",2,False,False,1,0,140000.0,0.0,1,0,0.0,0.00039107352079071505,0.0,9.023756758629543e-290,0.0,0,1,7,0,False,0.0,1,1
100000006888238100,transit,0.417,55,0.4534,"получил 18 000 ₸, отдал дальше 167% полученного (1 получ.)",2,False,False,1,1,18000.0,30000.0,1,1,1.6666666666666667,0.0006097535591566922,0.0,0.0,3.962937027741748e-07,0,1,1,0,False,0.0,1,2
100000008418835100,transit,0.45,15,0.4533,seed: отправил 186 179 ₸ 4 получ.; входящие вне выгрузки — роль по исходящим; 85% суммы ушло за ≤2 дня после поступления,0,True,False,1,4,1372000.0,186179.0,67,6,0.13569897959183674,0.0005285862410602082,0.0001284788729675816,0.0,0.0003166386685165656,1,1,1,0,False,0.8549782735969148,1,18
100000002936322100,terminal,0.757,20,0.4526,"получил 787 133 ₸ от 2 плательщ. (2 переводов), дальше ничего (колено 3, исходящие выгружены — обрыва нет)",3,False,False,2,0,787133.0,0.0,2,0,0.0,0.00036638128696323154,0.0,0.0016837721707398993,0.0,0,0,7,0,False,0.0,1,2
100000002958286100,terminal,0.651,9,0.4523,"получил 257 000 ₸ от 1 плательщ. (1 переводов), дальше ничего (колено 1, исходящие выгружены — обрыва нет)",1,False,False,1,0,257000.0,0.0,1,0,0.0,0.00031316938195490073,0.0,2.274780450186003e-05,0.0,1,1,1,0,False,0.0,1,1
100000008192264100,transit,0.869,6,0.4523,"получил 162 810 ₸, отдал дальше 115% полученного (1 получ.); 87% суммы ушло за ≤2 дня после поступления",3,False,False,1,1,162810.0,187910.0,1,2,1.1541674344327744,0.00029084583184829237,0.0,0.0029401739563140994,1.922024458454748e-05,0,0,7,0,False,0.8749933478793039,1,2
100000003171587100,transit,0.473,6,0.452,"получил 700 000 ₸, отдал дальше 62% полученного (2 получ.)",3,False,False,2,2,700000.0,431300.0,2,7,0.6161428571428571,0.00031601841593021003,0.0,0.003019534396504754,3.883678287186913e-05,0,0,7,0,False,0.0,2,8
100000000941942100,terminal,0.626,3,0.4519,"получил 130 000 ₸ от 1 плательщ. (1 переводов), дальше ничего (колено 1, исходящие выгружены — обрыва нет)",1,False,False,1,0,130000.0,0.0,1,0,0.0,0.00031160003060637,0.0,0.0004611679456476809,0.0,1,2,10,0,False,0.0,1,1
100000001822623100,terminal,0.64,23,0.4516,"получил 201 300 ₸ от 1 плательщ. (1 переводов), дальше ничего (колено 2, исходящие выгружены — обрыва нет)",2,False,False,1,0,201300.0,0.0,1,0,0.0,0.0003234925604032018,0.0,9.190763424750497e-05,0.0,0,1,7,0,False,0.0,1,1
100000005413948100,terminal,0.55,5,0.4512,"получил 28 215 ₸ от 2 плательщ., дальше ушло лишь 5 000 ₸ (18%, 1 получ.) — удерживает большую часть",2,False,False,2,1,28215.0,5000.0,2,1,0.177210703526493,0.0018520392070328206,0.0,2.3136018867193716e-06,2.1796153652579615e-05,0,1,9,1,False,0.0,1,3
100000002633701100,terminal,0.653,9,0.4508,"получил 266 850 ₸ от 1 плательщ. (1 переводов), дальше ничего (колено 2, исходящие выгружены — обрыва нет)",2,False,False,1,0,266850.0,0.0,1,0,0.0,0.00031067978540157034,0.0,5.01279615617639e-07,0.0,0,1,1,0,False,0.0,1,1
100000002132479100,transit,0.483,14,0.4506,"получил 30 000 ₸, отдал дальше 67% полученного (1 получ.)",2,False,False,1,1,30000.0,20000.0,2,1,0.6666666666666666,0.0006060232510344739,2.230233612923758e-05,9.023756758629543e-290,0.0,0,1,8,1,False,0.0,1,3
100000008238989100,terminal,0.64,23,0.4506,"получил 200 000 ₸ от 1 плательщ. (2 переводов), дальше ничего (колено 2, исходящие выгружены — обрыва нет)",2,False,False,1,0,200000.0,0.0,2,0,0.0,0.000323247651083571,0.0,9.190763424750497e-05,0.0,0,1,7,0,False,0.0,1,2
100000000831684100,transit,0.35,12,0.4506,отдал 50 000 ₸ при видимых входящих 15 000 ₸ — есть поступления вне выгрузки; 90% суммы ушло за ≤2 дня после поступления,2,False,False,1,1,15000.0,50000.0,2,3,3.3333333333333335,0.0018906089223340397,4.3332026739792795e-06,0.0,0.0,0,1,1,1,False,0.9,1,3
100000003824464100,terminal,0.64,23,0.4506,"получил 200 000 ₸ от 1 плательщ. (1 переводов), дальше ничего (колено 2, исходящие выгружены — обрыва нет)",2,False,False,1,0,200000.0,0.0,1,0,0.0,0.000323247651083571,0.0,9.190763424750497e-05,0.0,0,1,7,0,False,0.0,1,1
100000005911352100,transit,0.43,43,0.4501,"получил 15 000 ₸, отдал дальше 160% полученного (3 получ.)",2,False,False,2,3,15000.0,24000.0,2,3,1.6,0.000551734499856716,1.57847465707e-313,1.1290422900411576e-302,9.7488250882447e-05,0,1,7,1,False,0.0,1,5
100000003148220100,transit,0.35,55,0.45,отдал 43 400 ₸ при видимых входящих 5 650 ₸ — есть поступления вне выгрузки; 22% суммы ушло за ≤2 дня после поступления,1,False,False,1,2,5650.0,43400.0,1,4,7.68141592920354,0.0009182428014100987,0.0,0.0,3.962937027741748e-07,1,1,1,1,False,0.22119815668202766,1,5
100000005895525100,terminal,0.624,47,0.45,"получил 120 000 ₸ от 1 плательщ. (3 переводов), дальше ничего (колено 1, исходящие выгружены — обрыва нет)",1,False,False,1,0,120000.0,0.0,3,0,0.0,0.00039127287948343466,0.0,2.91876993847384e-271,0.0,1,1,1,0,False,0.0,1,3
100000002170580100,terminal,0.63,10,0.4499,"получил 150 000 ₸ от 1 плательщ. (1 переводов), дальше ничего (колено 2, исходящие выгружены — обрыва нет)",2,False,False,1,0,150000.0,0.0,1,0,0.0,0.0003570379336989844,0.0,2.322813314613868e-05,0.0,0,1,1,0,False,0.0,1,1
100000002681449100,transit,0.508,39,0.4499,"получил 94 638 ₸, отдал дальше 141% полученного (2 получ.); 10% суммы ушло за ≤2 дня после поступления",1,False,False,2,2,94638.0,133000.0,2,2,1.4053551427544961,0.0002951397503203067,0.0001407598869352082,0.003283619932215583,1.7647618735441824e-05,1,1,7,0,False,0.09774436090225563,1,3
100000004993576100,terminal,0.633,15,0.4497,"получил 167 000 ₸ от 1 плательщ. (1 переводов), дальше ничего (колено 2, исходящие выгружены — обрыва нет)",2,False,False,1,0,167000.0,0.0,1,0,0.0,0.00033869882876991924,0.0,3.5676348106616587e-05,0.0,0,1,7,0,False,0.0,1,1
100000003022835100,terminal,0.625,3,0.4496,"получил 125 000 ₸ от 1 плательщ. (1 переводов), дальше ничего (колено 1, исходящие выгружены — обрыва нет)",1,False,False,1,0,125000.0,0.0,1,0,0.0,0.0003105988484375593,0.0,0.0004611679456476809,0.0,1,2,10,0,False,0.0,1,1
100000001477796100,terminal,0.636,3,0.4493,"получил 182 000 ₸ от 1 плательщ. (1 переводов), дальше ничего (колено 1, исходящие выгружены — обрыва нет)",1,False,False,1,0,182000.0,0.0,1,0,0.0,0.0003306619019813842,0.0,6.780075768513709e-05,0.0,1,1,1,0,False,0.0,1,1
100000005402643100,transit,0.491,9,0.4491,"получил 127 800 ₸, отдал дальше 70% полученного (1 получ.)",2,False,False,1,1,127800.0,90000.0,1,1,0.704225352112676,0.0002975952292869964,0.0,5.01279615617639e-07,3.962937027741748e-07,0,1,1,0,False,0.0,1,2
100000007242833100,peripheral,0.5,12,0.4491,"получил 107 500 ₸, отдал дальше 42% полученного; ни сбора, ни веера, ни чистого транзита",2,False,False,1,1,107500.0,45000.0,3,2,0.4186046511627907,0.0005138001156911178,0.0,9.023756758629543e-290,1.981468513870874e-05,0,2,9,0,False,1.0,1,2
100000003035737100,terminal,0.55,6,0.4491,"получил 809 170 ₸ от 2 плательщ., дальше ушло лишь 6 545 ₸ (1%, 1 получ.) — удерживает большую часть",3,False,False,2,1,809170.0,6544.53,3,1,0.008087954323566123,0.0003788112784639957,0.0,0.003070454328546566,1.922024458454748e-05,0,0,7,0,False,1.0,1,4
100000000733451100,transit,0.35,11,0.4489,отдал 300 000 ₸ при видимых входящих 70 000 ₸ — есть поступления вне выгрузки,3,False,False,1,1,70000.0,300000.0,2,1,4.285714285714286,0.0005412616148555033,0.0,0.0,2.4570209571998837e-05,0,0,10,0,False,0.0,1,2
100000003278020100,terminal,0.638,2,0.4484,"получил 190 000 ₸ от 1 плательщ. (1 переводов), дальше ничего (колено 2, исходящие выгружены — обрыва нет)",2,False,False,1,0,190000.0,0.0,1,0,0.0,0.0003245512930395254,0.0,3.1291155102692485e-05,0.0,0,1,7,0,False,0.0,1,1
100000006641671100,transit,0.843,7,0.4482,"получил 22 000 ₸, отдал дальше 114% полученного (1 получ.); 80% суммы ушло за ≤2 дня после поступления",3,False,False,2,1,22000.0,25000.0,2,3,1.1363636363636365,0.0004399911079982389,1.0250042735448046e-05,0.0016549922267761258,5.449038413144904e-06,0,0,7,0,False,0.8,1,3
100000003809101100,peripheral,0.5,10,0.4482,"получил 166 050 ₸, отдал дальше 33% полученного; ни сбора, ни веера, ни чистого транзита",1,False,False,2,2,166050.0,55200.0,3,4,0.3324299909665763,0.00036194707754243303,0.0,0.00012382997081568066,0.00013333962119341738,1,2,8,1,False,0.18478260869565216,1,5
100000001317336100,transit,0.35,32,0.4479,отдал 1 752 000 ₸ при видимых входящих 131 196 ₸ — есть поступления вне выгрузки,3,False,False,1,2,131196.0,1752000.0,1,3,13.354065672733924,0.0003438491368028857,0.0,4.747355765062003e-05,4.0025663980191654e-05,0,0,7,0,False,0.0,1,3
100000003899899100,terminal,0.55,4,0.4478,"получил 218 500 ₸ от 2 плательщ., дальше ушло лишь 10 000 ₸ (5%, 1 получ.) — удерживает большую часть",3,False,False,2,1,218500.0,10000.0,5,1,0.04576659038901602,0.0006539846029635868,0.0,5.299014850002014e-05,1.9418391435934565e-05,0,0,7,0,False,1.0,1,5
100000008254069100,transit,0.35,19,0.4476,отдал 107 500 ₸ при видимых входящих 10 200 ₸ — есть поступления вне выгрузки; 9% суммы ушло за ≤2 дня после поступления,2,False,False,1,5,10200.0,107500.0,2,6,10.53921568627451,0.0003424861412375226,5.528939687208613e-05,0.0,9.351210406461278e-05,0,1,8,1,False,0.09302325581395349,1,4
100000008650785100,transit,0.45,4,0.4474,seed: отправил 120 120 ₸ 2 получ.; входящие вне выгрузки — роль по исходящим; 58% суммы ушло за ≤2 дня после поступления,0,True,False,2,2,92000.0,120120.0,2,2,1.3056521739130436,0.0006125210138081811,4.707219009428233e-257,8.721849460936616e-09,2.242361868197206e-05,1,2,8,0,False,0.5829170829170829,1,4
100000002799941100,terminal,0.72,17,0.4472,"получил 600 000 ₸ от 1 плательщ. (1 переводов), дальше ничего (колено 3, исходящие выгружены — обрыва нет)",3,False,False,1,0,600000.0,0.0,1,0,0.0,0.0003881784929365065,0.0,8.448073037865009e-05,0.0,0,0,7,0,False,0.0,1,1
100000004790991100,terminal,0.648,4,0.4471,"получил 239 413 ₸ от 1 плательщ. (4 переводов), дальше ничего (колено 1, исходящие выгружены — обрыва нет)",1,False,False,1,0,239413.0,0.0,4,0,0.0,0.0003113105139662674,0.0,0.0002952416008836587,0.0,1,1,7,0,False,0.0,1,4
100000004408683100,terminal,0.623,4,0.4463,"получил 112 920 ₸ от 2 плательщ. (3 переводов), дальше ничего (колено 1, исходящие выгружены — обрыва нет)",1,False,False,2,0,112919.68,0.0,3,0,0.0,0.00038531432958819066,0.0,0.00031210939100056984,0.0,1,1,7,0,False,0.0,1,3
100000003057225100,terminal,0.647,4,0.4457,"получил 236 000 ₸ от 1 плательщ. (1 переводов), дальше ничего (колено 1, исходящие выгружены — обрыва нет)",1,False,False,1,0,236000.0,0.0,1,0,0.0,0.000310943554849581,0.0,0.0002952416008836587,0.0,1,1,7,0,False,0.0,1,1
100000002433697100,transit,0.919,6,0.4455,"получил 130 000 ₸, отдал дальше 85% полученного (1 получ.); 100% суммы ушло за ≤2 дня после поступления",3,False,False,1,1,130000.0,110000.0,1,1,0.8461538461538461,0.0002897824868469217,0.0,0.0029401739563140994,1.922024458454748e-05,0,0,7,0,False,1.0,1,1
100000008474308100,transit,0.493,2,0.4452,"получил 14 000 ₸, отдал дальше 71% полученного (1 получ.)",2,False,False,1,1,14000.0,10000.0,2,1,0.7142857142857143,0.0004450220360099154,0.0009231328216341983,4.475634261752007e-06,0.0,0,1,7,1,True,0.0,1,3
100000008531186100,terminal,0.625,3,0.4449,"получил 125 000 ₸ от 1 плательщ. (1 переводов), дальше ничего (колено 2, исходящие выгружены — обрыва нет)",2,False,False,1,0,125000.0,0.0,1,0,0.0,0.0003619550454860551,0.0,0.0001427672909306537,0.0,0,1,9,0,False,0.0,1,1
100000002255058100,terminal,0.698,3,0.4448,"получил 491 500 ₸ от 1 плательщ. (2 переводов), дальше ничего (колено 3, исходящие выгружены — обрыва нет)",3,False,False,1,0,491500.0,0.0,2,0,0.0,0.0004261286722180512,0.0,3.779950088199087e-06,0.0,0,0,1,0,False,0.0,1,2
100000008762832100,transit,0.463,3,0.4447,"получил 150 000 ₸, отдал дальше 57% полученного (1 получ.)",2,False,False,1,1,150000.0,85000.0,1,4,0.5666666666666667,0.000308147620844976,0.0,6.211858071745701e-05,0.0,0,1,1,1,False,0.0,1,2
100000008724461100,transit,0.89,5,0.4445,"получил 100 111 ₸, отдал дальше 130% полученного (1 получ.); 100% суммы ушло за ≤2 дня после поступления",3,False,False,1,1,100111.0,130000.0,1,1,1.298558599954051,0.00029072698311701726,0.0,3.220733583683774e-06,2.2390594206740877e-05,0,0,9,0,False,1.0,1,1
100000000723383100,transit,0.35,22,0.4437,отдал 75 000 ₸ при видимых входящих 6 800 ₸ — есть поступления вне выгрузки,2,False,False,1,2,6800.0,75000.0,1,2,11.029411764705882,0.0003893195549175227,0.0,1.420636304176135e-07,0.0002389651027728274,0,1,7,0,False,0.0,1,2
100000002796853100,peripheral,0.5,64,0.4434,"получил 199 000 ₸, отдал дальше 23% полученного; ни сбора, ни веера, ни чистого транзита",2,False,False,1,1,199000.0,46167.62,8,5,0.23199809045226133,0.002113598432710708,0.0,4.949572383127109e-08,0.0,0,1,1,1,False,0.8916989872988904,1,7
100000002462183100,terminal,0.621,47,0.4432,"получил 107 500 ₸ от 1 плательщ. (3 переводов), дальше ничего (колено 1, исходящие выгружены — обрыва нет)",1,False,False,1,0,107500.0,0.0,3,0,0.0,0.0003802620893515447,0.0,2.91876993847384e-271,0.0,1,1,1,0,False,0.0,1,3
100000001875167100,terminal,0.8,6,0.4431,"получил 1 000 000 ₸ от 1 плательщ. (2 переводов), дальше ничего (колено 3, исходящие выгружены — обрыва нет)",3,False,False,1,0,1000000.0,0.0,2,0,0.0,0.0003179784682913741,0.0,0.0029401739563140994,0.0,0,0,7,0,False,0.0,1,1
100000008314203100,transit,0.45,39,0.4429,seed: отправил 327 000 ₸ 2 получ.; входящие вне выгрузки — роль по исходящим; 49% суммы ушло за ≤2 дня после поступления,0,True,False,2,2,382076.0,327000.0,10,13,0.8558506684533967,0.0005029908624026965,4.0551893753340974e-05,1.0094203411348898e-06,0.0,2,2,9,4,False,0.48623853211009177,1,13
100000008427027100,terminal,0.66,3,0.4417,"получил 300 000 ₸ от 1 плательщ. (1 переводов), дальше ничего (колено 3, исходящие выгружены — обрыва нет)",3,False,False,1,0,300000.0,0.0,1,0,0.0,0.0005512640793595238,0.0,3.7169168398568523e-06,0.0,0,0,10,0,False,0.0,1,1
100000006612238100,terminal,0.55,1,0.4416,"получил 160 000 ₸ от 1 плательщ., дальше ушло лишь 25 000 ₸ (16%, 1 получ.) — удерживает большую часть",2,False,False,1,1,160000.0,25000.0,1,1,0.15625,0.00033991126391326877,1.5689051040223308e-10,7.619950610759462e-13,0.0,0,1,1,1,False,1.0,1,1
100000005475379100,transit,0.499,10,0.4409,"получил 108 370 ₸, отдал дальше 75% полученного (3 получ.)",3,False,False,1,3,108370.0,81000.0,1,3,0.7474393282273692,0.0004216387717503735,1.57847465707e-313,4.0375996552677394e-05,6.538846095773885e-05,0,0,8,0,False,0.0,1,4
100000005904580100,terminal,0.614,12,0.4408,"получил 72 000 ₸ от 2 плательщ. (2 переводов), дальше ничего (колено 2, исходящие выгружены — обрыва нет)",2,False,False,2,0,72000.0,0.0,2,0,0.0,0.0005227099859368698,0.0,6.845419609867219e-06,0.0,0,1,7,0,False,0.0,2,1
100000002615479100,terminal,0.644,9,0.4407,"получил 220 000 ₸ от 1 плательщ. (1 переводов), дальше ничего (колено 1, исходящие выгружены — обрыва нет)",1,False,False,1,0,220000.0,0.0,1,0,0.0,0.00030919582846738493,0.0,2.274780450186003e-05,0.0,1,1,1,0,False,0.0,1,1
100000003089018100,terminal,0.646,9,0.4402,"получил 230 000 ₸ от 1 плательщ. (1 переводов), дальше ничего (колено 2, исходящие выгружены — обрыва нет)",2,False,False,1,0,230000.0,0.0,1,0,0.0,0.0003072122133568235,0.0,5.01279615617639e-07,0.0,0,1,1,0,False,0.0,1,1
100000004388353100,terminal,0.613,10,0.4396,"получил 62 960 ₸ от 2 плательщ. (2 переводов), дальше ничего (колено 1, исходящие выгружены — обрыва нет)",1,False,False,2,0,62960.0,0.0,2,0,0.0,0.00034075907407916386,0.0,0.00015190147131170908,0.0,1,2,8,0,False,0.0,1,2
100000002570206100,terminal,0.633,16,0.4391,"получил 166 960 ₸ от 2 плательщ. (2 переводов), дальше ничего (колено 2, исходящие выгружены — обрыва нет)",2,False,False,2,0,166959.6,0.0,2,0,0.0,0.0003185104657273645,0.0,0.0005280203761400888,0.0,0,1,7,0,False,0.0,1,2
100000008775471100,terminal,0.716,21,0.4391,"получил 580 000 ₸ от 1 плательщ. (2 переводов), дальше ничего (колено 3, исходящие выгружены — обрыва нет)",3,False,False,1,0,580000.0,0.0,2,0,0.0,0.00035837580082273557,0.0,1.2902817864242934e-06,0.0,0,0,8,0,False,0.0,1,1
100000006567935100,terminal,0.64,31,0.4387,"получил 200 000 ₸ от 1 плательщ. (1 переводов), дальше ничего (колено 2, исходящие выгружены — обрыва нет)",2,False,False,1,0,200000.0,0.0,1,0,0.0,0.00031055602097400365,0.0,3.8766877888989646e-07,0.0,0,1,7,0,False,0.0,1,1
100000005519347100,transit,0.45,4,0.4385,seed: отправил 99 000 ₸ 1 получ.; входящие вне выгрузки — роль по исходящим,0,True,False,2,1,73100.0,99000.0,2,1,1.3543091655266757,0.0005567200012967696,1.135280671152267e-08,9.196224773141247e-257,1.5191258606343366e-06,1,3,9,0,False,0.0,1,3
100000004689658100,terminal,0.55,7,0.4382,"получил 456 100 ₸ от 1 плательщ., дальше ушло лишь 7 092 ₸ (2%, 1 получ.) — удерживает большую часть",3,False,False,1,1,456100.0,7092.0,1,1,0.015549221661916246,0.0003863163581277,0.0,0.0001302803722324665,1.922024458454748e-05,0,0,7,0,False,0.0,1,2
100000002753146100,terminal,0.761,13,0.4382,"получил 803 540 ₸ от 1 плательщ. (3 переводов), дальше ничего (колено 3, исходящие выгружены — обрыва нет)",3,False,False,1,0,803540.0,0.0,3,0,0.0,0.00032384338947373374,0.0,3.794136183730392e-07,0.0,0,0,2,0,False,0.0,1,2
100000005342513100,terminal,0.55,1,0.4382,"получил 235 000 ₸ от 1 плательщ., дальше ушло лишь 30 000 ₸ (13%, 1 получ.) — удерживает большую часть",3,False,False,1,1,235000.0,30000.0,2,1,0.1276595744680851,0.0010816512996714893,3.300043693840602e-13,6.672317100962129e-15,0.0,0,0,1,1,False,1.0,1,2
100000001141268100,terminal,0.55,21,0.4381,"получил 480 000 ₸ от 2 плательщ., дальше ушло лишь 10 000 ₸ (2%, 1 получ.) — удерживает большую часть",3,False,False,2,1,480000.0,10000.0,2,1,0.020833333333333332,0.00036486256771000946,0.0,4.395581128345429e-07,2.2390594206740877e-05,0,0,9,0,False,1.0,2,2
100000004071070100,terminal,0.55,2,0.438,"получил 41 000 ₸ от 2 плательщ., дальше ушло лишь 6 000 ₸ (15%, 1 получ.) — удерживает большую часть",2,False,False,2,1,41000.0,6000.0,5,1,0.14634146341463414,0.0011875923340219298,0.003942592060002026,0.0006479966168166528,0.0,0,1,7,1,False,1.0,1,6
100000002722108100,terminal,0.76,13,0.4377,"получил 800 000 ₸ от 1 плательщ. (2 переводов), дальше ничего (колено 3, исходящие выгружены — обрыва нет)",3,False,False,1,0,800000.0,0.0,2,0,0.0,0.00032367477273130915,0.0,3.794136183730392e-07,0.0,0,0,2,0,False,0.0,1,2
100000002748761100,terminal,0.759,13,0.4374,"получил 796 800 ₸ от 1 плательщ. (3 переводов), дальше ничего (колено 3, исходящие выгружены — обрыва нет)",3,False,False,1,0,796800.0,0.0,3,0,0.0,0.0003235223508172531,0.0,3.794136183730392e-07,0.0,0,0,2,0,False,0.0,1,2
100000005316708100,transit,0.35,8,0.4369,отдал 257 500 ₸ при видимых входящих 90 000 ₸ — есть поступления вне выгрузки,1,False,False,1,2,90000.0,257500.0,1,4,2.861111111111111,0.0002976906193985509,2.0990428722474567e-06,4.089589732056224e-05,1.1888811083225246e-06,1,1,1,0,False,0.0,1,4
100000000850297100,transit,0.95,10,0.4367,"получил 17 520 ₸, отдал дальше 100% полученного (1 получ.); 100% суммы ушло за ≤2 дня после поступления",2,False,False,1,1,17520.0,17520.0,1,1,1.0,0.0002939168313087527,9.759457708773996e-06,2.322813314613868e-05,0.0,0,1,1,1,False,1.0,1,1
100000004737477100,transit,0.661,2,0.4366,"получил 49 598 ₸, отдал дальше 82% полученного (1 получ.); 37% суммы ушло за ≤2 дня после поступления",1,False,False,2,1,49598.0,40500.0,3,3,0.8165651840800032,0.00029231930484893123,0.0,0.00505746306905961,1.922024458454748e-05,1,1,7,0,False,0.37037037037037035,1,5
100000001287955100,transit,0.35,13,0.4362,отдал 310 000 ₸ при видимых входящих 17 520 ₸ — есть поступления вне выгрузки; 74% суммы ушло за ≤2 дня после поступления,2,False,False,1,4,17520.0,310000.0,1,5,17.69406392694064,0.0002939168313087527,2.20658995465624e-05,2.322813314613868e-05,0.0006803041897623334,0,1,1,0,False,0.7409677419354839,1,4
100000003122817100,terminal,0.689,28,0.4361,"получил 444 680 ₸ от 1 плательщ. (1 переводов), дальше ничего (колено 3, исходящие выгружены — обрыва нет)",3,False,False,1,0,444680.0,0.0,1,0,0.0,0.0003970827328082313,0.0,2.8321519604650354e-232,0.0,0,0,7,0,False,0.0,1,1
100000002975437100,terminal,0.55,32,0.4361,"получил 530 000 ₸ от 1 плательщ., дальше ушло лишь 8 500 ₸ (2%, 1 получ.) — удерживает большую часть",3,False,False,1,1,530000.0,8500.0,2,1,0.016037735849056604,0.000521005714309102,2.0034752528524684e-295,4.747355765062003e-05,0.0,0,0,7,1,False,0.0,1,2
100000002391278100,transit,0.799,26,0.4357,"получил 30 000 ₸, отдал дальше 176% полученного (1 получ.); 100% суммы ушло за ≤2 дня после поступления",3,False,False,1,1,30000.0,52700.0,5,2,1.7566666666666666,0.00039132234113293564,1.2626060455070011e-05,4.996823583467063e-298,0.0,0,0,1,1,False,1.0,1,6
100000000976943100,transit,0.562,10,0.4355,"получил 70 000 ₸, отдал дальше 120% полученного (1 получ.); 13% суммы ушло за ≤2 дня после поступления",3,False,False,1,1,70000.0,84000.0,1,3,1.2,0.00037346136238482604,0.0,4.0375996552677394e-05,2.1796153652579615e-05,0,0,8,0,False,0.13095238095238096,1,3
100000004183610100,transit,0.35,11,0.4353,отдал 915 000 ₸ при видимых входящих 22 000 ₸ — есть поступления вне выгрузки; 2% суммы ушло за ≤2 дня после поступления,3,False,False,1,1,22000.0,915000.0,1,3,41.59090909090909,0.0003407627226653414,0.0,4.259945964858586e-08,1.9616538287321655e-05,0,0,7,0,False,0.01639344262295082,1,4
100000002773323100,transit,0.35,5,0.435,отдал 1 171 644 ₸ при видимых входящих 285 000 ₸ — есть поступления вне выгрузки,3,False,False,2,1,285000.0,1171644.0,2,2,4.111031578947369,0.00032549778860022544,0.0,7.528982554661002e-07,2.139985994980544e-05,0,0,8,0,False,0.0,2,3
100000000998559100,terminal,0.62,3,0.4348,"получил 100 000 ₸ от 1 плательщ. (1 переводов), дальше ничего (колено 1, исходящие выгружены — обрыва нет)",1,False,False,1,0,100000.0,0.0,1,0,0.0,0.0003055929375935056,0.0,0.0004611679456476809,0.0,1,2,10,0,False,0.0,1,1
100000003037476100,consolidator,0.6,5,0.4348,"получает от 3 разных плательщиков (3 переводов, 555 000 ₸); 4-е колено: исходящие не выгружались; до 2 плательщиков в один день",4,False,True,3,0,555000.0,0.0,3,0,0.0,0.0003593540563280306,0.0,1.8190248366476958e-06,0.0,0,0,8,0,False,0.0,2,2
100000002784085100,terminal,0.64,9,0.4348,"получил 200 000 ₸ от 1 плательщ. (1 переводов), дальше ничего (колено 1, исходящие выгружены — обрыва нет)",1,False,False,1,0,200000.0,0.0,1,0,0.0,0.0003070479617173764,0.0,2.274780450186003e-05,0.0,1,1,1,0,False,0.0,1,1
100000002956779100,terminal,0.682,3,0.4337,"получил 411 000 ₸ от 1 плательщ. (1 переводов), дальше ничего (колено 3, исходящие выгружены — обрыва нет)",3,False,False,1,0,411000.0,0.0,1,0,0.0,0.00040310724815078523,0.0,3.779950088199087e-06,0.0,0,0,1,0,False,0.0,1,1
100000005634552100,transit,0.35,2,0.4335,отдал 1 196 000 ₸ при видимых входящих 25 850 ₸ — есть поступления вне выгрузки,1,False,False,1,3,25850.0,1196000.0,1,4,46.2669245647969,0.00028834863590095484,0.0016790760035236684,0.0002952416008836587,2.917712386674862e-05,1,1,7,0,False,0.0,1,4
100000008121806100,transit,0.35,7,0.4321,отдал 248 509 ₸ при видимых входящих 67 000 ₸ — есть поступления вне выгрузки; 34% суммы ушло за ≤2 дня после поступления,3,False,False,1,4,67000.0,248509.0,1,6,3.709089552238806,0.0003003687971376974,9.235979763622405e-05,0.0001302803722324665,0.0007808641134044801,0,0,7,12,True,0.34203992611937595,1,5
100000006446271100,terminal,0.616,3,0.4321,"получил 80 000 ₸ от 2 плательщ. (2 переводов), дальше ничего (колено 1, исходящие выгружены — обрыва нет)",1,False,False,2,0,80000.0,0.0,2,0,0.0,0.0003139136962099016,0.0,0.0006039352365783346,0.0,1,2,10,0,False,0.0,2,1
100000001600934100,terminal,0.55,7,0.4318,"получил 180 300 ₸ от 1 плательщ., дальше ушло лишь 11 000 ₸ (6%, 1 получ.) — удерживает большую часть",3,False,False,1,1,180300.0,11000.0,2,1,0.06100942872989462,0.0023668517583921712,0.0006938863107634386,3.02733233027133e-05,0.0,0,0,7,1,False,0.0,1,3
100000008624978100,terminal,0.622,20,0.4316,"получил 109 000 ₸ от 1 плательщ. (1 переводов), дальше ничего (колено 2, исходящие выгружены — обрыва нет)",2,False,False,1,0,109000.0,0.0,1,0,0.0,0.00033803190556376176,0.0,5.704237108788349e-08,0.0,0,1,8,0,False,0.0,1,1
100000005481280100,transit,0.58,15,0.4316,"получил 32 700 ₸, отдал дальше 153% полученного (3 получ.); 34% суммы ушло за ≤2 дня после поступления",2,False,False,1,3,32700.0,50000.0,1,3,1.529051987767584,0.0002959725024799912,7.694746733690466e-298,3.5676348106616587e-05,4.3660134496595575e-05,0,1,7,0,False,0.34,1,4
100000007534354100,transit,0.35,10,0.4304,отдал 147 810 ₸ при видимых входящих 50 000 ₸ — есть поступления вне выгрузки,2,False,False,1,3,50000.0,147810.0,1,3,2.9562,0.00030354781418186465,1.3217133487213798e-05,4.0882452251176484e-08,2.377762216645049e-06,0,1,1,0,False,0.0,1,3
100000008708207100,terminal,0.693,5,0.4304,"получил 465 000 ₸ от 2 плательщ. (2 переводов), дальше ничего (колено 3, исходящие выгружены — обрыва нет)",3,False,False,2,0,465000.0,0.0,2,0,0.0,0.0003597869047298129,0.0,1.3667134292152246e-06,0.0,0,0,9,0,False,0.0,2,1
100000003112436100,terminal,0.62,4,0.4301,"получил 100 000 ₸ от 1 плательщ. (1 переводов), дальше ничего (колено 2, исходящие выгружены — обрыва нет)",2,False,False,1,0,100000.0,0.0,1,0,0.0,0.0003021326407143058,0.0,4.0407558618990766e-06,0.0,0,2,7,0,False,0.0,1,1
100000000254336100,transit,0.873,2,0.4301,"получил 97 177 ₸, отдал дальше 62% полученного (1 получ.); 100% суммы ушло за ≤2 дня после поступления",3,False,False,2,1,97177.0,60000.0,2,1,0.6174300503205491,0.0002919351427687482,0.0,0.004037719928774491,1.922024458454748e-05,0,0,7,0,False,1.0,1,2
100000000724540100,transit,0.35,20,0.4297,"получил 50 000 ₸, отдал дальше 200% полученного (1 получ.)",2,False,False,1,1,50000.0,100000.0,1,1,2.0,0.00030963471226613077,0.0,5.704237108788349e-08,1.981468513870874e-05,0,1,8,0,False,0.0,1,2
100000002648315100,transit,0.465,8,0.4295,"получил 132 000 ₸, отдал дальше 58% полученного (2 получ.)",1,False,False,1,2,132000.0,76000.0,1,3,0.5757575757575758,0.0002931384697323959,0.0,4.341414826156218e-06,3.962937027741748e-07,1,1,1,0,False,0.0,1,4
100000000861294100,terminal,0.63,8,0.4293,"получил 150 000 ₸ от 1 плательщ. (1 переводов), дальше ничего (колено 2, исходящие выгружены — обрыва нет)",2,False,False,1,0,150000.0,0.0,1,0,0.0,0.00031399890954633404,0.0,2.8721411760945644e-05,0.0,0,1,1,0,False,0.0,1,1
100000008555233100,terminal,0.688,21,0.428,"получил 440 600 ₸ от 1 плательщ. (1 переводов), дальше ничего (колено 3, исходящие выгружены — обрыва нет)",3,False,False,1,0,440600.0,0.0,1,0,0.0,0.0003634087205622213,0.0,8.364541908749024e-08,0.0,0,0,9,0,False,0.0,1,1
100000002591469100,terminal,0.647,8,0.4279,"получил 235 670 ₸ от 1 плательщ. (1 переводов), дальше ничего (колено 1, исходящие выгружены — обрыва нет)",1,False,False,1,0,235670.0,0.0,1,0,0.0,0.000299083139623691,0.0,4.341414826156218e-06,0.0,1,1,1,0,False,0.0,1,1
100000000190228100,transit,0.35,9,0.4279,отдал 28 560 ₸ при видимых входящих 5 000 ₸ — есть поступления вне выгрузки,2,False,False,1,1,5000.0,28560.0,1,1,5.712,0.0005820068181865647,0.0,0.0,2.159800680119253e-05,0,1,8,0,False,0.0,1,2
100000005394708100,transit,0.35,19,0.4274,отдал 65 000 ₸ при видимых входящих 26 000 ₸ — есть поступления вне выгрузки; 100% суммы ушло за ≤2 дня после поступления,1,False,False,1,1,26000.0,65000.0,1,1,2.5,0.00034517722457498757,8.203488390521243e-303,0.0,1.981468513870874e-07,1,1,1,0,False,1.0,1,2
100000000413678100,transit,0.464,7,0.4271,"получил 306 500 ₸, отдал дальше 172% полученного (3 получ.); 15% суммы ушло за ≤2 дня после поступления",3,False,False,2,3,306500.0,528198.0,2,18,1.723321370309951,0.00030069885417385005,1.57847465707e-313,0.00305383118842114,5.7660733753642434e-05,0,0,7,0,False,0.14767000253692744,2,15
100000002257794100,terminal,0.631,25,0.4271,"получил 154 000 ₸ от 1 плательщ. (1 переводов), дальше ничего (колено 3, исходящие выгружены — обрыва нет)",3,False,False,1,0,154000.0,0.0,1,0,0.0,0.000860634101132436,0.0,0.0,0.0,0,0,1,0,False,0.0,1,1
100000008438656100,terminal,0.55,3,0.4269,"получил 80 000 ₸ от 2 плательщ., дальше ушло лишь 5 000 ₸ (6%, 1 получ.) — удерживает большую часть",1,False,False,2,1,80000.0,5000.0,2,1,0.0625,0.00029739252742606105,0.0,0.00340134190196178,2.377762216645049e-05,1,2,10,0,False,1.0,1,2
100000004588479100,terminal,0.636,4,0.4264,"получил 177 633 ₸ от 1 плательщ. (2 переводов), дальше ничего (колено 1, исходящие выгружены — обрыва нет)",1,False,False,1,0,177633.0,0.0,2,0,0.0,0.0003046680486193908,0.0,0.0002952416008836587,0.0,1,1,7,0,False,0.0,1,2
100000004114962100,terminal,0.633,6,0.4264,"получил 165 000 ₸ от 2 плательщ. (2 переводов), дальше ничего (колено 3, исходящие выгружены — обрыва нет)",3,False,False,2,0,165000.0,0.0,2,0,0.0,0.0007112908662345295,0.0,0.0029636816739710176,0.0,0,0,7,0,False,0.0,1,2
100000002593344100,terminal,0.686,5,0.426,"получил 431 000 ₸ от 2 плательщ. (2 переводов), дальше ничего (колено 3, исходящие выгружены — обрыва нет)",3,False,False,2,0,431000.0,0.0,2,0,0.0,0.0003589615897510939,0.0,3.024824285622901e-07,0.0,0,0,9,0,False,0.0,2,1
100000002540623100,terminal,0.62,10,0.4259,"получил 100 000 ₸ от 1 плательщ. (1 переводов), дальше ничего (колено 2, исходящие выгружены — обрыва нет)",2,False,False,1,0,100000.0,0.0,1,0,0.0,0.00033321505387175324,0.0,2.322813314613868e-05,0.0,0,1,1,0,False,0.0,1,1
100000001746925100,terminal,0.55,3,0.4259,"получил 65 250 ₸ от 1 плательщ., дальше ушло лишь 5 000 ₸ (8%, 1 получ.) — удерживает большую часть",1,False,False,1,1,65250.0,5000.0,1,1,0.07662835249042145,0.000298634721520271,0.0,0.0004611679456476809,0.00011888811083225245,1,2,10,0,False,0.0,1,2
100000000838385100,peripheral,0.5,29,0.4258,"получил 436 900 ₸, отдал дальше 41% полученного; ни сбора, ни веера, ни чистого транзита",3,False,False,1,2,436900.0,177500.0,8,6,0.40627145799954223,0.0019211545642599105,6.3108052880698915e-257,0.0,2.1796153652579615e-05,0,0,7,1,False,0.6901408450704225,1,7
100000000596954100,peripheral,0.5,3,0.4255,"получил 120 000 ₸, отдал дальше 40% полученного; ни сбора, ни веера, ни чистого транзита",2,False,False,1,2,120000.0,48100.0,1,2,0.4008333333333333,0.0005156144546495897,0.0,0.0,4.834783173844933e-05,0,1,10,0,False,1.0,1,2
100000005815602100,transit,0.35,4,0.4254,отдал 165 000 ₸ при видимых входящих 20 000 ₸ — есть поступления вне выгрузки,3,False,False,1,1,20000.0,165000.0,1,1,8.25,0.0005521710322392155,0.0,0.0,1.9418391435934565e-05,0,0,7,0,False,0.0,1,2
100000001534244100,terminal,0.55,5,0.4247,"получил 366 000 ₸ от 2 плательщ., дальше ушло лишь 45 000 ₸ (12%, 1 получ.) — удерживает большую часть",3,False,False,2,1,366000.0,45000.0,2,1,0.12295081967213115,0.00034150708804052437,0.0,1.997121524751707e-06,2.159800680119253e-05,0,0,8,0,False,0.0,2,2
100000003270419100,terminal,0.63,11,0.4243,"получил 150 000 ₸ от 1 плательщ. (1 переводов), дальше ничего (колено 3, исходящие выгружены — обрыва нет)",3,False,False,1,0,150000.0,0.0,1,0,0.0,0.0008334814098706033,0.0,0.0,0.0,0,0,10,0,False,0.0,1,1
100000004904960100,terminal,0.606,2,0.4243,"получил 32 000 ₸ от 2 плательщ. (2 переводов), дальше ничего (колено 2, исходящие выгружены — обрыва нет)",2,False,False,2,0,32000.0,0.0,2,0,0.0,0.0007779174826823424,0.0,0.0,0.0,0,1,10,0,False,0.0,1,2
100000002308091100,terminal,0.637,13,0.4235,"получил 186 720 ₸ от 1 плательщ. (1 переводов), дальше ничего (колено 3, исходящие выгружены — обрыва нет)",3,False,False,1,0,186720.0,0.0,1,0,0.0,0.0005611068728343333,0.0,0.0,0.0,0,0,1,0,False,0.0,1,1
100000003171006100,terminal,0.697,5,0.4234,"получил 485 000 ₸ от 2 плательщ. (2 переводов), дальше ничего (колено 3, исходящие выгружены — обрыва нет)",3,False,False,2,0,485000.0,0.0,2,0,0.0,0.0003349679442942915,0.0,4.496881556178737e-06,0.0,0,0,9,0,False,0.0,2,1
100000002981527100,terminal,0.634,9,0.4234,"получил 168 000 ₸ от 1 плательщ. (1 переводов), дальше ничего (колено 1, исходящие выгружены — обрыва нет)",1,False,False,1,0,168000.0,0.0,1,0,0.0,0.0003036113749173627,0.0,2.274780450186003e-05,0.0,1,1,1,0,False,0.0,1,1
100000007953156100,transit,0.461,14,0.4234,"получил 18 000 ₸, отдал дальше 56% полученного (1 получ.)",2,False,False,1,1,18000.0,10000.0,1,1,0.5555555555555556,0.0004778416683076007,0.0,9.023756758629543e-290,1.981468513870874e-05,0,1,8,0,False,0.0,1,2
100000004644615100,transit,0.35,10,0.4234,отдал 379 665 ₸ при видимых входящих 50 810 ₸ — есть поступления вне выгрузки; 5% суммы ушло за ≤2 дня после поступления,3,False,False,1,2,50810.0,379665.0,1,14,7.472249557173785,0.00037436756021008163,0.0,2.463136707888565e-07,1.1888811083225246e-06,0,0,1,0,False,0.045829876338350915,1,12
100000003366471100,terminal,0.55,7,0.4225,"получил 329 789 ₸ от 2 плательщ., дальше ушло лишь 20 000 ₸ (6%, 1 получ.) — удерживает большую часть",3,False,False,2,1,329789.0,20000.0,5,1,0.0606448365470043,0.0003604911511540956,0.0,0.002742319115704567,1.922024458454748e-05,0,0,7,0,False,1.0,2,4
100000003968044100,transit,0.35,7,0.4224,отдал 311 000 ₸ при видимых входящих 40 000 ₸ — есть поступления вне выгрузки,3,False,False,1,3,40000.0,311000.0,1,4,7.775,0.000296004155053737,0.0014579653162372242,0.001137907385155322,6.561503152343142e-05,0,0,7,43,True,0.0,1,5
100000008003034100,transit,0.35,11,0.4224,отдал 135 000 ₸ при видимых входящих 12 201 ₸ — есть поступления вне выгрузки; 36% суммы ушло за ≤2 дня после поступления,1,False,False,1,4,12201.0,135000.0,1,4,11.064666830587656,0.00028688112198836955,9.144384770200497e-05,0.0002952416008836587,0.0019931390235273026,1,1,7,1,True,0.3592592592592593,1,4
100000004217419100,terminal,0.55,7,0.4219,"получил 118 200 ₸ от 2 плательщ., дальше ушло лишь 7 700 ₸ (7%, 1 получ.) — удерживает большую часть",3,False,False,2,1,118200.0,7700.0,3,1,0.06514382402707276,0.0005841829530235464,0.0,0.001617239562686933,1.9418391435934565e-05,0,0,7,0,False,1.0,1,3
100000000569479100,terminal,0.664,7,0.4218,"получил 320 000 ₸ от 1 плательщ. (1 переводов), дальше ничего (колено 3, исходящие выгружены — обрыва нет)",3,False,False,1,0,320000.0,0.0,1,0,0.0,0.0003949532398197791,0.0,0.00016105425266535616,0.0,0,0,7,0,False,0.0,1,1
100000000806727100,terminal,0.55,3,0.4215,"получил 45 000 ₸ от 1 плательщ., дальше ушло лишь 5 000 ₸ (11%, 1 получ.) — удерживает большую часть",2,False,False,1,1,45000.0,5000.0,1,1,0.1111111111111111,0.0003458595620044754,9.454327130423968e-254,1.862578378996418e-253,0.0,0,2,11,0,False,0.0,1,2
100000002921047100,peripheral,0.5,8,0.4214,"получил 338 000 ₸, отдал дальше 48% полученного; ни сбора, ни веера, ни чистого транзита",1,False,False,2,1,338000.0,163000.02,2,1,0.48224857988165676,0.00031704809387447845,0.0,5.617562798651181e-06,2.159800680119253e-05,1,1,9,0,False,1.0,1,2
100000003920950100,terminal,0.665,8,0.4213,"получил 323 290 ₸ от 1 плательщ. (1 переводов), дальше ничего (колено 3, исходящие выгружены — обрыва нет)",3,False,False,1,0,323290.0,0.0,1,0,0.0,0.0003917283702075202,0.0,0.00010831189501834011,0.0,0,0,7,0,False,0.0,1,1
100000002156381100,peripheral,0.5,34,0.4209,"получил 61 000 ₸, отдал дальше 36% полученного; ни сбора, ни веера, ни чистого транзита",2,False,False,2,1,61000.0,21800.0,7,3,0.35737704918032787,0.0010807758307164093,0.0,2.2970889399872445e-281,4.240342619683671e-05,0,1,8,1,False,0.22935779816513763,2,8
100000005367445100,transit,0.95,5,0.4191,"получил 5 000 ₸, отдал дальше 100% полученного (1 получ.); 100% суммы ушло за ≤2 дня после поступления",3,False,False,1,1,5000.0,5000.0,1,1,1.0,0.0018429964605732618,9.847280311876347e-07,0.0,0.0,0,0,9,1,False,1.0,1,2
100000008169544100,peripheral,0.5,4,0.4191,"получил 137 104 ₸, отдал дальше 31% полученного; ни сбора, ни веера, ни чистого транзита",1,False,False,1,4,137104.0,42800.0,2,7,0.31217178200490137,0.0003003104494280091,0.00013281054532341451,0.0002952416008836587,0.00011830662935118885,1,1,7,4,True,0.28738317757009346,1,7
100000001961048100,terminal,0.63,31,0.418,"получил 150 000 ₸ от 1 плательщ. (1 переводов), дальше ничего (колено 2, исходящие выгружены — обрыва нет)",2,False,False,1,0,150000.0,0.0,1,0,0.0,0.00030430933928482544,0.0,3.8766877888989646e-07,0.0,0,1,7,0,False,0.0,1,1
100000002633108100,terminal,0.664,14,0.4178,"получил 320 000 ₸ от 1 плательщ. (3 переводов), дальше ничего (колено 3, исходящие выгружены — обрыва нет)",3,False,False,1,0,320000.0,0.0,3,0,0.0,0.0003760178193806783,0.0,2.4413789354590045e-05,0.0,0,0,7,0,False,0.0,1,3
100000001680944100,terminal,0.679,21,0.4178,"получил 393 000 ₸ от 1 плательщ. (1 переводов), дальше ничего (колено 3, исходящие выгружены — обрыва нет)",3,False,False,1,0,393000.0,0.0,1,0,0.0,0.00034558988439926675,0.0,3.5591269374705266e-07,0.0,0,0,9,0,False,0.0,1,1
100000002492277100,terminal,0.628,3,0.4178,"получил 138 500 ₸ от 1 плательщ. (1 переводов), дальше ничего (колено 2, исходящие выгружены — обрыва нет)",2,False,False,1,0,138500.0,0.0,1,0,0.0,0.00030740347309968685,0.0,0.0001421681899391104,0.0,0,1,7,0,False,0.0,1,1
100000004130144100,terminal,0.64,8,0.4176,"получил 200 000 ₸ от 1 плательщ. (1 переводов), дальше ничего (колено 1, исходящие выгружены — обрыва нет)",1,False,False,1,0,200000.0,0.0,1,0,0.0,0.0002970377419674501,0.0,4.341414826156218e-06,0.0,1,1,1,0,False,0.0,1,1
100000007641801100,terminal,0.64,8,0.4176,"получил 200 000 ₸ от 1 плательщ. (1 переводов), дальше ничего (колено 1, исходящие выгружены — обрыва нет)",1,False,False,1,0,200000.0,0.0,1,0,0.0,0.0002970377419674501,0.0,4.341414826156218e-06,0.0,1,1,1,0,False,0.0,1,1
100000005409156100,terminal,0.652,6,0.417,"получил 260 080 ₸ от 2 плательщ. (2 переводов), дальше ничего (колено 3, исходящие выгружены — обрыва нет)",3,False,False,2,0,260080.0,0.0,2,0,0.0,0.00042393100512820185,0.0,0.0030471163428368,0.0,0,0,7,0,False,0.0,1,2
100000008583360100,transit,0.449,9,0.417,"получил 112 843 ₸, отдал дальше 151% полученного (1 получ.)",3,False,False,1,1,112843.0,170000.0,1,1,1.5065179054083992,0.0003276125928311374,0.0,6.407022137400362e-07,1.922024458454748e-05,0,0,7,0,False,0.0,1,2
100000008676812100,terminal,0.646,17,0.4167,"получил 230 800 ₸ от 1 плательщ. (1 переводов), дальше ничего (колено 3, исходящие выгружены — обрыва нет)",3,False,False,1,0,230800.0,0.0,1,0,0.0,0.00047313415798956024,0.0,0.0,0.0,0,0,7,0,False,0.0,1,1
100000004587414100,terminal,0.707,6,0.4166,"получил 533 603 ₸ от 2 плательщ. (2 переводов), дальше ничего (колено 3, исходящие выгружены — обрыва нет)",3,False,False,2,0,533603.0,0.0,2,0,0.0,0.0003148717706403767,0.0,0.004072112352279331,0.0,0,0,7,0,False,0.0,1,2
100000002696152100,transit,0.35,34,0.4161,отдал 69 000 ₸ при видимых входящих 21 800 ₸ — есть поступления вне выгрузки; 22% суммы ушло за ≤2 дня после поступления,3,False,False,1,2,21800.0,69000.0,3,8,3.165137614678899,0.0012050605596790834,1.2640613114794705e-281,0.0,2.139985994980544e-05,0,0,8,1,False,0.21739130434782608,1,10
100000000922570100,transit,0.538,12,0.4157,"получил 47 101 ₸, отдал дальше 106% полученного (1 получ.)",1,False,False,1,1,47101.0,50000.0,1,1,1.0615485870788306,0.00029338594320602463,0.0,1.0100033243240566e-05,1.981468513870874e-07,1,1,1,0,False,0.0,1,2
100000008555918100,peripheral,0.5,3,0.4157,"получил 139 211 ₸, отдал дальше 31% полученного; ни сбора, ни веера, ни чистого транзита",1,False,False,1,2,139211.0,43300.0,1,2,0.3110386391879952,0.00031344440839775313,0.0,0.0004611679456476809,4.755524433290098e-05,1,2,10,0,False,0.0,1,3
100000000288317100,transit,0.58,7,0.4151,"получил 100 000 ₸, отдал дальше 54% полученного (3 получ.); 31% суммы ушло за ≤2 дня после поступления",3,False,False,2,3,100000.0,53500.0,2,3,0.535,0.0003128334856204945,1.57847465707e-313,0.001765465983214601,5.8255174307803695e-05,0,0,7,0,False,0.308411214953271,1,4
100000005222360100,transit,0.35,14,0.4151,отдал 27 000 ₸ при видимых входящих 5 000 ₸ — есть поступления вне выгрузки,3,False,False,1,1,5000.0,27000.0,1,1,5.4,0.0006008605701429425,1.4913309370284943e-06,0.0,0.0019087127079326193,0,0,7,0,True,0.0,1,2
100000001052945100,transit,0.35,58,0.4151,отдал 1 595 700 ₸ при видимых входящих 56 520 ₸ — есть поступления вне выгрузки,3,False,False,1,3,56520.0,1595700.0,1,6,28.23248407643312,0.0003015447649742742,1.57847465707e-313,2.4413789354590045e-05,5.7660733753642434e-05,0,0,7,0,False,0.0,1,6
100000000896111100,terminal,0.657,24,0.415,"получил 287 100 ₸ от 1 плательщ. (1 переводов), дальше ничего (колено 3, исходящие выгружены — обрыва нет)",3,False,False,1,0,287100.0,0.0,1,0,0.0,0.00038717189285320344,0.0,1.23619985386e-313,0.0,0,0,1,0,False,0.0,1,1
100000008349675100,transit,0.709,8,0.415,"получил 46 520 ₸, отдал дальше 79% полученного (1 получ.); 50% суммы ушло за ≤2 дня после поступления",1,False,False,1,1,46520.0,36650.0,1,2,0.7878331900257953,0.0002882368551639779,0.0,4.341414826156218e-06,1.981468513870874e-07,1,1,1,0,False,0.504774897680764,1,2
100000002481974100,transit,0.35,7,0.4146,отдал 318 000 ₸ при видимых входящих 89 447 ₸ — есть поступления вне выгрузки; 19% суммы ушло за ≤2 дня после поступления,3,False,False,2,2,89447.0,318000.0,2,4,3.5551779265934016,0.0003316686610389915,0.0,0.0001509821312265682,3.883678287186913e-05,0,0,7,0,False,0.18553459119496854,1,5
100000002815005100,terminal,0.695,5,0.4144,"получил 476 500 ₸ от 1 плательщ. (1 переводов), дальше ничего (колено 3, исходящие выгружены — обрыва нет)",3,False,False,1,0,476500.0,0.0,1,0,0.0,0.00031901272651967556,0.0,1.966214550791006e-06,0.0,0,0,8,0,False,0.0,1,1
100000000764836100,terminal,0.55,7,0.4141,"получил 251 716 ₸ от 1 плательщ., дальше ушло лишь 50 000 ₸ (20%, 2 получ.) — удерживает большую часть",3,False,False,1,2,251716.0,50000.0,1,2,0.1986365586613485,0.00033678317937202955,0.0,0.0016044117305492448,3.844048916909496e-05,0,0,7,0,False,0.5,1,2
100000003060517100,terminal,0.663,16,0.4139,"получил 315 955 ₸ от 1 плательщ. (1 переводов), дальше ничего (колено 3, исходящие выгружены — обрыва нет)",3,False,False,1,0,315955.0,0.0,1,0,0.0,0.00036188349261669046,0.0,0.0004659017954226318,0.0,0,0,7,0,False,0.0,1,1
100000001987030100,transit,0.473,15,0.4138,"получил 30 864 ₸, отдал дальше 62% полученного (1 получ.)",1,False,False,2,1,30864.0,19000.0,2,1,0.6156039398652151,0.0002938727535543705,1.8969132524858429e-06,0.0003309179489902753,5.706629319948117e-05,1,2,7,0,False,0.0,1,3
100000002748180100,transit,0.35,13,0.4136,отдал 679 743 ₸ при видимых входящих 9 900 ₸ — есть поступления вне выгрузки; 26% суммы ушло за ≤2 дня после поступления,1,False,False,1,8,9900.0,679743.0,1,9,68.66090909090909,0.0002872122492498478,2.1937427466282953e-06,1.0100033243240566e-05,8.52031460964476e-06,1,1,1,0,False,0.26480596343029644,1,6
100000003977183100,transit,0.45,8,0.4135,seed: отправил 766 000 ₸ 4 получ.; входящие вне выгрузки — роль по исходящим; 21% суммы ушло за ≤2 дня после поступления,0,True,False,2,4,123800.0,766000.0,2,6,6.187399030694669,0.000331460381699444,4.9519258097790276e-05,4.200664014254977e-05,1.5851748110966993e-06,1,1,1,1,False,0.21148825065274152,1,6
100000005530114100,terminal,0.55,16,0.4135,"получил 136 970 ₸ от 2 плательщ., дальше ушло лишь 25 000 ₸ (18%, 1 получ.) — удерживает большую часть",3,False,False,2,1,136970.0,25000.0,2,1,0.1825217200846901,0.0004948738015345289,0.0012614185857250486,0.00023791278694550023,4.4583041562094666e-06,0,0,7,0,False,1.0,1,3
100000008582730100,transit,0.95,17,0.4134,"получил 5 000 ₸, отдал дальше 100% полученного (1 получ.); 100% суммы ушло за ≤2 дня после поступления",3,False,False,1,1,5000.0,5000.0,1,1,1.0,0.0008925911171850297,8.816478649686815e-05,0.0,0.0,0,0,7,1,False,1.0,1,1
100000008223756100,terminal,0.666,7,0.4133,"получил 331 682 ₸ от 2 плательщ. (2 переводов), дальше ничего (колено 3, исходящие выгружены — обрыва нет)",3,False,False,2,0,331682.0,0.0,2,0,0.0,0.00035628112116330586,0.0,0.003036061905041726,0.0,0,0,7,0,False,0.0,1,2
100000007131370100,transit,0.55,15,0.4127,"получил 30 000 ₸, отдал дальше 100% полученного (1 получ.)",3,False,False,1,1,30000.0,30000.0,1,1,1.0,0.0008999890359090033,1.5429536631932864e-05,9.023756758629543e-290,0.0,0,0,7,1,False,0.0,1,2
100000000555721100,terminal,0.623,2,0.4126,"получил 113 000 ₸ от 2 плательщ. (3 переводов), дальше ничего (колено 1, исходящие выгружены — обрыва нет)",1,False,False,2,0,113000.0,0.0,3,0,0.0,0.00030809196179581376,0.0,0.0032895889214056735,0.0,1,1,7,0,False,0.0,2,2
100000008332511100,terminal,0.62,8,0.4124,"получил 100 000 ₸ от 1 плательщ. (1 переводов), дальше ничего (колено 3, исходящие выгружены — обрыва нет)",3,False,False,1,0,100000.0,0.0,1,0,0.0,0.0011127776746800726,0.0,0.0,0.0,0,0,9,0,False,0.0,1,1
100000003557488100,peripheral,0.5,32,0.4123,"получил 664 992 ₸, отдал дальше 21% полученного; ни сбора, ни веера, ни чистого транзита",3,False,False,1,2,664992.0,138000.0,3,4,0.20752129348924497,0.000580971814726147,2.7367980912499234e-295,4.747355765062003e-05,1.981468513870874e-05,0,0,7,1,False,0.855072463768116,1,5
100000003031761100,terminal,0.692,20,0.4123,"получил 460 408 ₸ от 1 плательщ. (1 переводов), дальше ничего (колено 3, исходящие выгружены — обрыва нет)",3,False,False,1,0,460408.0,0.0,1,0,0.0,0.0003183607828225481,0.0,7.936044019065454e-05,0.0,0,0,1,0,False,0.0,1,1
100000004784224100,transit,0.35,24,0.4123,отдал 100 000 ₸ при видимых входящих 23 500 ₸ — есть поступления вне выгрузки,1,False,False,1,1,23500.0,100000.0,2,1,4.25531914893617,0.0003047979078563769,0.0,1.23619985386e-313,1.981468513870874e-07,1,1,1,0,False,0.0,1,3
100000008571433100,transit,0.45,52,0.4122,seed: отправил 1 434 000 ₸ 2 получ.; входящие вне выгрузки — роль по исходящим; 74% суммы ушло за ≤2 дня после поступления,0,True,False,2,2,350000.0,1434000.0,2,3,4.097142857142857,0.0016264807087207904,0.0,1.1290422900411576e-302,9.90734256935437e-07,0,0,0,2,False,0.7419804741980475,1,4
100000000817146100,peripheral,0.7,4,0.4121,получил 70 020 ₸ (1 перев.) и дальше не переводил; сумма мала для роли,1,False,False,1,0,70020.0,0.0,1,0,0.0,0.000589468478641026,0.0,1.863306829995677e-257,0.0,1,2,9,0,False,0.0,1,1
100000005539910100,peripheral,0.5,3,0.4118,"получил 102 000 ₸, отдал дальше 22% полученного; ни сбора, ни веера, ни чистого транзита",2,False,False,1,2,102000.0,22000.0,1,2,0.21568627450980393,0.000498726301748055,0.0,0.0,4.795153803567515e-05,0,1,10,0,False,0.0,1,2
100000000607731100,transit,0.35,30,0.4115,отдал 66 666 ₸ при видимых входящих 20 000 ₸ — есть поступления вне выгрузки,1,False,False,1,1,20000.0,66666.0,1,1,3.3333,0.0003175358448925586,0.0,2.6231749817115585e-266,5.944405541612623e-07,1,1,1,0,False,0.0,1,2
100000008601794100,transit,0.45,56,0.4111,seed: отправил 871 400 ₸ 1 получ.; входящие вне выгрузки — роль по исходящим; 23% суммы ушло за ≤2 дня после поступления,0,True,False,2,1,494400.0,871400.0,8,13,1.7625404530744337,0.002367779758018107,0.0,1.1290422900411576e-302,3.962937027741748e-07,0,0,0,2,False,0.23112233187973377,1,17
100000008379273100,transit,0.539,9,0.411,"получил 36 000 ₸, отдал дальше 106% полученного (4 получ.)",3,False,False,2,4,36000.0,38000.0,2,4,1.0555555555555556,0.0002990171904496492,0.00011632381631665593,3.3989760686401816e-06,0.0017005148871402581,0,0,7,0,True,0.0,1,5
100000000703894100,peripheral,0.5,30,0.4107,"получил 120 000 ₸, отдал дальше 29% полученного; ни сбора, ни веера, ни чистого транзита",1,False,False,1,1,120000.0,35000.0,1,1,0.2916666666666667,0.00047736859826889746,0.0,2.6231749817115585e-266,5.944405541612623e-07,1,1,1,0,False,0.0,1,2
100000006912294100,transit,0.35,9,0.4107,отдал 30 000 ₸ при видимых входящих 6 335 ₸ — есть поступления вне выгрузки,2,False,False,1,2,6335.09,30000.0,1,2,4.7355286191672095,0.0004989220673206185,9.917415156426794e-06,0.0,5.944405541612623e-07,0,1,1,1,False,0.0,1,3
100000008376089100,terminal,0.627,31,0.4106,"получил 135 000 ₸ от 1 плательщ. (1 переводов), дальше ничего (колено 2, исходящие выгружены — обрыва нет)",2,False,False,1,0,135000.0,0.0,1,0,0.0,0.000302435334778072,0.0,3.8766877888989646e-07,0.0,0,1,7,0,False,0.0,1,1
100000003321895100,transit,0.35,66,0.4103,отдал 553 830 ₸ при видимых входящих 24 000 ₸ — есть поступления вне выгрузки,3,False,False,1,2,24000.0,553830.0,1,3,23.07625,0.00031125966376989726,0.0,1.0123575345997096e-05,3.962937027741748e-05,0,0,7,0,False,0.0,1,4
100000003178549100,peripheral,0.5,16,0.4094,"получил 250 000 ₸, отдал дальше 36% полученного; ни сбора, ни веера, ни чистого транзита",3,False,False,2,4,250000.0,89080.0,2,4,0.35632,0.00035215781948056465,0.0015225878263756562,0.0016231039178147932,0.000272122020152055,0,0,7,11,True,0.0,1,5
100000008490127100,transit,0.35,6,0.4093,отдал 923 000 ₸ при видимых входящих 431 755 ₸ — есть поступления вне выгрузки,3,False,False,1,6,431755.0,923000.0,2,9,2.137786476126507,0.00029956211716964667,9.908246009166667e-256,0.0029401739563140994,0.00011532146750728487,0,0,7,0,False,0.0,1,7
100000004652395100,consolidator,0.7,7,0.409,"получает от 3 разных плательщиков (5 переводов, 101 528 ₸); 4-е колено: исходящие не выгружались; до 3 плательщиков в один день",4,False,True,3,0,101528.0,0.0,5,0,0.0,0.00033570670989277517,0.0,0.00017022149527287276,0.0,0,0,7,0,False,0.0,3,1
100000003795588100,terminal,0.68,2,0.4086,"получил 400 000 ₸ от 1 плательщ. (2 переводов), дальше ничего (колено 3, исходящие выгружены — обрыва нет)",3,False,False,1,0,400000.0,0.0,2,0,0.0,0.00032104219550652184,0.0,0.0011319383959652314,0.0,0,0,7,0,False,0.0,1,1
100000002969048100,terminal,0.622,8,0.4079,"получил 108 470 ₸ от 1 плательщ. (1 переводов), дальше ничего (колено 2, исходящие выгружены — обрыва нет)",2,False,False,1,0,108470.0,0.0,1,0,0.0,0.00030612769671556627,0.0,2.8721411760945644e-05,0.0,0,1,1,0,False,0.0,1,1
100000002691583100,terminal,0.657,28,0.4079,"получил 285 200 ₸ от 1 плательщ. (1 переводов), дальше ничего (колено 3, исходящие выгружены — обрыва нет)",3,False,False,1,0,285200.0,0.0,1,0,0.0,0.0003570895620191624,0.0,2.8321519604650354e-232,0.0,0,0,7,0,False,0.0,1,1
100000001066017100,transit,0.546,2,0.4077,"получил 136 123 ₸, отдал дальше 61% полученного (4 получ.); 19% суммы ушло за ≤2 дня после поступления",3,False,False,2,4,136123.0,82500.0,3,4,0.6060695106631503,0.0003012384075340412,1.5362965042255266e-289,0.004043688917964581,7.688097833818992e-05,0,0,7,0,False,0.18787878787878787,1,5
100000007747786100,distributor,0.81,8,0.4076,"seed; веер: 35 переводов на 31 разных получателей, 4 238 009 ₸; получил от 0 плательщиков",0,True,False,0,31,0.0,4238009.4,0,35,-1.0,0.0002855692942172909,0.0002329592957504322,0.0,0.0,0,0,0,0,False,0.0,0,18
100000002644285100,terminal,0.7,13,0.4071,"получил 500 000 ₸ от 1 плательщ. (1 переводов), дальше ничего (колено 3, исходящие выгружены — обрыва нет)",3,False,False,1,0,500000.0,0.0,1,0,0.0,0.00030938521828855235,0.0,3.794136183730392e-07,0.0,0,0,2,0,False,0.0,1,1
100000002109656100,terminal,0.7,13,0.4071,"получил 500 000 ₸ от 1 плательщ. (1 переводов), дальше ничего (колено 3, исходящие выгружены — обрыва нет)",3,False,False,1,0,500000.0,0.0,1,0,0.0,0.00030938521828855235,0.0,3.794136183730392e-07,0.0,0,0,2,0,False,0.0,1,1
100000006122699100,terminal,0.609,4,0.4069,"получил 45 865 ₸ от 2 плательщ. (2 переводов), дальше ничего (колено 2, исходящие выгружены — обрыва нет)",2,False,False,2,0,45865.0,0.0,2,0,0.0,0.0004047064849586192,0.0,7.403304069327434e-06,0.0,0,1,7,0,False,0.0,2,1
100000004746397100,terminal,0.55,6,0.4068,"получил 219 520 ₸ от 1 плательщ., дальше ушло лишь 7 500 ₸ (3%, 1 получ.) — удерживает большую часть",3,False,False,1,1,219520.0,7500.0,1,1,0.03416545189504373,0.00029268375611003365,8.152356859635305e-05,0.0029401739563140994,0.0006677699345145905,0,0,7,4,True,0.0,1,2
100000002454724100,terminal,0.625,31,0.4065,"получил 125 000 ₸ от 1 плательщ. (3 переводов), дальше ничего (колено 2, исходящие выгружены — обрыва нет)",2,False,False,1,0,125000.0,0.0,3,0,0.0,0.00030118599844023634,0.0,3.8766877888989646e-07,0.0,0,1,7,0,False,0.0,1,3
100000004580202100,transit,0.35,23,0.4061,отдал 45 000 ₸ при видимых входящих 9 000 ₸ — есть поступления вне выгрузки; 11% суммы ушло за ≤2 дня после поступления,2,False,False,1,3,9000.0,45000.0,1,4,5.0,0.00032162328322811565,1.57847465707e-313,5.175780176322777e-08,5.9444055416126226e-05,0,1,7,0,False,0.1111111111111111,1,4
100000005375968100,transit,0.591,2,0.4061,"получил 170 082 ₸, отдал дальше 51% полученного (2 получ.); 35% суммы ушло за ≤2 дня после поступления",3,False,False,1,2,170082.0,86000.0,1,4,0.5056384567443939,0.0002951483068536033,0.0,0.0029057815328092595,3.844048916909496e-05,0,0,7,0,False,0.3488372093023256,1,4
100000001893287100,transit,0.35,8,0.406,отдал 152 700 ₸ при видимых входящих 18 000 ₸ — есть поступления вне выгрузки; 38% суммы ушло за ≤2 дня после поступления,3,False,False,1,1,18000.0,152700.0,3,14,8.483333333333333,0.0006184515295005462,1.2322305802932024e-05,1.23619985386e-313,0.0,0,0,1,1,False,0.37786509495743287,1,12
100000008388049100,terminal,0.699,13,0.4059,"получил 496 400 ₸ от 1 плательщ. (1 переводов), дальше ничего (колено 3, исходящие выгружены — обрыва нет)",3,False,False,1,0,496400.0,0.0,1,0,0.0,0.00030921374363523924,0.0,3.794136183730392e-07,0.0,0,0,2,0,False,0.0,1,1
100000000580561100,transit,0.45,45,0.4059,seed: отправил 1 488 077 ₸ 3 получ.; входящие вне выгрузки — роль по исходящим; 57% суммы ушло за ≤2 дня после поступления,0,True,False,2,3,27980.0,1488077.0,3,13,53.183595425303785,0.0008349888856684653,1.57847465707e-313,2.47239970773e-313,1.1888811083225246e-06,0,0,0,2,False,0.5712070007130008,1,12
100000004726132100,terminal,0.55,2,0.4057,"получил 349 000 ₸ от 1 плательщ., дальше ушло лишь 24 000 ₸ (7%, 1 получ.) — удерживает большую часть",3,False,False,1,1,349000.0,24000.0,1,2,0.06876790830945559,0.00031651940059214493,0.0,0.0011319383959652314,1.922024458454748e-05,0,0,7,0,False,0.0,1,3
100000002241986100,transit,0.35,42,0.4057,отдал 3 077 000 ₸ при видимых входящих 280 000 ₸ — есть поступления вне выгрузки,3,False,False,1,6,280000.0,3077000.0,1,12,10.989285714285714,0.00029464386295803416,9.908246009166667e-256,0.0029401739563140994,0.00011532146750728487,0,0,7,0,False,0.0,1,12
100000001524952100,terminal,0.621,2,0.4053,"получил 103 807 ₸ от 1 плательщ. (1 переводов), дальше ничего (колено 1, исходящие выгружены — обрыва нет)",1,False,False,1,0,103807.0,0.0,1,0,0.0,0.00030504892931036134,0.0,0.0021516815362503513,0.0,1,1,7,0,False,0.0,1,1
100000000640800100,transit,0.35,7,0.4051,отдал 518 135 ₸ при видимых входящих 80 000 ₸ — есть поступления вне выгрузки; 3% суммы ушло за ≤2 дня после поступления,3,False,False,1,4,80000.0,518135.0,1,6,6.4766875,0.00030324034248046286,1.7055499079683865e-07,0.0001302803722324665,0.000145174954828096,0,0,7,0,False,0.031096142897121405,1,5
100000008430691100,transit,0.35,69,0.4048,отдал 604 900 ₸ при видимых входящих 20 000 ₸ — есть поступления вне выгрузки; 97% суммы ушло за ≤2 дня после поступления,3,False,False,1,2,20000.0,604900.0,1,2,30.245,0.0003069779355111296,1.1080982356367753e-06,1.0123575345997096e-05,1.9616538287321655e-05,0,0,7,1,False,0.96693668374938,1,2
100000008576243100,terminal,0.617,2,0.4048,"получил 82 920 ₸ от 2 плательщ. (4 переводов), дальше ничего (колено 3, исходящие выгружены — обрыва нет)",3,False,False,2,0,82920.0,0.0,4,0,0.0,0.0016515737888683508,0.0,9.244316510383576e-05,0.0,0,0,8,0,False,0.0,2,3
100000005133757100,terminal,0.613,7,0.4047,"получил 65 000 ₸ от 2 плательщ. (2 переводов), дальше ничего (колено 1, исходящие выгружены — обрыва нет)",1,False,False,2,0,65000.0,0.0,2,0,0.0,0.00029941072919293055,0.0,0.0005914483178801474,0.0,1,2,10,0,False,0.0,1,2
100000003031633100,terminal,0.683,5,0.4042,"получил 414 000 ₸ от 1 плательщ. (2 переводов), дальше ничего (колено 3, исходящие выгружены — обрыва нет)",3,False,False,1,0,414000.0,0.0,2,0,0.0,0.00031462612731946766,0.0,1.966214550791006e-06,0.0,0,0,8,0,False,0.0,1,1
100000002670960100,terminal,0.696,13,0.4036,"получил 480 310 ₸ от 1 плательщ. (1 переводов), дальше ничего (колено 3, исходящие выгружены — обрыва нет)",3,False,False,1,0,480310.0,0.0,1,0,0.0,0.000308447347198626,0.0,3.794136183730392e-07,0.0,0,0,2,0,False,0.0,1,1
100000008200810100,terminal,0.695,13,0.403,"получил 475 000 ₸ от 1 плательщ. (1 переводов), дальше ничего (колено 3, исходящие выгружены — обрыва нет)",3,False,False,1,0,475000.0,0.0,1,0,0.0,0.00030819442208498927,0.0,3.794136183730392e-07,0.0,0,0,2,0,False,0.0,1,1
100000003050771100,terminal,0.646,11,0.4023,"получил 229 000 ₸ от 1 плательщ. (1 переводов), дальше ничего (колено 3, исходящие выгружены — обрыва нет)",3,False,False,1,0,229000.0,0.0,1,0,0.0,0.0003703398485850235,0.0,0.00025946007686321234,0.0,0,0,7,0,False,0.0,1,1
100000008514970100,terminal,0.55,20,0.4017,"получил 379 966 ₸ от 1 плательщ., дальше ушло лишь 31 000 ₸ (8%, 1 получ.) — удерживает большую часть",3,False,False,1,1,379966.0,31000.0,1,1,0.0815862471905381,0.0003126314885305634,0.0,7.936044019065454e-05,7.925874055483496e-07,0,0,1,0,False,1.0,1,1
100000008713270100,transit,0.35,8,0.4017,отдал 190 000 ₸ при видимых входящих 30 000 ₸ — есть поступления вне выгрузки; 79% суммы ушло за ≤2 дня после поступления,2,False,False,1,3,30000.0,190000.0,1,3,6.333333333333333,0.00029125521728309953,1.57847465707e-313,2.8721411760945644e-05,1.1888811083225246e-06,0,1,1,0,False,0.7894736842105263,1,3
100000005314565100,terminal,0.644,2,0.4017,"получил 218 500 ₸ от 1 плательщ. (3 переводов), дальше ничего (колено 3, исходящие выгружены — обрыва нет)",3,False,False,1,0,218500.0,0.0,3,0,0.0,0.0003750215171110066,0.0,0.0006428156575478821,0.0,0,0,7,0,False,0.0,1,1
100000003254277100,transit,0.933,2,0.4017,"получил 49 200 ₸, отдал дальше 91% полученного (1 получ.); 100% суммы ушло за ≤2 дня после поступления",3,False,False,1,1,49200.0,44997.0,1,1,0.9145731707317073,0.0002883402365962997,0.0,0.0029057815328092595,1.922024458454748e-05,0,0,7,0,False,1.0,1,1
100000004420041100,transit,0.35,12,0.4014,отдал 651 830 ₸ при видимых входящих 69 638 ₸ — есть поступления вне выгрузки,3,False,False,1,7,69638.0,651830.0,1,11,9.360263074758034,0.00029973777192393526,0.00012716212292143383,0.0016044117305492448,0.00015424862618236015,0,0,7,0,False,0.0,1,8
100000002677201100,transit,0.467,5,0.4013,"получил 150 000 ₸, отдал дальше 58% полученного (1 получ.)",3,False,False,1,1,150000.0,87750.0,1,1,0.585,0.00030890584852738594,0.0,1.8496738193083065e-06,2.139985994980544e-05,0,0,8,0,False,0.0,1,2
100000003215448100,transit,0.504,7,0.4011,"получил 91 309 ₸, отдал дальше 136% полученного (2 получ.); 6% суммы ушло за ≤2 дня после поступления",3,False,False,1,2,91309.0,124000.0,1,4,1.3580260434349298,0.00030414693187081325,0.0,0.0016044117305492448,3.844048916909496e-05,0,0,7,0,False,0.06451612903225806,1,4
100000005756189100,transit,0.901,6,0.4002,"получил 65 000 ₸, отдал дальше 75% полученного (1 получ.); 100% суммы ушло за ≤2 дня после поступления",3,False,False,1,1,65000.0,49050.0,1,1,0.7546153846153846,0.0002876758905321063,0.0,0.0029401739563140994,1.922024458454748e-05,0,0,7,0,False,1.0,1,1
100000004417753100,terminal,0.638,3,0.3998,"получил 192 099 ₸ от 2 плательщ. (2 переводов), дальше ничего (колено 3, исходящие выгружены — обрыва нет)",3,False,False,2,0,192099.0,0.0,2,0,0.0,0.00039314677564997663,0.0,0.00013358663793153135,0.0,0,0,7,0,False,0.0,2,1
100000006209210100,terminal,0.646,8,0.3998,"получил 229 111 ₸ от 1 плательщ. (1 переводов), дальше ничего (колено 3, исходящие выгружены — обрыва нет)",3,False,False,1,0,229111.0,0.0,1,0,0.0,0.0003608027133122132,0.0,0.00010831189501834011,0.0,0,0,7,0,False,0.0,1,1
100000001427082100,transit,0.35,22,0.3996,отдал 124 900 ₸ при видимых входящих 5 000 ₸ — есть поступления вне выгрузки,3,False,False,1,5,5000.0,124900.0,1,6,24.98,0.0004392450523980504,1.9629899182804822e-254,3.1081580590858487e-255,7.846615314928662e-05,0,0,7,0,False,0.0,1,7
100000001049200100,peripheral,0.5,17,0.3995,"получил 76 624 ₸, отдал дальше 47% полученного; ни сбора, ни веера, ни чистого транзита",1,False,False,2,4,76624.0,36000.0,2,5,0.46982668615577367,0.0002982913003271399,1.1012390777196447e-05,0.0003797223312623088,0.0011596533657190738,1,1,7,4,True,0.0,1,6
100000001541418100,terminal,0.619,9,0.3995,"получил 96 900 ₸ от 2 плательщ. (2 переводов), дальше ничего (колено 2, исходящие выгружены — обрыва нет)",2,False,False,2,0,96900.0,0.0,2,0,0.0,0.00030353063860818737,0.0,2.4915068970207686e-05,0.0,0,1,7,0,False,0.0,1,2
100000003636627100,terminal,0.55,8,0.3994,"получил 77 000 ₸ от 1 плательщ., дальше ушло лишь 10 000 ₸ (13%, 1 получ.) — удерживает большую часть",3,False,False,1,1,77000.0,10000.0,8,1,0.12987012987012986,0.0019763124102948008,1.2423235033245027e-05,0.0,0.0,0,0,7,1,False,0.0,1,9
100000002757797100,terminal,0.62,12,0.399,"получил 100 000 ₸ от 1 плательщ. (1 переводов), дальше ничего (колено 1, исходящие выгружены — обрыва нет)",1,False,False,1,0,100000.0,0.0,1,0,0.0,0.00030216479959665387,0.0,1.0100033243240566e-05,0.0,1,1,1,0,False,0.0,1,1
100000005661829100,transit,0.871,17,0.399,"получил 37 790 ₸, отдал дальше 107% полученного (2 получ.); 84% суммы ушло за ≤2 дня после поступления",3,False,False,1,2,37790.0,40362.0,1,4,1.0680603334215402,0.0002920319635832895,0.00011522832699485975,8.448073037865009e-05,2.229209894062771e-06,0,0,7,0,False,0.837173579109063,1,3
100000003457710100,transit,0.35,6,0.398,отдал 1 306 000 ₸ при видимых входящих 326 555 ₸ — есть поступления вне выгрузки; 100% суммы ушло за ≤2 дня после поступления,3,False,False,1,1,326555.0,1306000.0,1,2,3.999326300316945,0.0002961526720570531,0.0,0.0029401739563140994,1.922024458454748e-05,0,0,7,0,False,1.0,1,1
100000008722417100,transit,0.35,6,0.3979,отдал 720 000 ₸ при видимых входящих 331 900 ₸ — есть поступления вне выгрузки; 36% суммы ушло за ≤2 дня после поступления,3,False,False,1,3,331900.0,720000.0,1,6,2.16932811087677,0.0002963258990924791,1.57847465707e-313,0.0029401739563140994,5.7660733753642434e-05,0,0,7,0,False,0.3611111111111111,1,6
100000001169666100,terminal,0.55,9,0.3976,"получил 220 000 ₸ от 1 плательщ., дальше ушло лишь 24 000 ₸ (11%, 1 получ.) — удерживает большую часть",3,False,False,1,1,220000.0,24000.0,2,1,0.10909090909090909,0.0003195447456388584,0.0,5.689711552130549e-08,2.19943005039667e-05,0,0,9,0,False,0.0,1,3
100000002890167100,terminal,0.624,4,0.3976,"получил 118 150 ₸ от 1 плательщ. (1 переводов), дальше ничего (колено 1, исходящие выгружены — обрыва нет)",1,False,False,1,0,118150.0,0.0,1,0,0.0,0.00029827255224146494,0.0,0.0002952416008836587,0.0,1,1,7,0,False,0.0,1,1
100000003097324100,terminal,0.659,21,0.3975,"получил 294 000 ₸ от 2 плательщ. (2 переводов), дальше ничего (колено 3, исходящие выгружены — обрыва нет)",3,False,False,2,0,294000.0,0.0,2,0,0.0,0.0003260131114572481,0.0,2.3221272445380585e-06,0.0,0,0,9,0,False,0.0,2,1
100000001538095100,terminal,0.656,13,0.3974,"получил 280 000 ₸ от 2 плательщ. (2 переводов), дальше ничего (колено 3, исходящие выгружены — обрыва нет)",3,False,False,2,0,280000.0,0.0,2,0,0.0,0.00033013522666239774,0.0,3.051233521374549e-06,0.0,0,0,9,0,False,0.0,2,1
100000001073568100,peripheral,0.5,14,0.3972,"получил 707 465 ₸, отдал дальше 31% полученного; ни сбора, ни веера, ни чистого транзита",3,False,False,1,2,707465.0,219503.0,4,3,0.31026693900051594,0.000485535437513278,1.0558632740246126e-05,2.4413789354590045e-05,1.922024458454748e-05,0,0,7,0,False,1.0,1,3
100000008038077100,terminal,0.7,6,0.397,"получил 499 850 ₸ от 1 плательщ. (2 переводов), дальше ничего (колено 3, исходящие выгружены — обрыва нет)",3,False,False,1,0,499850.0,0.0,2,0,0.0,0.0003017690198782214,0.0,0.0029401739563140994,0.0,0,0,7,0,False,0.0,1,1
100000008501413100,transit,0.946,34,0.3968,"получил 5 000 ₸, отдал дальше 102% полученного (1 получ.); 100% суммы ушло за ≤2 дня после поступления",3,False,False,1,1,5000.0,5100.0,1,1,1.02,0.0003666452836068578,0.0,9.977809130351899e-07,2.1201713098418353e-05,0,0,8,0,False,1.0,1,2
100000003116106100,terminal,0.699,6,0.3961,"получил 494 050 ₸ от 1 плательщ. (2 переводов), дальше ничего (колено 3, исходящие выгружены — обрыва нет)",3,False,False,1,0,494050.0,0.0,2,0,0.0,0.0003015810466685917,0.0,0.0029401739563140994,0.0,0,0,7,0,False,0.0,1,2
100000002933386100,transit,0.35,3,0.3961,отдал 58 000 ₸ при видимых входящих 15 000 ₸ — есть поступления вне выгрузки,3,False,False,1,1,15000.0,58000.0,1,1,3.8666666666666667,0.000652782324912921,0.0,0.0,2.0012831990095827e-05,0,0,7,0,False,0.0,1,2
100000003917461100,transit,0.35,12,0.3956,отдал 140 000 ₸ при видимых входящих 10 000 ₸ — есть поступления вне выгрузки; 7% суммы ушло за ≤2 дня после поступления,3,False,False,1,2,10000.0,140000.0,1,5,14.0,0.0003991316698685015,1.5362965042255266e-289,1.23619985386e-313,2.0210978841482916e-05,0,0,9,1,False,0.07142857142857142,1,5
100000005241556100,terminal,0.62,20,0.3955,"получил 100 000 ₸ от 1 плательщ. (1 переводов), дальше ничего (колено 3, исходящие выгружены — обрыва нет)",3,False,False,1,0,100000.0,0.0,1,0,0.0,0.0005490718879795894,0.0,0.0,0.0,0,0,8,0,False,0.0,1,1
100000008730021100,peripheral,0.7,15,0.3955,получил 75 555 ₸ (3 перев.) и дальше не переводил; сумма мала для роли,1,False,False,1,0,75555.0,0.0,3,0,0.0,0.00046813825917664206,0.0,2.394324219398595e-06,0.0,1,2,2,0,False,0.0,1,2
100000001825934100,transit,0.35,37,0.3954,отдал 97 000 ₸ при видимых входящих 40 000 ₸ — есть поступления вне выгрузки,3,False,False,1,1,40000.0,97000.0,1,1,2.425,0.00047586713178590694,0.0,1.23619985386e-313,9.90734256935437e-07,0,0,1,0,False,0.0,1,2
100000008571443100,terminal,0.613,11,0.395,"получил 65 000 ₸ от 2 плательщ. (2 переводов), дальше ничего (колено 2, исходящие выгружены — обрыва нет)",2,False,False,2,0,65000.0,0.0,2,0,0.0,0.00031474857317144927,0.0,0.0003125619274259747,0.0,0,1,7,0,False,0.0,1,2
100000003934614100,transit,0.885,35,0.3949,"получил 17 000 ₸, отдал дальше 68% полученного (1 получ.); 100% суммы ушло за ≤2 дня после поступления",3,False,False,2,1,17000.0,11500.0,2,2,0.6764705882352942,0.0003134906893691794,6.456347685168757e-08,1.7773134064094906e-05,6.604895046236247e-08,0,0,7,4,False,1.0,1,3
100000004368189100,terminal,0.55,13,0.3935,"получил 384 600 ₸ от 1 плательщ., дальше ушло лишь 28 200 ₸ (7%, 2 получ.) — удерживает большую часть",3,False,False,1,2,384600.0,28200.0,1,2,0.07332293291731669,0.0003038885030129052,0.0,3.794136183730392e-07,2.774055919419224e-06,0,0,2,0,False,0.7695035460992907,1,3
100000008751380100,terminal,0.669,5,0.3933,"получил 345 780 ₸ от 2 плательщ. (2 переводов), дальше ничего (колено 3, исходящие выгружены — обрыва нет)",3,False,False,2,0,345780.0,0.0,2,0,0.0,0.0003127638118830456,0.0,1.9820618273495334e-06,0.0,0,0,9,0,False,0.0,1,2
100000002612809100,transit,0.35,37,0.3932,отдал 114 000 ₸ при видимых входящих 30 000 ₸ — есть поступления вне выгрузки; 13% суммы ушло за ≤2 дня после поступления,3,False,False,1,3,30000.0,114000.0,2,4,3.8,0.00042829267239375297,3.051713961844856e-281,1.23619985386e-313,1.5851748110966993e-06,0,0,1,1,False,0.13157894736842105,1,5
100000001270349100,terminal,0.64,26,0.3928,"получил 200 000 ₸ от 1 плательщ. (1 переводов), дальше ничего (колено 3, исходящие выгружены — обрыва нет)",3,False,False,1,0,200000.0,0.0,1,0,0.0,0.00035530033832396505,0.0,4.7270720423518116e-07,0.0,0,0,1,0,False,0.0,1,1
100000001851289100,terminal,0.622,4,0.3928,"получил 109 510 ₸ от 1 плательщ. (3 переводов), дальше ничего (колено 1, исходящие выгружены — обрыва нет)",1,False,False,1,0,109510.0,0.0,3,0,0.0,0.00029734359625899464,0.0,0.0002952416008836587,0.0,1,1,7,0,False,0.0,1,1
100000000583220100,transit,0.35,71,0.3926,отдал 761 255 ₸ при видимых входящих 5 000 ₸ — есть поступления вне выгрузки; 5% суммы ушло за ≤2 дня после поступления,3,False,False,1,1,5000.0,761255.0,1,4,152.251,0.0002981132552282115,0.0,4.259945964858586e-08,1.9616538287321655e-05,0,0,7,0,False,0.052544810871521366,1,5
100000002548759100,terminal,0.675,5,0.3925,"получил 375 000 ₸ от 2 плательщ. (2 переводов), дальше ничего (колено 3, исходящие выгружены — обрыва нет)",3,False,False,2,0,375000.0,0.0,2,0,0.0,0.00030852903010496164,0.0,5.1869481344747795e-06,0.0,0,0,9,0,False,0.0,2,1
100000004508696100,transit,0.35,43,0.3925,отдал 111 000 ₸ при видимых входящих 7 000 ₸ — есть поступления вне выгрузки; 95% суммы ушло за ≤2 дня после поступления,3,False,False,1,3,7000.0,111000.0,1,4,15.857142857142858,0.0004225316662796324,1.1601484540645396e-302,1.23619985386e-313,3.923307657464331e-05,0,0,7,1,False,0.954954954954955,1,3
100000006734554100,transit,0.447,30,0.3922,"получил 16 500 ₸, отдал дальше 152% полученного (1 получ.)",1,False,False,1,1,16500.0,25000.0,1,1,1.5151515151515151,0.0003119416985243868,0.0,2.6231749817115585e-266,5.944405541612623e-07,1,1,1,0,False,0.0,1,2
100000008279405100,terminal,0.647,7,0.3917,"получил 234 738 ₸ от 1 плательщ. (2 переводов), дальше ничего (колено 3, исходящие выгружены — обрыва нет)",3,False,False,1,0,234738.0,0.0,2,0,0.0,0.00033332885250302973,0.0,0.0016044117305492448,0.0,0,0,7,0,False,0.0,1,2
100000008680731100,distributor,0.77,12,0.3916,"seed; веер: 28 переводов на 27 разных получателей, 1 464 354 ₸; получил от 0 плательщиков",0,True,False,0,27,0.0,1464354.0,0,28,-1.0,0.0002855692942172909,0.0005419654019757593,0.0,0.0,0,0,0,0,False,0.0,0,6
100000000440392100,terminal,0.621,4,0.3906,"получил 105 705 ₸ от 1 плательщ. (4 переводов), дальше ничего (колено 1, исходящие выгружены — обрыва нет)",1,False,False,1,0,105705.0,0.0,4,0,0.0,0.0002969344900653258,0.0,0.0002952416008836587,0.0,1,1,7,0,False,0.0,1,4
100000008655779100,transit,0.455,29,0.3905,"получил 47 000 ₸, отдал дальше 53% полученного (2 получ.)",3,False,False,1,2,47000.0,24704.0,1,2,0.5256170212765957,0.00039705232861292827,6.3108052880698915e-257,2.91876993847384e-271,5.920977464216475e-05,0,0,7,0,False,0.0,1,3
100000004539443100,terminal,0.612,3,0.3897,"получил 61 990 ₸ от 2 плательщ. (2 переводов), дальше ничего (колено 3, исходящие выгружены — обрыва нет)",3,False,False,2,0,61990.0,0.0,2,0,0.0,0.0009561831780302799,0.0,0.0,0.0,0,0,10,0,False,0.0,2,1
100000008595687100,terminal,0.55,4,0.3897,"получил 64 395 ₸ от 1 плательщ., дальше ушло лишь 10 400 ₸ (16%, 1 получ.) — удерживает большую часть",3,False,False,1,1,64395.0,10400.0,1,1,0.161503222299868,0.00030485762729909343,5.316399347773137e-06,5.2569834314297354e-05,0.00030108414068267934,0,0,7,3,True,1.0,1,2
100000008532050100,terminal,0.691,6,0.3896,"получил 455 156 ₸ от 1 плательщ. (1 переводов), дальше ничего (колено 3, исходящие выгружены — обрыва нет)",3,False,False,1,0,455156.0,0.0,1,0,0.0,0.0003003205242521543,0.0,0.0029401739563140994,0.0,0,0,7,0,False,0.0,1,1
100000001363952100,peripheral,0.5,7,0.3892,"получил 196 655 ₸, отдал дальше 46% полученного; ни сбора, ни веера, ни чистого транзита",1,False,False,2,1,196655.0,91000.0,2,2,0.4627393150441128,0.00030709529312419024,0.0,0.002265338768357392,1.922024458454748e-05,1,1,7,0,False,0.10989010989010989,1,3
100000005022552100,terminal,0.55,4,0.3885,"получил 241 000 ₸ от 1 плательщ., дальше ушло лишь 5 000 ₸ (2%, 1 получ.) — удерживает большую часть",3,False,False,1,1,241000.0,5000.0,3,1,0.02074688796680498,0.00035775639372368753,2.255396008461784e-05,5.2569834314297354e-05,0.0,0,0,7,0,False,0.0,1,4
100000002513028100,transit,0.35,59,0.3883,отдал 332 709 ₸ при видимых входящих 9 500 ₸ — есть поступления вне выгрузки,3,False,False,1,3,9500.0,332709.0,1,24,35.022,0.0003055978968624265,1.57847465707e-313,2.3891283228991376e-05,6.063293652444875e-05,0,0,7,0,False,0.0,1,16
100000008659950100,terminal,0.649,5,0.3883,"получил 246 000 ₸ от 1 плательщ. (1 переводов), дальше ничего (колено 3, исходящие выгружены — обрыва нет)",3,False,False,1,0,246000.0,0.0,1,0,0.0,0.0003208665270804821,0.0,2.612568276300329e-07,0.0,0,0,8,0,False,0.0,1,1
100000008493007100,transit,0.95,1,0.3882,"получил 26 150 ₸, отдал дальше 100% полученного (1 получ.); 100% суммы ушло за ≤2 дня после поступления",3,False,False,1,1,26150.0,26150.0,1,1,1.0,0.0002896507281429226,0.0,3.0588951023382876e-10,1.387027959709612e-06,0,0,1,0,False,1.0,1,2
100000008632060100,transit,0.35,2,0.3879,отдал 339 200 ₸ при видимых входящих 6 000 ₸ — есть поступления вне выгрузки,3,False,False,1,9,6000.0,339200.0,1,12,56.53333333333333,0.0002880256481640291,0.0030820773532511067,0.0006428156575478821,0.0005365436581217861,0,0,7,65,True,0.0,1,11
100000001439416100,transit,0.35,7,0.3876,отдал 165 000 ₸ при видимых входящих 10 000 ₸ — есть поступления вне выгрузки,3,False,False,1,2,10000.0,165000.0,1,3,16.5,0.00034089967599193374,0.00010279294288180193,2.350941696846872e-06,1.981468513870874e-05,0,0,7,1,False,0.0,1,4
100000003246024100,peripheral,0.5,2,0.3875,"получил 25 000 ₸, отдал дальше 20% полученного; ни сбора, ни веера, ни чистого транзита",2,False,False,1,1,25000.0,5000.0,1,1,0.2,0.0003713400564301804,0.0,0.0,0.0016116905777033756,0,1,7,0,True,1.0,1,1
100000001285440100,terminal,0.649,21,0.3873,"получил 243 000 ₸ от 2 плательщ. (2 переводов), дальше ничего (колено 3, исходящие выгружены — обрыва нет)",3,False,False,2,0,243000.0,0.0,2,0,0.0,0.0003203647790984497,0.0,3.304379002771264e-06,0.0,0,0,9,0,False,0.0,2,1
100000002508637100,terminal,0.55,20,0.3873,"получил 306 410 ₸ от 1 плательщ., дальше ушло лишь 8 000 ₸ (3%, 1 получ.) — удерживает большую часть",3,False,False,1,1,306410.0,8000.0,1,1,0.02610880845925394,0.00030739263356746913,0.0,7.936044019065454e-05,7.925874055483496e-07,0,0,1,0,False,0.0,1,2
100000002779485100,peripheral,0.7,7,0.3864,получил 91 000 ₸ (2 перев.) и дальше не переводил; сумма мала для роли,2,False,False,1,0,91000.0,0.0,2,0,0.0,0.0005469132844919467,0.0,0.0,0.0,0,1,7,0,False,0.0,1,2
100000002394199100,peripheral,0.5,8,0.3863,"получил 277 398 ₸, отдал дальше 28% полученного; ни сбора, ни веера, ни чистого транзита",3,False,False,1,1,277398.0,76777.0,3,1,0.2767756076107254,0.0029678523915121872,8.203488390521243e-303,0.0,0.0,0,0,1,1,False,1.0,1,3
100000001386612100,peripheral,0.7,19,0.3863,получил 62 264 ₸ (1 перев.) и дальше не переводил; сумма мала для роли,2,False,False,1,0,62264.0,0.0,1,0,0.0,0.0004337700956812129,0.0,1.8751204579046785e-06,0.0,0,2,7,0,False,0.0,1,1
100000008077552100,terminal,0.643,7,0.3857,"получил 214 000 ₸ от 1 плательщ. (1 переводов), дальше ничего (колено 3, исходящие выгружены — обрыва нет)",3,False,False,1,0,214000.0,0.0,1,0,0.0,0.00032910951980133827,0.0,0.0016044117305492448,0.0,0,0,7,0,False,0.0,1,1
100000002762076100,peripheral,0.5,8,0.3856,"получил 140 350 ₸, отдал дальше 21% полученного; ни сбора, ни веера, ни чистого транзита",1,False,False,2,1,140350.0,30000.0,2,1,0.21375133594584966,0.00029914566971164536,0.0,1.4441448069396784e-05,3.962937027741748e-07,2,2,2,0,False,0.0,1,3
100000008536546100,terminal,0.65,21,0.3854,"получил 250 000 ₸ от 2 плательщ. (2 переводов), дальше ничего (колено 3, исходящие выгружены — обрыва нет)",3,False,False,2,0,250000.0,0.0,2,0,0.0,0.0003172528720016747,0.0,2.5664297589192563e-06,0.0,0,0,8,0,False,0.0,2,1
100000004591973100,transit,0.35,12,0.3853,отдал 100 000 ₸ при видимых входящих 10 000 ₸ — есть поступления вне выгрузки,3,False,False,1,1,10000.0,100000.0,1,1,10.0,0.0003991316698685015,0.0,1.23619985386e-313,2.0409125692870002e-05,0,0,9,0,False,0.0,1,2
100000002521039100,terminal,0.67,2,0.385,"получил 349 370 ₸ от 1 плательщ. (1 переводов), дальше ничего (колено 3, исходящие выгружены — обрыва нет)",3,False,False,1,0,349370.0,0.0,1,0,0.0,0.00030524580110660585,0.0,0.0029057815328092595,0.0,0,0,7,0,False,0.0,1,1
100000008258458100,transit,0.35,65,0.3846,отдал 1 557 988 ₸ при видимых входящих 19 000 ₸ — есть поступления вне выгрузки; 36% суммы ушло за ≤2 дня после поступления,3,False,False,1,2,19000.0,1557988.0,1,4,81.99936842105264,0.0002912603933485006,0.0,5.2569834314297354e-05,3.844048916909496e-05,0,0,7,0,False,0.364308325866438,1,3
100000004451012100,transit,0.494,17,0.384,"получил 91 245 ₸, отдал дальше 72% полученного (3 получ.)",3,False,False,1,3,91245.0,65740.0,1,3,0.7204778344018851,0.0003011735881125156,1.57847465707e-313,8.448073037865009e-05,5.7660733753642434e-05,0,0,7,0,False,0.0,1,2
100000004386331100,transit,0.525,12,0.3836,"получил 20 000 ₸, отдал дальше 88% полученного (2 получ.)",3,False,False,1,2,20000.0,17500.0,1,2,0.875,0.0005126940455197122,1.5362965042255266e-289,1.23619985386e-313,2.0210978841482916e-05,0,0,9,1,False,0.0,1,3
100000002212494100,terminal,0.632,32,0.3834,"получил 160 000 ₸ от 1 плательщ. (1 переводов), дальше ничего (колено 3, исходящие выгружены — обрыва нет)",3,False,False,1,0,160000.0,0.0,1,0,0.0,0.00035664443990538483,0.0,4.747355765062003e-05,0.0,0,0,7,0,False,0.0,1,1
100000005264874100,transit,0.35,37,0.3833,отдал 78 000 ₸ при видимых входящих 30 000 ₸ — есть поступления вне выгрузки,3,False,False,1,2,30000.0,78000.0,1,3,2.6,0.00042829267239375297,2.1578876366621626e-281,1.23619985386e-313,7.925874055483496e-07,0,0,1,1,False,0.0,1,4
100000002632742100,terminal,0.647,5,0.3828,"получил 235 500 ₸ от 2 плательщ. (2 переводов), дальше ничего (колено 3, исходящие выгружены — обрыва нет)",3,False,False,2,0,235500.0,0.0,2,0,0.0,0.0003175643151957891,0.0,1.5515386140543263e-06,0.0,0,0,8,0,False,0.0,1,2
100000003001564100,transit,0.35,4,0.3828,отдал 180 000 ₸ при видимых входящих 23 520 ₸ — есть поступления вне выгрузки,1,False,False,1,1,23520.0,180000.0,1,1,7.653061224489796,0.00028809811883623776,0.0,0.0002952416008836587,1.922024458454748e-05,1,1,7,0,False,0.0,1,2
100000002822472100,terminal,0.653,13,0.3824,"получил 266 722 ₸ от 2 плательщ. (2 переводов), дальше ничего (колено 3, исходящие выгружены — обрыва нет)",3,False,False,2,0,266722.0,0.0,2,0,0.0,0.00031223557685989975,0.0,2.4793202972963084e-05,0.0,0,0,8,0,False,0.0,1,2
100000005142492100,transit,0.35,8,0.3821,отдал 57 000 ₸ при видимых входящих 10 000 ₸ — есть поступления вне выгрузки; 100% суммы ушло за ≤2 дня после поступления,3,False,False,1,1,10000.0,57000.0,1,1,5.7,0.0019077900971988637,1.3505684050881796e-05,0.0,0.0,0,0,7,1,False,1.0,1,1
100000005539201100,transit,0.46,4,0.382,"получил 45 504 ₸, отдал дальше 55% полученного (1 получ.)",1,False,False,1,1,45504.0,25000.0,1,1,0.5494022503516175,0.0002904617957249677,0.0,0.0002952416008836587,4.197410801883135e-05,1,1,7,0,False,0.0,1,2
100000007864477100,transit,0.35,2,0.3811,отдал 203 500 ₸ при видимых входящих 76 000 ₸ — есть поступления вне выгрузки; 37% суммы ушло за ≤2 дня после поступления,3,False,False,2,6,76000.0,203500.0,2,10,2.6776315789473686,0.0003047746949631922,0.0011108515055979985,0.0013712520011039738,7.54197319634361e-05,0,0,7,0,False,0.371007371007371,1,9
100000001733687100,terminal,0.66,5,0.3809,"получил 300 000 ₸ от 1 плательщ. (1 переводов), дальше ничего (колено 3, исходящие выгружены — обрыва нет)",3,False,False,1,0,300000.0,0.0,1,0,0.0,0.0003066249703782886,0.0,1.966214550791006e-06,0.0,0,0,8,0,False,0.0,1,1
100000002697752100,terminal,0.638,7,0.3807,"получил 190 785 ₸ от 2 плательщ. (2 переводов), дальше ничего (колено 3, исходящие выгружены — обрыва нет)",3,False,False,2,0,190785.0,0.0,2,0,0.0,0.00032958004304152585,0.0,0.002742319115704567,0.0,0,0,7,0,False,0.0,1,2
100000005317181100,terminal,0.55,2,0.3804,"получил 141 250 ₸ от 1 плательщ., дальше ушло лишь 14 500 ₸ (10%, 1 получ.) — удерживает большую часть",3,False,False,1,1,141250.0,14500.0,1,1,0.10265486725663717,0.000322417396545991,0.0,0.001137907385155322,1.922024458454748e-05,0,0,7,0,False,0.0,1,2
100000006232815100,transit,0.45,30,0.3801,seed: отправил 296 500 ₸ 5 получ.; входящие вне выгрузки — роль по исходящим,0,True,False,1,5,160000.0,296500.0,2,5,1.853125,0.0005566536352336269,5.920497266059633e-266,1.23619985386e-313,2.774055919419224e-06,0,0,0,1,False,0.0,1,6
100000001674850100,terminal,0.647,5,0.38,"получил 237 000 ₸ от 2 плательщ. (2 переводов), дальше ничего (колено 3, исходящие выгружены — обрыва нет)",3,False,False,2,0,237000.0,0.0,2,0,0.0,0.0003140936423748864,0.0,2.4578559786270733e-06,0.0,0,0,8,0,False,0.0,2,1
100000002663511100,terminal,0.654,2,0.38,"получил 268 940 ₸ от 1 плательщ. (1 переводов), дальше ничего (колено 3, исходящие выгружены — обрыва нет)",3,False,False,1,0,268940.0,0.0,1,0,0.0,0.0003094194993991053,0.0,0.0011319383959652314,0.0,0,0,7,0,False,0.0,1,1
100000005357705100,transit,0.35,7,0.3794,отдал 387 080 ₸ при видимых входящих 52 595 ₸ — есть поступления вне выгрузки; 27% суммы ушло за ≤2 дня после поступления,3,False,False,1,4,52595.0,387080.0,1,5,7.35963494628767,0.0002962702202200618,1.5362965042255266e-289,0.0016044117305492448,7.688097833818992e-05,0,0,7,0,False,0.2724630567324584,1,4
100000001927599100,terminal,0.638,9,0.3793,"получил 188 000 ₸ от 2 плательщ. (2 переводов), дальше ничего (колено 3, исходящие выгружены — обрыва нет)",3,False,False,2,0,188000.0,0.0,2,0,0.0,0.0003272554677154655,0.0,6.975993292613416e-07,0.0,0,0,9,0,False,0.0,2,1
100000008738325100,transit,0.45,19,0.3792,seed: отправил 54 000 ₸ 1 получ.; входящие вне выгрузки — роль по исходящим,0,True,False,1,1,36550.0,54000.0,1,1,1.4774281805745555,0.0005285862410602082,1.246538259851521e-06,0.0,1.981468513870874e-07,1,1,1,0,False,0.0,1,2
100000001384826100,terminal,0.55,6,0.3788,"получил 364 260 ₸ от 1 плательщ., дальше ушло лишь 10 000 ₸ (3%, 1 получ.) — удерживает большую часть",3,False,False,1,1,364260.0,10000.0,1,1,0.027452918245209467,0.0002973746599655164,0.0,0.0029401739563140994,1.922024458454748e-05,0,0,7,0,False,0.0,1,2
100000004906181100,transit,0.35,38,0.3785,отдал 2 473 418 ₸ при видимых входящих 100 000 ₸ — есть поступления вне выгрузки; 64% суммы ушло за ≤2 дня после поступления,3,False,False,1,7,100000.0,2473417.91,1,33,24.734179100000002,0.00028881021162469923,7.07587887604281e-243,0.0029401739563140994,0.00013454171209183234,0,0,7,0,False,0.6420265631536565,1,13
100000006994985100,peripheral,0.5,8,0.3784,"получил 48 500 ₸, отдал дальше 21% полученного; ни сбора, ни веера, ни чистого транзита",2,False,False,1,1,48500.0,10200.0,2,2,0.21030927835051547,0.0005013304862324077,0.0,2.3525061209285672e-07,1.9616538287321655e-05,0,1,7,0,False,1.0,1,4
100000002934441100,terminal,0.612,2,0.3782,"получил 60 846 ₸ от 2 плательщ. (2 переводов), дальше ничего (колено 1, исходящие выгружены — обрыва нет)",1,False,False,2,0,60845.6,0.0,2,0,0.0,0.00030248130107500554,0.0,0.0027944971937982335,0.0,1,1,7,0,False,0.0,2,1
100000002681544100,terminal,0.633,8,0.378,"получил 166 072 ₸ от 2 плательщ. (2 переводов), дальше ничего (колено 3, исходящие выгружены — обрыва нет)",3,False,False,2,0,166072.0,0.0,2,0,0.0,0.00033571724351569673,0.0,0.0017127236255675851,0.0,0,0,7,0,False,0.0,2,1
100000003190207100,transit,0.35,19,0.3779,отдал 377 000 ₸ при видимых входящих 5 000 ₸ — есть поступления вне выгрузки; 11% суммы ушло за ≤2 дня после поступления,3,False,False,1,1,5000.0,377000.0,1,8,75.4,0.0002991258827616204,0.0,1.0303697327745062e-06,2.1003566247031264e-05,0,0,8,0,False,0.10610079575596817,1,8
100000006492770100,terminal,0.55,2,0.3779,"получил 269 000 ₸ от 1 плательщ., дальше ушло лишь 20 000 ₸ (7%, 1 получ.) — удерживает большую часть",3,False,False,1,1,269000.0,20000.0,1,1,0.07434944237918216,0.0003007193653545543,0.0,0.0029057815328092595,1.922024458454748e-05,0,0,7,0,False,1.0,1,2
100000001009583100,terminal,0.679,6,0.3777,"получил 393 740 ₸ от 1 плательщ. (1 переводов), дальше ничего (колено 3, исходящие выгружены — обрыва нет)",3,False,False,1,0,393740.0,0.0,1,0,0.0,0.00029833008241722037,0.0,0.0029401739563140994,0.0,0,0,7,0,False,0.0,1,1
100000007311010100,peripheral,0.5,3,0.3777,"получил 64 480 ₸, отдал дальше 31% полученного; ни сбора, ни веера, ни чистого транзита",1,False,False,2,1,64480.0,20000.0,2,1,0.31017369727047145,0.0003093598362490275,0.0,0.0006039352365783346,2.3975769017837576e-05,1,2,10,0,False,0.0,1,3
100000002886166100,terminal,0.637,25,0.3773,"получил 185 000 ₸ от 1 плательщ. (3 переводов), дальше ничего (колено 3, исходящие выгружены — обрыва нет)",3,False,False,1,0,185000.0,0.0,3,0,0.0,0.0003245911501737051,0.0,3.403941910066223e-179,0.0,0,0,1,0,False,0.0,1,2
100000001140785100,terminal,0.643,5,0.3772,"получил 215 000 ₸ от 2 плательщ. (2 переводов), дальше ничего (колено 3, исходящие выгружены — обрыва нет)",3,False,False,2,0,215000.0,0.0,2,0,0.0,0.00031534667818847384,0.0,7.528982554661002e-07,0.0,0,0,8,0,False,0.0,2,1
100000003044431100,terminal,0.612,3,0.3772,"получил 60 000 ₸ от 2 плательщ. (2 переводов), дальше ничего (колено 2, исходящие выгружены — обрыва нет)",2,False,False,2,0,60000.0,0.0,2,0,0.0,0.00030245857854886894,0.0,0.003099654633205106,0.0,0,1,7,0,False,0.0,1,2
100000004407753100,peripheral,0.5,29,0.377,"получил 250 000 ₸, отдал дальше 40% полученного; ни сбора, ни веера, ни чистого транзита",3,False,False,1,1,250000.0,100000.0,4,1,0.4,0.0008785641580238728,1.578815165634182e-09,2.91876993847384e-271,0.0,0,0,7,1,False,1.0,1,4
100000008293431100,transit,0.35,2,0.3768,отдал 297 000 ₸ при видимых входящих 15 000 ₸ — есть поступления вне выгрузки,3,False,False,1,5,15000.0,297000.0,1,7,19.8,0.00028689952801563704,0.0003669221882755216,0.0011319383959652314,5.6870616875245766e-05,0,0,7,1,True,0.0,1,7
100000008596924100,terminal,0.62,8,0.3761,"получил 100 000 ₸ от 1 плательщ. (1 переводов), дальше ничего (колено 3, исходящие выгружены — обрыва нет)",3,False,False,1,0,100000.0,0.0,1,0,0.0,0.0004160204242994224,0.0,1.23619985386e-313,0.0,0,0,1,0,False,0.0,1,1
100000004192865100,peripheral,0.7,30,0.3758,получил 66 666 ₸ (1 перев.) и дальше не переводил; сумма мала для роли,2,False,False,1,0,66666.0,0.0,1,0,0.0,0.0005558092873800479,0.0,0.0,0.0,0,1,1,0,False,0.0,1,1
100000008701944100,peripheral,0.7,15,0.3757,получил 52 124 ₸ (1 перев.) и дальше не переводил; сумма мала для роли,1,False,False,1,0,52124.0,0.0,1,0,0.0,0.00041152025351239013,0.0,2.394324219398595e-06,0.0,1,2,2,0,False,0.0,1,1
100000002769809100,terminal,0.623,17,0.3755,"получил 113 422 ₸ от 1 плательщ. (1 переводов), дальше ничего (колено 3, исходящие выгружены — обрыва нет)",3,False,False,1,0,113422.0,0.0,1,0,0.0,0.00037774425946329753,0.0,0.0,0.0,0,0,7,0,False,0.0,1,1
100000001788284100,transit,0.35,27,0.3748,отдал 296 700 ₸ при видимых входящих 8 000 ₸ — есть поступления вне выгрузки; 65% суммы ушло за ≤2 дня после поступления,3,False,False,1,5,8000.0,296700.0,1,8,37.0875,0.000299382680596746,1.1084566836655277e-06,2.5006816366679155e-06,5.9444055416126226e-05,0,0,7,1,False,0.6501516683518705,1,6
100000003724440100,terminal,0.61,3,0.3748,"получил 50 000 ₸ от 2 плательщ. (2 переводов), дальше ничего (колено 2, исходящие выгружены — обрыва нет)",2,False,False,2,0,50000.0,0.0,2,0,0.0,0.0003080878958078091,0.0,0.0004189407537542191,0.0,0,1,7,0,False,0.0,1,2
100000001819396100,terminal,0.633,28,0.3744,"получил 166 080 ₸ от 1 плательщ. (1 переводов), дальше ничего (колено 3, исходящие выгружены — обрыва нет)",3,False,False,1,0,166080.0,0.0,1,0,0.0,0.0003272175623678337,0.0,2.8321519604650354e-232,0.0,0,0,7,0,False,0.0,1,1
100000000533217100,peripheral,0.7,2,0.3743,получил 53 587 ₸ (1 перев.) и дальше не переводил; сумма мала для роли,2,False,False,1,0,53587.0,0.0,1,0,0.0,0.0006536029907362595,0.0,0.0,0.0,0,1,7,0,False,0.0,1,1
100000006852430100,peripheral,0.7,10,0.3737,получил 37 000 ₸ (1 перев.) и дальше не переводил; сумма мала для роли,2,False,False,1,0,37000.0,0.0,1,0,0.0,0.0005362020040442948,0.0,0.0,0.0,0,2,11,0,False,0.0,1,1
100000002878467100,terminal,0.64,5,0.3735,"получил 200 000 ₸ от 2 плательщ. (2 переводов), дальше ничего (колено 3, исходящие выгружены — обрыва нет)",3,False,False,2,0,200000.0,0.0,2,0,0.0,0.00031440364212176087,0.0,2.341315247144374e-06,0.0,0,0,8,0,False,0.0,1,2
100000002901457100,peripheral,0.5,2,0.3734,"получил 340 000 ₸, отдал дальше 35% полученного; ни сбора, ни веера, ни чистого транзита",3,False,False,1,3,340000.0,119000.0,1,3,0.35,0.00037426561132708236,2.7083732767180373e-05,0.001137907385155322,7.569209722986739e-05,0,0,7,0,False,0.0,1,4
100000005268319100,transit,0.35,2,0.373,отдал 91 000 ₸ при видимых входящих 19 713 ₸ — есть поступления вне выгрузки; 26% суммы ушло за ≤2 дня после поступления,3,False,False,1,5,19712.8,91000.0,2,10,4.6162899232985675,0.0002936395632308343,0.00029802329468359736,0.0006428156575478821,4.0473877157209365e-05,0,0,7,1,True,0.26373626373626374,1,8
100000002356167100,terminal,0.55,6,0.3726,"получил 300 000 ₸ от 1 плательщ., дальше ушло лишь 29 500 ₸ (10%, 2 получ.) — удерживает большую часть",3,False,False,1,2,300000.0,29500.0,1,3,0.09833333333333333,0.0002952920464395158,0.0,0.0029401739563140994,3.844048916909496e-05,0,0,7,0,False,0.1864406779661017,1,3
100000002958345100,terminal,0.661,13,0.3725,"получил 307 000 ₸ от 1 плательщ. (1 переводов), дальше ничего (колено 3, исходящие выгружены — обрыва нет)",3,False,False,1,0,307000.0,0.0,1,0,0.0,0.0003001922715970454,0.0,3.794136183730392e-07,0.0,0,0,2,0,False,0.0,1,1
100000003865939100,peripheral,0.7,67,0.3725,получил 81 465 ₸ (1 перев.) и дальше не переводил; сумма мала для роли,1,False,False,1,0,81465.0,0.0,1,0,0.0,0.0005285862410602082,0.0,0.0,0.0,1,1,1,0,False,0.0,1,1
100000002509598100,terminal,0.661,13,0.3722,"получил 305 550 ₸ от 1 плательщ. (1 переводов), дальше ничего (колено 3, исходящие выгружены — обрыва нет)",3,False,False,1,0,305550.0,0.0,1,0,0.0,0.00030012320541723873,0.0,3.794136183730392e-07,0.0,0,0,2,0,False,0.0,1,1
100000001063678100,transit,0.35,23,0.3713,отдал 90 000 ₸ при видимых входящих 35 000 ₸ — есть поступления вне выгрузки; 22% суммы ушло за ≤2 дня после поступления,3,False,False,1,2,35000.0,90000.0,1,2,2.5714285714285716,0.00032774872839870327,0.0,3.17209937185162e-06,3.962937027741748e-05,0,0,7,0,False,0.2222222222222222,1,3
100000001650895100,terminal,0.55,9,0.3712,"получил 153 500 ₸ от 1 плательщ., дальше ушло лишь 10 000 ₸ (7%, 1 получ.) — удерживает большую часть",3,False,False,1,1,153500.0,10000.0,1,1,0.06514657980456026,0.00030927489327733915,0.0,5.689711552130549e-08,2.19943005039667e-05,0,0,9,0,False,0.0,1,2
100000004097972100,terminal,0.55,2,0.371,"получил 118 878 ₸ от 1 плательщ., дальше ушло лишь 10 000 ₸ (8%, 2 получ.) — удерживает большую часть",3,False,False,1,2,118878.0,10000.0,1,2,0.0841198539679335,0.0003165811788801667,0.0,0.001137907385155322,3.844048916909496e-05,0,0,7,0,False,0.5,1,2
100000008295429100,terminal,0.67,6,0.3706,"получил 352 000 ₸ от 1 плательщ. (1 переводов), дальше ничего (колено 3, исходящие выгружены — обрыва нет)",3,False,False,1,0,352000.0,0.0,1,0,0.0,0.00029697732349136816,0.0,0.0029401739563140994,0.0,0,0,7,0,False,0.0,1,1
100000004077081100,transit,0.35,3,0.3706,отдал 615 000 ₸ при видимых входящих 140 000 ₸ — есть поступления вне выгрузки; 68% суммы ушло за ≤2 дня после поступления,3,False,False,1,4,140000.0,615000.0,1,6,4.392857142857143,0.0002901065785876625,0.0012387798977508849,0.0029401739563140994,0.00011599154155885525,0,0,7,0,False,0.6829268292682927,1,5
100000001373265100,terminal,0.55,7,0.3705,"получил 142 482 ₸ от 1 плательщ., дальше ушло лишь 5 000 ₸ (4%, 1 получ.) — удерживает большую часть",3,False,False,1,1,142482.0,5000.0,1,1,0.0350921519911287,0.0003145585391783481,0.0,0.0016044117305492448,1.922024458454748e-05,0,0,7,0,False,0.0,1,2
100000003152964100,terminal,0.55,7,0.3703,"получил 141 847 ₸ от 1 плательщ., дальше ушло лишь 5 500 ₸ (4%, 1 получ.) — удерживает большую часть",3,False,False,1,1,141847.0,5500.0,1,1,0.03877417217142414,0.0003144293427145823,0.0,0.0016044117305492448,1.922024458454748e-05,0,0,7,0,False,0.0,1,2
100000000917179100,peripheral,0.7,14,0.3699,получил 94 465 ₸ (2 перев.) и дальше не переводил; сумма мала для роли,2,False,False,1,0,94465.0,0.0,2,0,0.0,0.00042586253334482907,0.0,5.121878899849357e-10,0.0,0,1,7,0,False,0.0,1,1
100000005958064100,transit,0.35,14,0.3694,отдал 163 987 ₸ при видимых входящих 5 746 ₸ — есть поступления вне выгрузки,1,False,False,1,2,5746.0,163986.84,1,3,28.539303863557258,0.000286187092952855,2.7483881389061478e-08,0.0002952416008836587,2.5128210534091514e-05,1,1,7,0,False,0.0,1,2
100000005048668100,transit,0.35,7,0.369,отдал 159 400 ₸ при видимых входящих 16 668 ₸ — есть поступления вне выгрузки; 30% суммы ушло за ≤2 дня после поступления,3,False,False,2,8,16668.0,159400.0,2,11,9.563234941204703,0.00028854810674879374,0.0016072690208662867,0.003165241609672472,0.0006542869684636799,0,0,7,45,True,0.30050188205771644,1,10
100000005498992100,distributor,0.66,9,0.3688,"seed; веер: 19 переводов на 16 разных получателей, 2 262 868 ₸; получил от 0 плательщиков",0,True,False,0,16,0.0,2262868.0,0,19,-1.0,0.0002855692942172909,0.0012206418250323488,0.0,0.0,0,0,0,0,False,0.0,0,10
100000008732488100,terminal,0.55,7,0.3686,"получил 137 000 ₸ от 1 плательщ., дальше ушло лишь 10 000 ₸ (7%, 1 получ.) — удерживает большую часть",3,False,False,1,1,137000.0,10000.0,1,1,0.072992700729927,0.0003134431769510035,0.0,0.0016044117305492448,1.922024458454748e-05,0,0,7,0,False,1.0,1,1
100000003975102100,transit,0.45,4,0.3686,seed: отправил 88 500 ₸ 2 получ.; входящие вне выгрузки — роль по исходящим; 36% суммы ушло за ≤2 дня после поступления,0,True,False,1,2,25650.0,88500.0,1,2,3.4502923976608186,0.0003454652180169808,4.6427046275323924e-07,7.33291794314557e-257,5.914683513904559e-06,0,1,7,0,False,0.3615819209039548,1,3
100000004659919100,peripheral,0.5,53,0.3674,"получил 110 000 ₸, отдал дальше 35% полученного; ни сбора, ни веера, ни чистого транзита",3,False,False,1,1,110000.0,39000.0,2,1,0.35454545454545455,0.0007249529791849306,0.0,0.0,2.4173915869224665e-05,0,0,10,0,False,0.0,1,3
100000003582677100,transit,0.374,3,0.3673,"получил 29 757 ₸, отдал дальше 188% полученного (4 получ.)",3,False,False,2,4,29756.989999999998,56000.0,2,5,1.881910771217116,0.00029329270913900144,0.001262543891739402,0.002247227388097127,0.00017888146244571468,0,0,7,31,True,0.0,1,4
100000005667841100,terminal,0.637,5,0.3668,"получил 186 000 ₸ от 2 плательщ. (2 переводов), дальше ничего (колено 3, исходящие выгружены — обрыва нет)",3,False,False,2,0,186000.0,0.0,2,0,0.0,0.00031222556371948533,0.0,2.341315247144374e-06,0.0,0,0,8,0,False,0.0,2,1
100000008737958100,terminal,0.611,1,0.3666,"получил 53 373 ₸ от 2 плательщ. (2 переводов), дальше ничего (колено 1, исходящие выгружены — обрыва нет)",1,False,False,2,0,53373.0,0.0,2,0,0.0,0.00029962614026345346,0.0,6.031200091411576e-11,0.0,1,1,1,0,False,0.0,1,2
100000008761219100,transit,0.35,48,0.3665,отдал 375 000 ₸ при видимых входящих 50 000 ₸ — есть поступления вне выгрузки; 100% суммы ушло за ≤2 дня после поступления,3,False,False,2,2,50000.0,375000.0,2,2,7.5,0.00029284083313645565,4.755615016242943e-298,2.9815304566938772e-06,4.172642445459749e-05,0,0,9,0,False,1.0,1,3
100000008655035100,peripheral,0.7,8,0.3661,получил 30 000 ₸ (1 перев.) и дальше не переводил; сумма мала для роли,2,False,False,1,0,30000.0,0.0,1,0,0.0,0.0005401427143175893,0.0,0.0,0.0,0,2,2,0,False,0.0,1,1
100000004622227100,transit,0.502,2,0.3657,"получил 24 931 ₸, отдал дальше 76% полученного (3 получ.)",1,False,False,1,3,24931.0,19000.0,1,3,0.762103405398901,0.0002902476567795973,0.0003439356830205309,0.0021516815362503513,4.7841827440806e-05,1,1,7,0,False,0.0,1,3
100000008174521100,peripheral,0.7,4,0.3652,получил 82 110 ₸ (1 перев.) и дальше не переводил; сумма мала для роли,2,False,False,1,0,82110.0,0.0,1,0,0.0,0.00044052875483409733,0.0,1.7907846980216076e-06,0.0,0,1,7,0,False,0.0,1,1
100000003484058100,terminal,0.55,14,0.3647,"получил 110 000 ₸ от 1 плательщ., дальше ушло лишь 6 000 ₸ (5%, 1 получ.) — удерживает большую часть",3,False,False,1,1,110000.0,6000.0,1,1,0.05454545454545454,0.0003166609747422053,0.0,2.4413789354590045e-05,1.922024458454748e-05,0,0,7,0,False,0.0,1,2
100000002475601100,terminal,0.646,20,0.3641,"получил 232 301 ₸ от 1 плательщ. (1 переводов), дальше ничего (колено 3, исходящие выгружены — обрыва нет)",3,False,False,1,0,232301.0,0.0,1,0,0.0,0.0003021143924659961,0.0,7.936044019065454e-05,0.0,0,0,1,0,False,0.0,1,1
100000002821425100,terminal,0.655,13,0.3632,"получил 275 000 ₸ от 1 плательщ. (1 переводов), дальше ничего (колено 3, исходящие выгружены — обрыва нет)",3,False,False,1,0,275000.0,0.0,1,0,0.0,0.00029866805245648467,0.0,3.794136183730392e-07,0.0,0,0,2,0,False,0.0,1,1
100000008714412100,terminal,0.634,9,0.3629,"получил 169 000 ₸ от 1 плательщ. (1 переводов), дальше ничего (колено 3, исходящие выгружены — обрыва нет)",3,False,False,1,0,169000.0,0.0,1,0,0.0,0.0003116686182638587,0.0,5.689711552130549e-08,0.0,0,0,9,0,False,0.0,1,1
100000004889043100,terminal,0.654,2,0.3626,"получил 272 000 ₸ от 2 плательщ. (4 переводов), дальше ничего (колено 3, исходящие выгружены — обрыва нет)",3,False,False,2,0,272000.0,0.0,4,0,0.0,0.0002984972459578193,0.0,0.005845955489123359,0.0,0,0,7,0,False,0.0,2,3
100000007689942100,transit,0.35,17,0.3625,отдал 25 000 ₸ при видимых входящих 5 000 ₸ — есть поступления вне выгрузки,3,False,False,1,2,5000.0,25000.0,1,2,5.0,0.0008925911171850297,8.8869694757075e-05,0.0,1.981468513870874e-05,0,0,7,1,False,0.0,1,3
100000004184158100,terminal,0.641,2,0.3624,"получил 203 805 ₸ от 1 плательщ. (1 переводов), дальше ничего (колено 3, исходящие выгружены — обрыва нет)",3,False,False,1,0,203805.0,0.0,1,0,0.0,0.0003036431808354202,0.0,0.0011319383959652314,0.0,0,0,7,0,False,0.0,1,1
100000001740277100,transit,0.865,8,0.3623,"получил 8 700 ₸, отдал дальше 57% полученного (1 получ.); 100% суммы ушло за ≤2 дня после поступления",3,False,False,1,1,8700.0,5000.0,1,1,0.5747126436781609,0.0003696934153229427,8.203488390521243e-303,0.0,0.0,0,0,1,1,False,1.0,1,2
100000002831727100,transit,0.35,17,0.3619,отдал 77 000 ₸ при видимых входящих 6 000 ₸ — есть поступления вне выгрузки; 13% суммы ушло за ≤2 дня после поступления,2,False,False,1,1,6000.0,77000.0,1,3,12.833333333333334,0.0002907462180152881,0.0,9.023756758629543e-290,1.922024458454748e-05,0,1,7,0,False,0.12987012987012986,1,4
100000008468762100,terminal,0.634,21,0.3619,"получил 170 000 ₸ от 2 плательщ. (2 переводов), дальше ничего (колено 3, исходящие выгружены — обрыва нет)",3,False,False,2,0,170000.0,0.0,2,0,0.0,0.000310405073841,0.0,1.3211887603849947e-06,0.0,0,0,8,0,False,0.0,2,1
100000004500444100,peripheral,0.5,14,0.3616,"получил 180 000 ₸, отдал дальше 41% полученного; ни сбора, ни веера, ни чистого транзита",3,False,False,2,1,180000.0,74000.0,7,5,0.4111111111111111,0.0004643947559108734,0.0,2.4610559372179517e-05,1.9418391435934565e-05,0,0,7,0,False,1.0,1,8
100000002943472100,terminal,0.634,5,0.3615,"получил 170 000 ₸ от 1 плательщ. (1 переводов), дальше ничего (колено 3, исходящие выгружены — обрыва нет)",3,False,False,1,0,170000.0,0.0,1,0,0.0,0.00030996169091136613,0.0,2.612568276300329e-07,0.0,0,0,8,0,False,0.0,1,1
100000006989106100,peripheral,0.7,8,0.3615,получил 64 000 ₸ (2 перев.) и дальше не переводил; сумма мала для роли,2,False,False,1,0,64000.0,0.0,2,0,0.0,0.0004956408524122075,0.0,0.0,0.0,0,1,1,0,False,0.0,1,2
100000003192220100,peripheral,0.7,4,0.3603,получил 60 000 ₸ (2 перев.) и дальше не переводил; сумма мала для роли,2,False,False,1,0,60000.0,0.0,2,0,0.0,0.0005031715963348392,0.0,1.23619985386e-313,0.0,0,1,7,0,False,0.0,1,2
100000007197866100,transit,0.9,7,0.3596,"получил 20 000 ₸, отдал дальше 75% полученного (1 получ.); 100% суммы ушло за ≤2 дня после поступления",3,False,False,1,1,20000.0,15000.0,1,1,0.75,0.0002896384741784168,0.0,0.0016044117305492448,1.922024458454748e-05,0,0,7,0,False,1.0,1,1
100000002556775100,terminal,0.66,6,0.3595,"получил 300 000 ₸ от 1 плательщ. (1 переводов), дальше ничего (колено 3, исходящие выгружены — обрыва нет)",3,False,False,1,0,300000.0,0.0,1,0,0.0,0.0002952920464395158,0.0,0.0029401739563140994,0.0,0,0,7,0,False,0.0,1,1
100000007392365100,transit,0.35,41,0.3593,отдал 1 765 600 ₸ при видимых входящих 9 613 ₸ — есть поступления вне выгрузки,3,False,False,1,6,9613.0,1765600.0,1,9,183.66794965151357,0.0002861106980605716,9.908246009166667e-256,0.0029057815328092595,0.00011532146750728487,0,0,7,0,False,0.0,1,9
100000004193835100,transit,0.45,4,0.3588,seed: отправил 5 000 ₸ 1 получ.; входящие вне выгрузки — роль по исходящим; 100% суммы ушло за ≤2 дня после поступления,0,True,False,1,1,47000.0,5000.0,1,1,0.10638297872340426,0.00046993013969558515,4.605582209465205e-07,6.973423260672585e-11,6.6775488917448465e-06,0,1,7,0,False,1.0,1,1
100000001241318100,peripheral,0.7,2,0.3585,получил 53 000 ₸ (1 перев.) и дальше не переводил; сумма мала для роли,2,False,False,1,0,53000.0,0.0,1,0,0.0,0.0005308383624756592,0.0,0.0,0.0,0,1,7,0,False,0.0,1,1
100000002609774100,transit,0.35,9,0.3585,отдал 27 500 ₸ при видимых входящих 7 700 ₸ — есть поступления вне выгрузки,1,False,False,1,1,7700.0,27500.0,1,1,3.5714285714285716,0.00028639718322944613,1.2056204867677946e-05,0.0002952416008836587,0.0002797007929704895,1,1,7,0,True,0.0,1,2
100000005572303100,peripheral,0.5,4,0.3583,"получил 75 000 ₸, отдал дальше 27% полученного; ни сбора, ни веера, ни чистого транзита",2,False,False,1,1,75000.0,20000.0,1,1,0.26666666666666666,0.0003132762393993454,0.0,2.603644808281309e-06,3.844048916909496e-05,0,1,7,0,False,0.0,1,2
100000005037490100,transit,0.537,11,0.3581,"получил 15 000 ₸, отдал дальше 200% полученного (2 получ.); 47% суммы ушло за ≤2 дня после поступления",3,False,False,1,2,15000.0,30000.0,1,3,2.0,0.0003232011772500526,0.0002228539887985703,4.259945964858586e-08,1.9418391435934565e-05,0,0,7,1,False,0.4666666666666667,1,3
100000001056414100,terminal,0.65,13,0.3581,"получил 250 000 ₸ от 1 плательщ. (1 переводов), дальше ничего (колено 3, исходящие выгружены — обрыва нет)",3,False,False,1,0,250000.0,0.0,1,0,0.0,0.0002974772562529216,0.0,3.794136183730392e-07,0.0,0,0,2,0,False,0.0,1,1
100000001831496100,transit,0.35,10,0.3576,отдал 373 000 ₸ при видимых входящих 25 000 ₸ — есть поступления вне выгрузки,3,False,False,1,1,25000.0,373000.0,1,1,14.92,0.0002926355852456805,5.268453548231194e-05,2.4413789354590045e-05,1.8493706129461493e-06,0,0,7,0,False,0.0,1,2
100000001686328100,terminal,0.628,5,0.3575,"получил 140 000 ₸ от 1 плательщ. (1 переводов), дальше ничего (колено 3, исходящие выгружены — обрыва нет)",3,False,False,1,0,140000.0,0.0,1,0,0.0,0.0003150543933476953,0.0,9.056545672026166e-08,0.0,0,0,9,0,False,0.0,1,1
100000002185328100,transit,0.35,22,0.3573,отдал 55 000 ₸ при видимых входящих 15 000 ₸ — есть поступления вне выгрузки,3,False,False,1,4,15000.0,55000.0,1,4,3.6666666666666665,0.0003518471698066024,1.3269215113888051e-254,0.0,6.162367078138419e-05,0,0,7,0,False,0.0,1,5
100000003922499100,peripheral,0.7,12,0.3573,получил 50 000 ₸ (1 перев.) и дальше не переводил; сумма мала для роли,2,False,False,1,0,50000.0,0.0,1,0,0.0,0.0005352399237782651,0.0,0.0,0.0,0,1,1,0,False,0.0,1,1
100000003574895100,transit,0.893,2,0.3566,"получил 27 968 ₸, отдал дальше 72% полученного (1 получ.); 100% суммы ушло за ≤2 дня после поступления",3,False,False,1,1,27968.0,20000.0,1,1,0.7151029748283753,0.00028714445105582987,0.0,0.0029057815328092595,1.922024458454748e-05,0,0,7,0,False,1.0,1,1
100000002958139100,terminal,0.642,5,0.3565,"получил 209 500 ₸ от 1 плательщ. (2 переводов), дальше ничего (колено 3, исходящие выгружены — обрыва нет)",3,False,False,1,0,209500.0,0.0,2,0,0.0,0.00030027317473638757,0.0,1.966214550791006e-06,0.0,0,0,8,0,False,0.0,1,2
100000002600345100,terminal,0.61,4,0.3563,"получил 52 400 ₸ от 2 плательщ. (2 переводов), дальше ничего (колено 1, исходящие выгружены — обрыва нет)",1,False,False,2,0,52400.0,0.0,2,0,0.0,0.0002957205308431163,0.0,0.00031971674999889816,0.0,1,1,7,0,False,0.0,1,2
100000004463277100,peripheral,0.7,30,0.3537,получил 35 000 ₸ (1 перев.) и дальше не переводил; сумма мала для роли,2,False,False,1,0,35000.0,0.0,1,0,0.0,0.000691924518979246,0.0,0.0,0.0,0,1,1,0,False,0.0,1,1
100000002539625100,peripheral,0.7,5,0.3535,получил 94 700 ₸ (1 перев.) и дальше не переводил; сумма мала для роли,2,False,False,1,0,94700.0,0.0,1,0,0.0,0.0003450202078597562,0.0,2.2952505568848687e-06,0.0,0,1,9,0,False,0.0,1,1
100000008680912100,terminal,0.55,7,0.3533,"получил 45 112 ₸ от 1 плательщ., дальше ушло лишь 5 991 ₸ (13%, 1 получ.) — удерживает большую часть",3,False,False,1,1,45112.0,5990.85,2,1,0.13279947685759888,0.0005351757124790597,0.00010197759638234088,2.350941696846872e-06,0.0,0,0,7,1,False,1.0,1,3
100000008088082100,transit,0.494,11,0.3531,"получил 39 138 ₸, отдал дальше 128% полученного (1 получ.)",3,False,False,1,1,39138.0,50000.0,1,1,1.2775307884920026,0.00030005728529521367,0.0,0.00025946007686321234,1.922024458454748e-05,0,0,7,0,False,0.0,1,2
100000006100920100,terminal,0.62,2,0.3528,"получил 100 000 ₸ от 1 плательщ. (1 переводов), дальше ничего (колено 3, исходящие выгружены — обрыва нет)",3,False,False,1,0,100000.0,0.0,1,0,0.0,0.00032650852666292734,0.0,0.0006428156575478821,0.0,0,0,7,0,False,0.0,1,1
100000000534581100,transit,0.493,7,0.3528,"получил 55 960 ₸, отдал дальше 71% полученного (1 получ.)",3,False,False,2,1,55960.0,40000.0,2,1,0.7147962830593281,0.0002984533219886514,0.0,0.0018638718074124572,1.922024458454748e-05,0,0,7,0,False,0.0,1,3
100000005620225100,terminal,0.61,2,0.3528,"получил 49 846 ₸ от 2 плательщ. (2 переводов), дальше ничего (колено 1, исходящие выгружены — обрыва нет)",1,False,False,2,0,49845.66,0.0,2,0,0.0,0.000296236243145001,0.0,0.0027944971937982335,0.0,1,1,7,0,False,0.0,1,2
100000007648946100,transit,0.494,11,0.3527,"получил 19 550 ₸, отдал дальше 128% полученного (1 получ.)",1,False,False,1,1,19550.0,25000.0,1,1,1.278772378516624,0.0002892378990904645,6.0562084080979254e-05,0.0021516815362503513,2.9130943747974165e-06,1,1,7,0,False,0.0,1,2
100000005897462100,peripheral,0.7,10,0.352,получил 98 400 ₸ (1 перев.) и дальше не переводил; сумма мала для роли,1,False,False,1,0,98400.0,0.0,1,0,0.0,0.00030049363949730384,0.0,0.00012279960108290615,0.0,1,2,8,0,False,0.0,1,1
100000000979923100,peripheral,0.7,10,0.3518,получил 97 900 ₸ (1 перев.) и дальше не переводил; сумма мала для роли,1,False,False,1,0,97900.0,0.0,1,0,0.0,0.0003004178044094989,0.0,0.00012279960108290615,0.0,1,2,8,0,False,0.0,1,1
100000008097580100,terminal,0.606,7,0.3515,"получил 32 000 ₸ от 2 плательщ. (4 переводов), дальше ничего (колено 3, исходящие выгружены — обрыва нет)",3,False,False,2,0,32000.0,0.0,4,0,0.0,0.0006747919200885517,0.0,2.408230238260386e-05,0.0,0,0,7,0,False,0.0,1,4
100000008417359100,transit,0.35,16,0.3513,отдал 110 760 ₸ при видимых входящих 40 810 ₸ — есть поступления вне выгрузки; 81% суммы ушло за ≤2 дня после поступления,3,False,False,1,2,40810.0,110760.0,2,3,2.714040676304827,0.0002919927493261819,0.0002451269783946278,0.000233344615948652,0.0,0,0,7,1,True,0.8125677139761647,1,5
100000003089553100,terminal,0.63,5,0.3513,"получил 150 000 ₸ от 1 плательщ. (1 переводов), дальше ничего (колено 3, исходящие выгружены — обрыва нет)",3,False,False,1,0,150000.0,0.0,1,0,0.0,0.0003070919971826514,0.0,2.612568276300329e-07,0.0,0,0,8,0,False,0.0,1,1
100000005053653100,peripheral,0.5,11,0.3511,"получил 63 073 ₸, отдал дальше 40% полученного; ни сбора, ни веера, ни чистого транзита",2,False,False,2,1,63073.0,25000.0,2,1,0.3963661154535221,0.0003136008584320485,0.0,0.0004189407537542191,1.922024458454748e-05,0,1,7,0,False,0.0,1,3
100000005799271100,peripheral,0.7,10,0.351,получил 45 000 ₸ (2 перев.) и дальше не переводил; сумма мала для роли,2,False,False,1,0,45000.0,0.0,2,0,0.0,0.0005366730310712545,0.0,0.0,0.0,0,1,8,0,False,0.0,1,2
100000003073635100,terminal,0.626,7,0.3508,"получил 129 231 ₸ от 1 плательщ. (1 переводов), дальше ничего (колено 3, исходящие выгружены — обрыва нет)",3,False,False,1,0,129231.0,0.0,1,0,0.0,0.0003118625039951041,0.0,0.0016044117305492448,0.0,0,0,7,0,False,0.0,1,1
100000001837130100,terminal,0.635,2,0.3503,"получил 172 900 ₸ от 1 плательщ. (1 переводов), дальше ничего (колено 3, исходящие выгружены — обрыва нет)",3,False,False,1,0,172900.0,0.0,1,0,0.0,0.00030090245579956094,0.0,0.0011319383959652314,0.0,0,0,7,0,False,0.0,1,1
100000002528544100,terminal,0.639,20,0.3502,"получил 192 912 ₸ от 1 плательщ. (1 переводов), дальше ничего (колено 3, исходящие выгружены — обрыва нет)",3,False,False,1,0,192912.0,0.0,1,0,0.0,0.0002993090025842554,0.0,7.936044019065454e-05,0.0,0,0,1,0,False,0.0,1,1
100000003271151100,terminal,0.625,7,0.3499,"получил 127 294 ₸ от 1 плательщ. (1 переводов), дальше ничего (колено 3, исходящие выгружены — обрыва нет)",3,False,False,1,0,127294.0,0.0,1,0,0.0,0.00031146840391586903,0.0,0.0016044117305492448,0.0,0,0,7,0,False,0.0,1,1
100000000656682100,transit,0.525,2,0.3497,"получил 71 000 ₸, отдал дальше 113% полученного (2 получ.)",3,False,False,1,2,71000.0,80000.0,1,3,1.1267605633802817,0.0002895680118780556,0.0,0.0029057815328092595,3.844048916909496e-05,0,0,7,0,False,0.0,1,4
100000002984403100,transit,0.5,27,0.3496,"получил 20 000 ₸, отдал дальше 125% полученного (1 получ.)",3,False,False,1,1,20000.0,25000.0,1,1,1.25,0.00032010276016592864,0.0,2.5006816366679155e-06,2.0012831990095827e-05,0,0,7,0,False,0.0,1,2
100000001083990100,peripheral,0.7,12,0.3494,получил 49 900 ₸ (2 перев.) и дальше не переводил; сумма мала для роли,2,False,False,1,0,49900.0,0.0,2,0,0.0,0.0005021137973799181,0.0,0.0,0.0,0,1,8,0,False,0.0,1,1
100000007797290100,peripheral,0.5,2,0.3494,"получил 100 000 ₸, отдал дальше 20% полученного; ни сбора, ни веера, ни чистого транзита",2,False,False,1,1,100000.0,20000.0,1,1,0.2,0.0003011253761628506,0.0,5.172134115335331e-05,1.922024458454748e-05,0,1,7,0,False,0.0,1,2
100000003235780100,terminal,0.613,2,0.3492,"получил 65 000 ₸ от 2 плательщ. (2 переводов), дальше ничего (колено 1, исходящие выгружены — обрыва нет)",1,False,False,2,0,65000.0,0.0,2,0,0.0,0.00029120007891764556,0.0,0.00505746306905961,0.0,1,1,7,0,False,0.0,1,2
100000002529880100,terminal,0.629,5,0.349,"получил 147 000 ₸ от 2 плательщ. (2 переводов), дальше ничего (колено 3, исходящие выгружены — обрыва нет)",3,False,False,2,0,147000.0,0.0,2,0,0.0,0.0003061335485198567,0.0,3.815888370099312e-06,0.0,0,0,8,0,False,0.0,2,1
100000004358004100,distributor,0.61,3,0.3484,"seed; веер: 17 переводов на 11 разных получателей, 980 850 ₸; получил от 0 плательщиков",0,True,False,0,11,0.0,980850.0,0,17,-1.0,0.0002855692942172909,0.003638172668162093,0.0,0.0,0,0,0,0,False,0.0,0,12
100000001484381100,terminal,0.619,9,0.3482,"получил 95 585 ₸ от 2 плательщ. (4 переводов), дальше ничего (колено 3, исходящие выгружены — обрыва нет)",3,False,False,2,0,95585.0,0.0,4,0,0.0,0.0003213079861341874,0.0,3.3989760686401816e-06,0.0,0,0,7,0,False,0.0,1,3
100000001688676100,terminal,0.627,17,0.3481,"получил 133 700 ₸ от 1 плательщ. (1 переводов), дальше ничего (колено 3, исходящие выгружены — обрыва нет)",3,False,False,1,0,133700.0,0.0,1,0,0.0,0.0003084340439985561,0.0,8.448073037865009e-05,0.0,0,0,7,0,False,0.0,1,1
100000000629812100,terminal,0.604,57,0.3479,"получил 22 000 ₸ от 2 плательщ. (2 переводов), дальше ничего (колено 2, исходящие выгружены — обрыва нет)",2,False,False,2,0,22000.0,0.0,2,0,0.0,0.0002979840074392023,0.0,4.0735881271318924e-06,0.0,0,2,10,0,False,0.0,1,2
100000001714413100,terminal,0.65,6,0.3478,"получил 250 172 ₸ от 1 плательщ. (1 переводов), дальше ничего (колено 3, исходящие выгружены — обрыва нет)",3,False,False,1,0,250172.0,0.0,1,0,0.0,0.00029367716211375244,0.0,0.0029401739563140994,0.0,0,0,7,0,False,0.0,1,1
100000005873152100,transit,0.55,10,0.3478,"получил 10 000 ₸, отдал дальше 100% полученного (1 получ.)",3,False,False,1,1,10000.0,10000.0,1,1,1.0,0.0004674555308962058,1.3851693386386753e-07,0.0,3.962937027741748e-07,0,0,11,2,False,0.0,1,2
100000001954534100,transit,0.35,2,0.3471,отдал 40 000 ₸ при видимых входящих 13 000 ₸ — есть поступления вне выгрузки,3,False,False,1,1,13000.0,40000.0,1,1,3.076923076923077,0.0003659515092221361,0.0,8.275375621087716e-05,1.9616538287321655e-05,0,0,7,0,False,0.0,1,2
100000002906470100,terminal,0.626,17,0.3468,"получил 130 000 ₸ от 1 плательщ. (1 переводов), дальше ничего (колено 3, исходящие выгружены — обрыва нет)",3,False,False,1,0,130000.0,0.0,1,0,0.0,0.00030780128727312094,0.0,8.448073037865009e-05,0.0,0,0,7,0,False,0.0,1,1
100000002121357100,peripheral,0.5,5,0.3465,"получил 255 300 ₸, отдал дальше 44% полученного; ни сбора, ни веера, ни чистого транзита",3,False,False,2,1,255300.0,113000.0,2,1,0.4426165295730513,0.00032627377480928593,0.0,5.922167199407372e-07,2.159800680119253e-05,0,0,8,0,False,0.0,1,3
100000003831201100,peripheral,0.7,2,0.3463,получил 40 500 ₸ (3 перев.) и дальше не переводил; сумма мала для роли,2,False,False,1,0,40500.0,0.0,3,0,0.0,0.0005343335334517985,0.0,0.0,0.0,0,1,7,0,False,0.0,1,3
100000003149149100,terminal,0.649,6,0.3459,"получил 245 000 ₸ от 1 плательщ. (1 переводов), дальше ничего (колено 3, исходящие выгружены — обрыва нет)",3,False,False,1,0,245000.0,0.0,1,0,0.0,0.00029350954186544125,0.0,0.0029401739563140994,0.0,0,0,7,0,False,0.0,1,1
100000008759857100,transit,0.35,21,0.3457,отдал 994 000 ₸ при видимых входящих 5 000 ₸ — есть поступления вне выгрузки,3,False,False,1,2,5000.0,994000.0,1,3,198.8,0.00028633291495751956,2.237312910230632e-06,3.5591269374705266e-07,7.299981620149681e-06,0,0,9,0,False,0.0,1,3
100000006445501100,peripheral,0.7,10,0.3457,получил 91 000 ₸ (1 перев.) и дальше не переводил; сумма мала для роли,1,False,False,1,0,91000.0,0.0,1,0,0.0,0.0002993712801977907,0.0,0.00012279960108290615,0.0,1,2,8,0,False,0.0,1,1
100000008571243100,terminal,0.627,9,0.3456,"получил 134 000 ₸ от 1 плательщ. (1 переводов), дальше ничего (колено 3, исходящие выгружены — обрыва нет)",3,False,False,1,0,134000.0,0.0,1,0,0.0,0.00030626343281042745,0.0,5.689711552130549e-08,0.0,0,0,9,0,False,0.0,1,1
100000002947299100,peripheral,0.7,3,0.3454,получил 85 000 ₸ (1 перев.) и дальше не переводил; сумма мала для роли,2,False,False,1,0,85000.0,0.0,1,0,0.0,0.0003375116050800505,0.0,0.0001427672909306537,0.0,0,1,9,0,False,0.0,1,1
100000003286537100,terminal,0.631,5,0.3447,"получил 153 000 ₸ от 2 плательщ. (2 переводов), дальше ничего (колено 3, исходящие выгружены — обрыва нет)",3,False,False,2,0,153000.0,0.0,2,0,0.0,0.0003010947151858364,0.0,3.242362523285969e-06,0.0,0,0,8,0,False,0.0,2,1
100000001362940100,peripheral,0.7,3,0.3447,получил 81 000 ₸ (1 перев.) и дальше не переводил; сумма мала для роли,1,False,False,1,0,81000.0,0.0,1,0,0.0,0.00030178844535202483,0.0,0.0004611679456476809,0.0,1,2,10,0,False,0.0,1,1
100000003497735100,terminal,0.625,17,0.3443,"получил 125 000 ₸ от 1 плательщ. (1 переводов), дальше ничего (колено 3, исходящие выгружены — обрыва нет)",3,False,False,1,0,125000.0,0.0,1,0,0.0,0.00030694621061712747,0.0,8.448073037865009e-05,0.0,0,0,7,0,False,0.0,1,1
100000002537811100,peripheral,0.5,10,0.344,"получил 52 000 ₸, отдал дальше 29% полученного; ни сбора, ни веера, ни чистого транзита",3,False,False,1,1,52000.0,15000.0,1,1,0.28846153846153844,0.0012313777249476486,0.0,0.0,2.6353531234482626e-05,0,0,11,0,False,0.0,1,2
100000006020215100,transit,0.525,11,0.344,"получил 30 000 ₸, отдал дальше 113% полученного (2 получ.)",3,False,False,1,2,30000.0,33800.0,1,2,1.1266666666666667,0.00029667460701655716,4.755615016242943e-298,0.00025946007686321234,6.055520199044304e-05,0,0,7,0,False,0.0,1,3
100000006595426100,peripheral,0.7,3,0.344,получил 84 800 ₸ (3 перев.) и дальше не переводил; сумма мала для роли,2,False,False,1,0,84800.0,0.0,3,0,0.0,0.00033431978040964773,0.0,5.310185056276238e-05,0.0,0,1,7,0,False,0.0,1,3
100000004134060100,peripheral,0.7,20,0.3431,получил 88 179 ₸ (1 перев.) и дальше не переводил; сумма мала для роли,2,False,False,1,0,88179.0,0.0,1,0,0.0,0.0003280105841798639,0.0,5.704237108788349e-08,0.0,0,1,8,0,False,0.0,1,1
100000002593038100,peripheral,0.7,12,0.3426,получил 28 500 ₸ (1 перев.) и дальше не переводил; сумма мала для роли,2,False,False,1,0,28500.0,0.0,1,0,0.0,0.0006586124144995191,0.0,4.9968235834670635e-298,0.0,0,1,8,0,False,0.0,1,1
100000002432143100,peripheral,0.7,3,0.3419,получил 81 310 ₸ (1 перев.) и дальше не переводил; сумма мала для роли,2,False,False,1,0,81310.0,0.0,1,0,0.0,0.00033525669770259663,0.0,0.0001427672909306537,0.0,0,1,9,0,False,0.0,1,1
100000003843844100,transit,0.35,11,0.3417,отдал 238 000 ₸ при видимых входящих 16 680 ₸ — есть поступления вне выгрузки,3,False,False,1,1,16680.0,238000.0,1,1,14.268585131894485,0.00029174384813368293,0.0,0.00025946007686321234,1.922024458454748e-05,0,0,7,0,False,0.0,1,2
100000005619339100,transit,0.532,4,0.3416,"получил 5 000 ₸, отдал дальше 109% полученного (1 получ.)",2,False,False,1,1,5000.0,5442.6,1,1,1.0885200000000002,0.0003208258534858518,2.3144558707067345e-06,2.052262239097963e-07,0.0,0,1,7,0,False,0.0,1,2
100000003677936100,terminal,0.55,8,0.3405,"получил 71 000 ₸ от 1 плательщ., дальше ушло лишь 13 000 ₸ (18%, 1 получ.) — удерживает большую часть",3,False,False,1,1,71000.0,13000.0,1,2,0.18309859154929578,0.000308883638599444,0.0,0.00010831189501834011,1.922024458454748e-05,0,0,7,0,False,0.46153846153846156,1,2
100000005602999100,transit,0.35,34,0.3402,отдал 16 000 ₸ при видимых входящих 5 000 ₸ — есть поступления вне выгрузки; 69% суммы ушло за ≤2 дня после поступления,2,False,False,1,2,5000.0,16000.0,1,3,3.2,0.0003048459777394544,5.3540688490185076e-05,1.6242871664535988e-281,4.200713249406253e-05,0,1,8,1,False,0.6875,1,3
100000001637376100,transit,0.35,6,0.34,отдал 234 250 ₸ при видимых входящих 116 700 ₸ — есть поступления вне выгрузки; 50% суммы ушло за ≤2 дня после поступления,3,False,False,1,1,116700.0,234250.0,1,2,2.0072836332476434,0.0002893514448317364,0.0,0.0029401739563140994,1.922024458454748e-05,0,0,7,0,False,0.4951974386339381,1,2
100000003071649100,terminal,0.638,5,0.3399,"получил 189 500 ₸ от 1 плательщ. (1 переводов), дальше ничего (колено 3, исходящие выгружены — обрыва нет)",3,False,False,1,0,189500.0,0.0,1,0,0.0,0.00029533227777052824,0.0,3.220733583683774e-06,0.0,0,0,9,0,False,0.0,1,1
100000008671929100,peripheral,0.7,3,0.3398,получил 75 000 ₸ (2 перев.) и дальше не переводил; сумма мала для роли,1,False,False,1,0,75000.0,0.0,2,0,0.0,0.00030058702674945194,0.0,0.0004611679456476809,0.0,1,2,10,0,False,0.0,1,2
100000002340562100,peripheral,0.7,8,0.3392,получил 36 650 ₸ (2 перев.) и дальше не переводил; сумма мала для роли,2,False,False,1,0,36650.0,0.0,2,0,0.0,0.0005308569205030125,0.0,0.0,0.0,0,1,1,0,False,0.0,1,2
100000002606567100,transit,0.35,2,0.3386,отдал 53 000 ₸ при видимых входящих 14 095 ₸ — есть поступления вне выгрузки,1,False,False,1,1,14095.0,53000.0,1,1,3.7601986520042567,0.00028821425512201625,0.0,0.0021516815362503513,1.922024458454748e-05,1,1,7,0,False,0.0,1,2
100000002550141100,terminal,0.62,7,0.3379,"получил 100 586 ₸ от 1 плательщ. (1 переводов), дальше ничего (колено 3, исходящие выгружены — обрыва нет)",3,False,False,1,0,100586.0,0.0,1,0,0.0,0.0003077875449747836,0.0,0.0001302803722324665,0.0,0,0,7,0,False,0.0,1,1
100000005182219100,terminal,0.611,6,0.3376,"получил 55 000 ₸ от 2 плательщ. (2 переводов), дальше ничего (колено 3, исходящие выгружены — обрыва нет)",3,False,False,2,0,55000.0,0.0,2,0,0.0,0.000354129497884144,0.0,0.002964458321908666,0.0,0,0,7,0,False,0.0,1,2
100000006745291100,peripheral,0.7,10,0.3373,получил 82 534 ₸ (1 перев.) и дальше не переводил; сумма мала для роли,1,False,False,1,0,82534.0,0.0,1,0,0.0,0.0002980872404910774,0.0,0.00012279960108290615,0.0,1,2,8,0,False,0.0,1,1
100000004285800100,transit,0.35,2,0.3372,отдал 15 000 ₸ при видимых входящих 5 000 ₸ — есть поступления вне выгрузки,2,False,False,1,1,5000.0,15000.0,1,1,3.0,0.0003442181347833002,0.0,0.0,0.0,0,1,10,0,False,0.0,1,2
100000002566204100,peripheral,0.7,10,0.3366,получил 80 805 ₸ (1 перев.) и дальше не переводил; сумма мала для роли,2,False,False,1,0,80805.0,0.0,1,0,0.0,0.00032406945030607917,0.0,2.322813314613868e-05,0.0,0,1,1,0,False,0.0,1,1
100000002712416100,terminal,0.623,13,0.3366,"получил 116 800 ₸ от 2 плательщ. (2 переводов), дальше ничего (колено 3, исходящие выгружены — обрыва нет)",3,False,False,2,0,116800.0,0.0,2,0,0.0,0.0003026575194807802,0.0,2.9815304566938772e-06,0.0,0,0,9,0,False,0.0,1,2
100000003230328100,consolidator,0.6,2,0.3366,"получает от 3 разных плательщиков (3 переводов, 26 572 ₸); 4-е колено: исходящие не выгружались",4,False,True,3,0,26572.0,0.0,3,0,0.0,0.00035168013741866146,0.0,6.358533155793618e-05,0.0,0,0,7,0,False,0.0,1,3
100000004292885100,terminal,0.623,1,0.3362,"получил 112 700 ₸ от 1 плательщ. (1 переводов), дальше ничего (колено 3, исходящие выгружены — обрыва нет)",3,False,False,1,0,112700.0,0.0,1,0,0.0,0.00030315925993119875,0.0,3.0588951023382876e-10,0.0,0,0,1,0,False,0.0,1,1
100000008720856100,transit,0.35,6,0.3362,отдал 46 000 ₸ при видимых входящих 18 105 ₸ — есть поступления вне выгрузки,3,False,False,1,1,18105.0,46000.0,1,2,2.5407346037006353,0.00031932628410571523,0.0,0.00010694238652270059,1.9616538287321655e-05,0,0,7,0,False,0.0,1,3
100000006530134100,terminal,0.629,6,0.336,"получил 144 663 ₸ от 2 плательщ. (2 переводов), дальше ничего (колено 3, исходящие выгружены — обрыва нет)",3,False,False,2,0,144663.0,0.0,2,0,0.0,0.0002990877788977742,0.0,0.003582989613861981,0.0,0,0,7,0,False,0.0,1,2
100000002666248100,peripheral,0.7,3,0.3358,получил 70 032 ₸ (1 перев.) и дальше не переводил; сумма мала для роли,1,False,False,1,0,70032.0,0.0,1,0,0.0,0.0002995922521465216,0.0,0.0004611679456476809,0.0,1,2,10,0,False,0.0,1,1
100000008417029100,terminal,0.62,5,0.3352,"получил 100 000 ₸ от 1 плательщ. (1 переводов), дальше ничего (колено 3, исходящие выгружены — обрыва нет)",3,False,False,1,0,100000.0,0.0,1,0,0.0,0.00030663007931043686,0.0,9.056545672026166e-08,0.0,0,0,9,0,False,0.0,1,1
100000003284932100,peripheral,0.7,3,0.3345,получил 69 925 ₸ (1 перев.) и дальше не переводил; сумма мала для роли,1,False,False,1,0,69925.0,0.0,1,0,0.0,0.000299570826848109,0.0,0.0004611679456476809,0.0,1,2,10,0,False,0.0,1,1
100000004715209100,transit,0.35,5,0.3342,отдал 350 450 ₸ при видимых входящих 5 000 ₸ — есть поступления вне выгрузки; 13% суммы ушло за ≤2 дня после поступления,3,False,False,1,5,5000.0,350450.0,1,17,70.09,0.0002875439757603291,7.552804228472387e-07,4.867829327536486e-08,7.767356574373826e-05,0,0,7,1,False,0.127835639891568,1,13
100000008472324100,terminal,0.641,6,0.334,"получил 205 200 ₸ от 1 плательщ. (1 переводов), дальше ничего (колено 3, исходящие выгружены — обрыва нет)",3,False,False,1,0,205200.0,0.0,1,0,0.0,0.0002922196567372928,0.0,0.0029401739563140994,0.0,0,0,7,0,False,0.0,1,1
100000002755292100,terminal,0.641,6,0.3336,"получил 203 400 ₸ от 1 плательщ. (1 переводов), дальше ничего (колено 3, исходящие выгружены — обрыва нет)",3,False,False,1,0,203400.0,0.0,1,0,0.0,0.0002921613202239594,0.0,0.0029401739563140994,0.0,0,0,7,0,False,0.0,1,1
100000004765639100,transit,0.35,2,0.3334,отдал 11 000 ₸ при видимых входящих 5 000 ₸ — есть поступления вне выгрузки; 55% суммы ушло за ≤2 дня после поступления,2,False,False,1,2,5000.0,11000.0,1,2,2.2,0.00036185625061452016,0.0009381956880719871,1.420636304176135e-07,0.0,0,1,7,2,False,0.5454545454545454,1,2
100000002580377100,terminal,0.55,4,0.3332,"получил 37 750 ₸ от 1 плательщ., дальше ушло лишь 5 000 ₸ (13%, 1 получ.) — удерживает большую часть",1,False,False,1,1,37750.0,5000.0,2,1,0.13245033112582782,0.000289628100737922,0.0,0.0002952416008836587,1.922024458454748e-05,1,1,7,0,False,0.0,1,3
100000003003821100,peripheral,0.7,3,0.3331,получил 40 000 ₸ (1 перев.) и дальше не переводил; сумма мала для роли,2,False,False,1,0,40000.0,0.0,1,0,0.0,0.0004379372905540045,0.0,1.23619985386e-313,0.0,0,1,10,0,False,0.0,1,1
100000002842337100,peripheral,0.7,8,0.333,получил 50 000 ₸ (1 перев.) и дальше не переводил; сумма мала для роли,2,False,False,1,0,50000.0,0.0,1,0,0.0,0.0003666617032550871,0.0,2.141511818252024e-241,0.0,0,1,1,0,False,0.0,1,1
100000000961900100,terminal,0.607,2,0.3326,"получил 36 000 ₸ от 2 плательщ. (3 переводов), дальше ничего (колено 1, исходящие выгружены — обрыва нет)",1,False,False,2,0,36000.0,0.0,3,0,0.0,0.0002943204405632645,0.0,0.0027944971937982335,0.0,1,1,7,0,False,0.0,1,3
100000007591246100,transit,0.35,11,0.3324,отдал 120 000 ₸ при видимых входящих 12 190 ₸ — есть поступления вне выгрузки,3,False,False,1,1,12190.0,120000.0,1,1,9.844134536505333,0.00029789309382384895,7.31125499776838e-07,2.447514911523943e-05,1.0237587321666184e-06,0,0,7,0,False,0.0,1,2
100000004318918100,peripheral,0.7,10,0.3324,получил 75 600 ₸ (1 перев.) и дальше не переводил; сумма мала для роли,1,False,False,1,0,75600.0,0.0,1,0,0.0,0.0002970355594933984,0.0,0.00012279960108290615,0.0,1,2,8,0,False,0.0,1,1
100000004475818100,transit,0.35,6,0.3321,отдал 53 989 ₸ при видимых входящих 13 000 ₸ — есть поступления вне выгрузки; 100% суммы ушло за ≤2 дня после поступления,3,False,False,1,3,13000.0,53989.0,1,3,4.153,0.0003098079503095039,0.00025950234022215725,0.00010694238652270059,6.940183893991107e-05,0,0,7,1,False,1.0,1,2
100000001726614100,terminal,0.628,2,0.3318,"получил 138 717 ₸ от 1 плательщ. (1 переводов), дальше ничего (колено 3, исходящие выгружены — обрыва нет)",3,False,False,1,0,138717.0,0.0,1,0,0.0,0.0002978710303376365,0.0,0.0011319383959652314,0.0,0,0,7,0,False,0.0,1,1
100000004315838100,peripheral,0.5,3,0.3318,"получил 50 000 ₸, отдал дальше 36% полученного; ни сбора, ни веера, ни чистого транзита",1,False,False,2,1,50000.0,18000.0,2,1,0.36,0.0002913854344131966,0.0,0.00340134190196178,2.377762216645049e-05,1,2,10,0,False,0.0,1,3
100000001074553100,terminal,0.606,9,0.3317,"получил 28 971 ₸ от 2 плательщ. (2 переводов), дальше ничего (колено 1, исходящие выгружены — обрыва нет)",1,False,False,2,0,28971.0,0.0,2,0,0.0,0.0002894987523363481,0.0,3.28478377451006e-05,0.0,2,2,2,0,False,0.0,1,2
100000008620570100,peripheral,0.5,7,0.3313,"получил 145 000 ₸, отдал дальше 22% полученного; ни сбора, ни веера, ни чистого транзита",3,False,False,2,2,145000.0,31800.0,2,2,0.2193103448275862,0.0003485384395879508,3.403175846705114e-06,0.0003810593564891844,3.308344750837977e-05,0,0,7,0,False,0.31446540880503143,1,3
100000008568512100,terminal,0.64,6,0.331,"получил 199 640 ₸ от 1 плательщ. (1 переводов), дальше ничего (колено 3, исходящие выгружены — обрыва нет)",3,False,False,1,0,199640.0,0.0,1,0,0.0,0.00029203946172944083,0.0,0.0029401739563140994,0.0,0,0,7,0,False,0.0,1,1
100000005849100100,peripheral,0.7,3,0.3306,получил 33 300 ₸ (1 перев.) и дальше не переводил; сумма мала для роли,2,False,False,1,0,33300.0,0.0,1,0,0.0,0.0004907169210974125,0.0,0.0,0.0,0,1,10,0,False,0.0,1,1
100000004877085100,transit,0.35,11,0.3302,отдал 95 600 ₸ при видимых входящих 25 000 ₸ — есть поступления вне выгрузки; 71% суммы ушло за ≤2 дня после поступления,3,False,False,1,3,25000.0,95600.0,1,9,3.824,0.00029482372155001277,1.57847465707e-313,0.00025946007686321234,5.7660733753642434e-05,0,0,7,0,False,0.7071129707112971,1,5
100000005809252100,peripheral,0.7,6,0.3302,получил 25 000 ₸ (1 перев.) и дальше не переводил; сумма мала для роли,2,False,False,1,0,25000.0,0.0,1,0,0.0,0.000567128634229815,0.0,0.0,0.0,0,1,7,0,False,0.0,1,1
100000008737514100,peripheral,0.7,15,0.3297,получил 85 000 ₸ (1 перев.) и дальше не переводил; сумма мала для роли,2,False,False,1,0,85000.0,0.0,1,0,0.0,0.0003126112728818023,0.0,3.5676348106616587e-05,0.0,0,1,7,0,False,0.0,1,1
100000002457464100,peripheral,0.7,3,0.3296,получил 66 647 ₸ (1 перев.) и дальше не переводил; сумма мала для роли,2,False,False,1,0,66647.0,0.0,1,0,0.0,0.0003221740395394653,0.0,2.8321519604650354e-232,0.0,0,1,8,0,False,0.0,1,1
100000003105929100,peripheral,0.5,6,0.3294,"получил 429 567 ₸, отдал дальше 36% полученного; ни сбора, ни веера, ни чистого транзита",3,False,False,1,1,429567.0,156354.0,2,1,0.3639804733603838,0.0002994912058967726,0.0,0.0029401739563140994,1.922024458454748e-05,0,0,7,0,False,0.0,1,2
100000002597003100,transit,0.474,2,0.3292,"получил 17 700 ₸, отдал дальше 62% полученного (1 получ.)",1,False,False,1,1,17700.0,11000.0,1,1,0.6214689265536724,0.00028889074210758104,0.0,0.0021516815362503513,1.922024458454748e-05,1,1,7,0,False,0.0,1,2
100000002592567100,transit,0.35,4,0.329,отдал 48 600 ₸ при видимых входящих 5 297 ₸ — есть поступления вне выгрузки,1,False,False,1,2,5297.0,48600.0,1,2,9.175004719652634,0.0002861388173468216,1.4085734962770236e-06,0.0002952416008836587,0.0007202476857029619,1,1,7,0,False,0.0,1,3
100000003292191100,terminal,0.622,21,0.329,"получил 112 000 ₸ от 1 плательщ. (1 переводов), дальше ничего (колено 3, исходящие выгружены — обрыва нет)",3,False,False,1,0,112000.0,0.0,1,0,0.0,0.0002996284816997216,0.0,1.2902817864242934e-06,0.0,0,0,8,0,False,0.0,1,1
100000004697956100,transit,0.55,8,0.329,"получил 10 000 ₸, отдал дальше 100% полученного (1 получ.)",3,False,False,1,1,10000.0,10000.0,1,1,1.0,0.0004681160760661781,1.2421621001173871e-05,1.23619985386e-313,0.0,0,0,1,1,False,0.0,1,2
100000006532229100,terminal,0.621,5,0.3288,"получил 105 000 ₸ от 1 плательщ. (1 переводов), дальше ничего (колено 3, исходящие выгружены — обрыва нет)",3,False,False,1,0,105000.0,0.0,1,0,0.0,0.0003006351862930432,0.0,2.612568276300329e-07,0.0,0,0,8,0,False,0.0,1,1
100000003980083100,peripheral,0.7,68,0.3286,получил 30 000 ₸ (1 перев.) и дальше не переводил; сумма мала для роли,1,False,False,1,0,30000.0,0.0,1,0,0.0,0.0005285862410602082,0.0,0.0,0.0,1,1,1,0,False,0.0,1,1
100000002691858100,peripheral,0.7,33,0.3283,получил 51 500 ₸ (1 перев.) и дальше не переводил; сумма мала для роли,2,False,False,1,0,51500.0,0.0,1,0,0.0,0.000342382024513619,0.0,4.870880269675223e-241,0.0,0,1,8,0,False,0.0,1,1
100000003163256100,transit,0.528,4,0.3281,"получил 13 485 ₸, отдал дальше 111% полученного (1 получ.)",1,False,False,1,1,13485.0,15000.0,1,1,1.1123470522803114,0.00028701917516909777,0.0,0.0002952416008836587,1.922024458454748e-05,1,1,7,0,False,0.0,1,2
100000007653003100,terminal,0.62,16,0.3278,"получил 100 000 ₸ от 1 плательщ. (1 переводов), дальше ничего (колено 3, исходящие выгружены — обрыва нет)",3,False,False,1,0,100000.0,0.0,1,0,0.0,0.0003013091989193027,0.0,0.000233344615948652,0.0,0,0,7,0,False,0.0,1,1
100000003888271100,transit,0.35,45,0.3276,отдал 25 590 ₸ при видимых входящих 12 177 ₸ — есть поступления вне выгрузки; 27% суммы ушло за ≤2 дня после поступления,1,False,False,1,2,12177.0,25590.0,2,3,2.10150283321015,0.0002913863210858299,1.57847465707e-313,1.23619985386e-313,3.962937027741748e-07,1,1,1,1,False,0.27002735443532627,1,5
100000008238112100,terminal,0.638,6,0.3276,"получил 190 000 ₸ от 1 плательщ. (1 переводов), дальше ничего (колено 3, исходящие выгружены — обрыва нет)",3,False,False,1,0,190000.0,0.0,1,0,0.0,0.0002917270372913667,0.0,0.0029401739563140994,0.0,0,0,7,0,False,0.0,1,1
100000003617552100,peripheral,0.7,30,0.3275,получил 25 000 ₸ (1 перев.) и дальше не переводил; сумма мала для роли,2,False,False,1,0,25000.0,0.0,1,0,0.0,0.0005510452542740759,0.0,0.0,0.0,0,1,1,0,False,0.0,1,1
100000008002020100,peripheral,0.5,12,0.3275,"получил 73 860 ₸, отдал дальше 23% полученного; ни сбора, ни веера, ни чистого транзита",1,False,False,1,1,73860.0,17000.0,1,1,0.23016517736257786,0.0002978267344904884,0.0,1.0100033243240566e-05,1.5851748110966993e-06,1,1,1,0,False,0.0,1,2
100000008599354100,peripheral,0.5,2,0.3274,"получил 177 000 ₸, отдал дальше 22% полученного; ни сбора, ни веера, ни чистого транзита",3,False,False,1,1,177000.0,38200.0,1,2,0.21581920903954802,0.0003317435534185647,0.0006883384473642687,0.001137907385155322,4.359230730515923e-06,0,0,7,0,False,0.0,1,3
100000002914245100,terminal,0.628,20,0.3273,"получил 140 611 ₸ от 1 плательщ. (1 переводов), дальше ничего (колено 3, исходящие выгружены — обрыва нет)",3,False,False,1,0,140611.0,0.0,1,0,0.0,0.00029558398554384,0.0,7.936044019065454e-05,0.0,0,0,1,0,False,0.0,1,1
100000005264990100,transit,0.45,19,0.3269,seed: отправил 122 000 ₸ 2 получ.; входящие вне выгрузки — роль по исходящим,0,True,False,1,2,17070.0,122000.0,1,2,7.147041593438781,0.0003639962150845014,4.642405447761473e-07,2.8874363102964077e-07,7.765375105859955e-05,0,0,7,0,False,0.0,1,3
100000007472293100,transit,0.35,48,0.3266,отдал 345 900 ₸ при видимых входящих 5 000 ₸ — есть поступления вне выгрузки,3,False,False,1,3,5000.0,345900.0,1,3,69.18,0.00028633291495751956,7.694746733690466e-298,3.5591269374705266e-07,4.8034099223753116e-05,0,0,9,0,False,0.0,1,2
100000001329153100,terminal,0.63,2,0.3265,"получил 150 687 ₸ от 1 плательщ. (1 переводов), дальше ничего (колено 3, исходящие выгружены — обрыва нет)",3,False,False,1,0,150687.0,0.0,1,0,0.0,0.00029405598109260987,0.0,0.0029057815328092595,0.0,0,0,7,0,False,0.0,1,1
100000008760098100,transit,0.35,21,0.3264,отдал 390 000 ₸ при видимых входящих 7 000 ₸ — есть поступления вне выгрузки,3,False,False,1,1,7000.0,390000.0,1,1,55.714285714285715,0.00028663836325361103,5.714558292762825e-07,3.5591269374705266e-07,7.299981620149681e-06,0,0,9,0,False,0.0,1,2
100000003102157100,peripheral,0.7,2,0.3263,получил 96 746 ₸ (2 перев.) и дальше не переводил; сумма мала для роли,1,False,False,1,0,96746.0,0.0,2,0,0.0,0.0003037239155502857,0.0,0.0021516815362503513,0.0,1,1,7,0,False,0.0,1,1
100000005041905100,transit,0.35,1,0.3262,отдал 1 080 351 ₸ при видимых входящих 5 000 ₸ — есть поступления вне выгрузки,3,False,False,1,1,5000.0,1080351.0,1,5,216.0702,0.00028634968311320514,3.2713980939378665e-13,3.0588951023382876e-10,0.0,0,0,1,1,False,0.0,1,5
100000001848426100,peripheral,0.7,8,0.3258,получил 95 530 ₸ (1 перев.) и дальше не переводил; сумма мала для роли,2,False,False,1,0,95530.0,0.0,1,0,0.0,0.0003036751685665142,0.0,2.8721411760945644e-05,0.0,0,1,1,0,False,0.0,1,1
100000001232297100,transit,0.35,11,0.3254,отдал 45 000 ₸ при видимых входящих 5 000 ₸ — есть поступления вне выгрузки,2,False,False,1,2,5000.0,45000.0,1,2,9.0,0.0002921518328065597,0.0003141950273265303,4.876477610101951e-08,0.0,0,1,10,2,False,0.0,1,3
100000005931985100,peripheral,0.7,13,0.3254,получил 76 000 ₸ (1 перев.) и дальше не переводил; сумма мала для роли,2,False,False,1,0,76000.0,0.0,1,0,0.0,0.00031289664456344305,0.0,4.0882452251176484e-08,0.0,0,1,1,0,False,0.0,1,1
100000004671609100,terminal,0.62,13,0.3253,"получил 100 000 ₸ от 1 плательщ. (1 переводов), дальше ничего (колено 3, исходящие выгружены — обрыва нет)",3,False,False,1,0,100000.0,0.0,1,0,0.0,0.00030024211151879094,0.0,2.7202736290638442e-06,0.0,0,0,9,0,False,0.0,1,1
100000003219438100,peripheral,0.7,35,0.3253,получил 32 000 ₸ (1 перев.) и дальше не переводил; сумма мала для роли,2,False,False,1,0,32000.0,0.0,1,0,0.0,0.0004471556370431053,0.0,3.6495900757598262e-09,0.0,0,1,7,0,False,0.0,1,1
100000008406609100,peripheral,0.7,19,0.3253,получил 34 000 ₸ (1 перев.) и дальше не переводил; сумма мала для роли,2,False,False,1,0,34000.0,0.0,1,0,0.0,0.00043050382065094834,0.0,7.9835345953449e-303,0.0,0,1,8,0,False,0.0,1,1
100000004071444100,peripheral,0.5,2,0.3253,"получил 247 350 ₸, отдал дальше 40% полученного; ни сбора, ни веера, ни чистого транзита",3,False,False,1,1,247350.0,100000.0,1,1,0.40428542551041036,0.0003075048495520191,0.0,0.0011319383959652314,1.922024458454748e-05,0,0,7,0,False,0.0,1,2
100000002852402100,peripheral,0.7,15,0.3251,получил 55 000 ₸ (1 перев.) и дальше не переводил; сумма мала для роли,2,False,False,1,0,55000.0,0.0,1,0,0.0,0.00032701738322827895,0.0,9.023756758629543e-290,0.0,0,1,7,0,False,0.0,1,1
100000002877262100,terminal,0.62,5,0.3247,"получил 100 000 ₸ от 1 плательщ. (1 переводов), дальше ничего (колено 3, исходящие выгружены — обрыва нет)",3,False,False,1,0,100000.0,0.0,1,0,0.0,0.00029991776286086456,0.0,2.612568276300329e-07,0.0,0,0,8,0,False,0.0,1,1
100000001275752100,terminal,0.63,5,0.3244,"получил 151 500 ₸ от 1 плательщ. (1 переводов), дальше ничего (колено 3, исходящие выгружены — обрыва нет)",3,False,False,1,0,151500.0,0.0,1,0,0.0,0.00029337452908966797,0.0,3.220733583683774e-06,0.0,0,0,9,0,False,0.0,1,1
100000005075949100,peripheral,0.3,50,0.3242,"4-е колено: получил 2 226 000 ₸ от 1 плательщ.; исходящие не выгружались (обрыв обхода), нужна доп. выгрузка",4,False,True,1,0,2226000.0,0.0,7,0,0.0,0.0007679113857379712,0.0,1.23619985386e-313,0.0,0,0,7,0,False,0.0,1,4
100000001737722100,peripheral,0.7,3,0.324,получил 60 460 ₸ (1 перев.) и дальше не переводил; сумма мала для роли,2,False,False,1,0,60460.0,0.0,1,0,0.0,0.0003187759337086208,0.0,2.8321519604650354e-232,0.0,0,1,8,0,False,0.0,1,1
100000007861311100,peripheral,0.7,8,0.3238,получил 45 000 ₸ (1 перев.) и дальше не переводил; сумма мала для роли,2,False,False,1,0,45000.0,0.0,1,0,0.0,0.0003585524623513075,0.0,2.141511818252024e-241,0.0,0,1,1,0,False,0.0,1,1
100000003073398100,peripheral,0.7,8,0.3232,получил 92 960 ₸ (1 перев.) и дальше не переводил; сумма мала для роли,2,False,False,1,0,92960.0,0.0,1,0,0.0,0.0003031880744905432,0.0,2.8721411760945644e-05,0.0,0,1,1,0,False,0.0,1,1
100000002692044100,peripheral,0.7,12,0.323,получил 97 000 ₸ (1 перев.) и дальше не переводил; сумма мала для роли,1,False,False,1,0,97000.0,0.0,1,0,0.0,0.000301666934435273,0.0,1.0100033243240566e-05,0.0,1,1,1,0,False,0.0,1,1
100000003739818100,peripheral,0.7,3,0.3229,получил 57 293 ₸ (1 перев.) и дальше не переводил; сумма мала для роли,1,False,False,1,0,57293.0,0.0,1,0,0.0,0.00029704144021682556,0.0,0.0004611679456476809,0.0,1,2,10,0,False,0.0,1,1
100000001648936100,peripheral,0.7,8,0.3227,получил 92 740 ₸ (1 перев.) и дальше не переводил; сумма мала для роли,2,False,False,1,0,92740.0,0.0,1,0,0.0,0.00030314637772139394,0.0,2.8721411760945644e-05,0.0,0,1,1,0,False,0.0,1,1
100000008352542100,peripheral,0.7,3,0.3224,получил 50 220 ₸ (1 перев.) и дальше не переводил; сумма мала для роли,2,False,False,1,0,50220.0,0.0,1,0,0.0,0.00033147541987125204,0.0,9.977809130351899e-07,0.0,0,1,10,0,False,0.0,1,1
100000000860514100,transit,0.35,27,0.3219,отдал 50 000 ₸ при видимых входящих 12 000 ₸ — есть поступления вне выгрузки,3,False,False,1,1,12000.0,50000.0,1,1,4.166666666666667,0.0003062893737864735,0.0,2.5006816366679155e-06,2.0012831990095827e-05,0,0,7,0,False,0.0,1,2
100000002662768100,peripheral,0.7,3,0.3219,получил 84 300 ₸ (1 перев.) и дальше не переводил; сумма мала для роли,1,False,False,1,0,84300.0,0.0,1,0,0.0,0.00030645559550582425,0.0,6.780075768513709e-05,0.0,1,1,1,0,False,0.0,1,1
100000005767403100,peripheral,0.3,35,0.3218,"4-е колено: получил 1 100 000 ₸ от 1 плательщ.; исходящие не выгружались (обрыв обхода), нужна доп. выгрузка",4,False,True,1,0,1100000.0,0.0,2,0,0.0,0.0010818599457011425,0.0,1.4683800802737826e-07,0.0,0,0,7,0,False,0.0,1,2
100000008721637100,transit,0.35,8,0.3216,отдал 127 000 ₸ при видимых входящих 24 041 ₸ — есть поступления вне выгрузки; 9% суммы ушло за ≤2 дня после поступления,3,False,False,1,2,24041.0,127000.0,1,2,5.282642152988644,0.0002904606519895623,2.1725552992725714e-05,0.0016044117305492448,7.331450401719378e-05,0,0,7,0,False,0.09448818897637795,1,2
100000005186131100,transit,0.95,2,0.3215,"получил 10 000 ₸, отдал дальше 100% полученного (1 получ.); 100% суммы ушло за ≤2 дня после поступления",3,False,False,1,1,10000.0,10000.0,1,1,1.0,0.00028613249388782113,0.0,0.0029057815328092595,1.922024458454748e-05,0,0,7,0,False,1.0,1,1
100000002705460100,peripheral,0.7,4,0.3211,получил 95 000 ₸ (1 перев.) и дальше не переводил; сумма мала для роли,3,False,False,1,0,95000.0,0.0,1,0,0.0,0.000557727242255144,0.0,1.686779011691112e-05,0.0,0,0,7,0,False,0.0,1,1
100000002863356100,peripheral,0.5,1,0.3206,"получил 45 000 ₸, отдал дальше 44% полученного; ни сбора, ни веера, ни чистого транзита",2,False,False,1,1,45000.0,20000.0,1,1,0.4444444444444444,0.0003008529731942847,0.0,7.619950610759462e-13,1.387027959709612e-06,0,1,1,0,False,0.0,1,2
100000005203590100,peripheral,0.7,8,0.3205,получил 90 000 ₸ (1 перев.) и дальше не переводил; сумма мала для роли,2,False,False,1,0,90000.0,0.0,1,0,0.0,0.0003026270634147168,0.0,2.8721411760945644e-05,0.0,0,1,1,0,False,0.0,1,1
100000004321983100,transit,0.35,26,0.3201,отдал 36 200 ₸ при видимых входящих 10 840 ₸ — есть поступления вне выгрузки,3,False,False,1,2,10840.0,36200.0,1,3,3.339483394833948,0.0003237813951694772,4.755615016242943e-298,4.996823583467063e-298,1.387027959709612e-06,0,0,1,1,False,0.0,1,3
100000000945428100,peripheral,0.7,2,0.3195,получил 89 629 ₸ (1 перев.) и дальше не переводил; сумма мала для роли,1,False,False,1,0,89629.0,0.0,1,0,0.0,0.00030238839325451197,0.0,0.0021516815362503513,0.0,1,1,7,0,False,0.0,1,1
100000000971908100,peripheral,0.7,8,0.3194,получил 89 000 ₸ (1 перев.) и дальше не переводил; сумма мала для роли,2,False,False,1,0,89000.0,0.0,1,0,0.0,0.0003024375326458565,0.0,2.8721411760945644e-05,0.0,0,1,1,0,False,0.0,1,1
100000004779204100,transit,0.681,2,0.3193,"получил 30 450 ₸, отдал дальше 66% полученного (1 получ.); 50% суммы ушло за ≤2 дня после поступления",3,False,False,1,1,30450.0,20000.0,1,2,0.6568144499178982,0.0002872842372140555,0.0,0.0029057815328092595,1.922024458454748e-05,0,0,7,0,False,0.5,1,2
100000001252290100,terminal,0.55,6,0.3191,"получил 141 005 ₸ от 1 плательщ., дальше ушло лишь 5 000 ₸ (4%, 1 получ.) — удерживает большую часть",3,False,False,1,1,141005.0,5000.0,1,1,0.03545973547037339,0.000290139149807607,0.0,0.0029401739563140994,1.922024458454748e-05,0,0,7,0,False,0.0,1,2
100000003239379100,peripheral,0.7,12,0.319,получил 92 500 ₸ (1 перев.) и дальше не переводил; сумма мала для роли,1,False,False,1,0,92500.0,0.0,1,0,0.0,0.00030092013669320166,0.0,1.0100033243240566e-05,0.0,1,1,1,0,False,0.0,1,1
100000002581346100,terminal,0.633,6,0.3188,"получил 166 400 ₸ от 1 плательщ. (1 переводов), дальше ничего (колено 3, исходящие выгружены — обрыва нет)",3,False,False,1,0,166400.0,0.0,1,0,0.0,0.00029096218078321833,0.0,0.0029401739563140994,0.0,0,0,7,0,False,0.0,1,1
100000001554432100,peripheral,0.7,3,0.3185,получил 53 920 ₸ (1 перев.) и дальше не переводил; сумма мала для роли,1,False,False,1,0,53920.0,0.0,1,0,0.0,0.00029636604272574585,0.0,0.0004611679456476809,0.0,1,2,10,0,False,0.0,1,1
100000005386383100,transit,0.45,19,0.3182,seed: отправил 29 000 ₸ 1 получ.; входящие вне выгрузки — роль по исходящим,0,True,False,2,1,37500.0,29000.0,2,1,0.7733333333333333,0.0005243332756978218,4.605582209465205e-07,8.085030393836755e-298,2.852323925717123e-05,0,0,7,0,False,0.0,2,2
100000008598972100,terminal,0.624,20,0.3181,"получил 120 000 ₸ от 1 плательщ. (1 переводов), дальше ничего (колено 3, исходящие выгружены — обрыва нет)",3,False,False,1,0,120000.0,0.0,1,0,0.0,0.00029411601502281744,0.0,7.936044019065454e-05,0.0,0,0,1,0,False,0.0,1,1
100000003292979100,peripheral,0.7,3,0.3181,получил 48 950 ₸ (1 перев.) и дальше не переводил; сумма мала для роли,2,False,False,1,0,48950.0,0.0,1,0,0.0,0.0003303145122730734,0.0,9.977809130351899e-07,0.0,0,1,10,0,False,0.0,1,1
100000001227106100,terminal,0.633,6,0.3179,"получил 164 765 ₸ от 1 плательщ. (1 переводов), дальше ничего (колено 3, исходящие выгружены — обрыва нет)",3,False,False,1,0,164765.0,0.0,1,0,0.0,0.00029090919178360717,0.0,0.0029401739563140994,0.0,0,0,7,0,False,0.0,1,1
100000004917367100,terminal,0.624,6,0.3177,"получил 120 000 ₸ от 2 плательщ. (2 переводов), дальше ничего (колено 3, исходящие выгружены — обрыва нет)",3,False,False,2,0,120000.0,0.0,2,0,0.0,0.0002940276420429223,0.0,0.004078081341469421,0.0,0,0,7,0,False,0.0,1,2
100000003037660100,peripheral,0.7,3,0.3172,получил 53 000 ₸ (1 перев.) и дальше не переводил; сумма мала для роли,1,False,False,1,0,53000.0,0.0,1,0,0.0,0.0002961818252066847,0.0,0.0004611679456476809,0.0,1,2,10,0,False,0.0,1,1
100000002435265100,terminal,0.627,2,0.317,"получил 132 628 ₸ от 1 плательщ. (3 переводов), дальше ничего (колено 3, исходящие выгружены — обрыва нет)",3,False,False,1,0,132628.0,0.0,3,0,0.0,0.00029303889880759933,0.0,0.0029057815328092595,0.0,0,0,7,0,False,0.0,1,3
100000008629581100,peripheral,0.7,3,0.3167,получил 54 184 ₸ (1 перев.) и дальше не переводил; сумма мала для роли,2,False,False,1,0,54184.0,0.0,1,0,0.0,0.00031532894612265345,0.0,2.8321519604650354e-232,0.0,0,1,8,0,False,0.0,1,1
100000004441291100,peripheral,0.7,3,0.316,получил 20 000 ₸ (1 перев.) и дальше не переводил; сумма мала для роли,2,False,False,1,0,20000.0,0.0,1,0,0.0,0.000548843069567571,0.0,0.0,0.0,0,1,10,0,False,0.0,1,1
100000002842321100,terminal,0.632,6,0.316,"получил 160 000 ₸ от 1 плательщ. (1 переводов), дальше ничего (колено 3, исходящие выгружены — обрыва нет)",3,False,False,1,0,160000.0,0.0,1,0,0.0,0.00029075476206914423,0.0,0.0029401739563140994,0.0,0,0,7,0,False,0.0,1,1
100000005105153100,peripheral,0.7,2,0.3158,получил 30 000 ₸ (1 перев.) и дальше не переводил; сумма мала для роли,2,False,False,1,0,30000.0,0.0,1,0,0.0,0.0004010169668275689,0.0,0.0,0.0,0,1,7,0,False,0.0,1,1
100000004739664100,transit,0.517,1,0.3155,"получил 12 000 ₸, отдал дальше 83% полученного (1 получ.)",1,False,False,1,1,12000.0,10000.0,1,1,0.8333333333333334,0.00028808795365552084,0.0,5.95500058530398e-11,1.387027959709612e-06,1,1,1,0,False,0.0,1,2
100000002622822100,peripheral,0.3,21,0.3152,"4-е колено: получил 750 000 ₸ от 1 плательщ.; исходящие не выгружались (обрыв обхода), нужна доп. выгрузка",4,False,True,1,0,750000.0,0.0,1,0,0.0,0.0009076861139921067,0.0,0.0,0.0,0,0,9,0,False,0.0,1,1
100000004410489100,peripheral,0.7,3,0.3152,получил 54 000 ₸ (1 перев.) и дальше не переводил; сумма мала для роли,2,False,False,1,0,54000.0,0.0,1,0,0.0,0.0003142199106141309,0.0,0.00015948067689100677,0.0,0,1,7,0,False,0.0,1,1
100000001597505100,peripheral,0.5,33,0.3152,"получил 26 460 ₸, отдал дальше 49% полученного; ни сбора, ни веера, ни чистого транзита",2,False,False,1,1,26460.0,12920.0,1,1,0.48828420256991684,0.00031475890283167617,2.15234233729641e-05,4.870880269675223e-241,9.788454458522118e-06,0,1,8,0,False,0.0,1,2
100000002954780100,terminal,0.627,5,0.315,"получил 133 400 ₸ от 1 плательщ. (1 переводов), дальше ничего (колено 3, исходящие выгружены — обрыва нет)",3,False,False,1,0,133400.0,0.0,1,0,0.0,0.00029244202248115297,0.0,3.220733583683774e-06,0.0,0,0,9,0,False,0.0,1,1
100000003192309100,transit,0.35,1,0.315,отдал 213 000 ₸ при видимых входящих 17 200 ₸ — есть поступления вне выгрузки,3,False,False,1,1,17200.0,213000.0,1,1,12.383720930232558,0.000288253832019236,0.0,3.0588951023382876e-10,1.387027959709612e-06,0,0,1,0,False,0.0,1,2
100000002757240100,peripheral,0.7,3,0.3146,получил 51 183 ₸ (1 перев.) и дальше не переводил; сумма мала для роли,2,False,False,1,0,51183.0,0.0,1,0,0.0,0.00031684650947480416,0.0,0.0001427672909306537,0.0,0,1,9,0,False,0.0,1,1
100000000802149100,terminal,0.621,2,0.3146,"получил 104 128 ₸ от 1 плательщ. (1 переводов), дальше ничего (колено 3, исходящие выгружены — обрыва нет)",3,False,False,1,0,104128.0,0.0,1,0,0.0,0.0002948035998809035,0.0,0.0011319383959652314,0.0,0,0,7,0,False,0.0,1,1
100000002199091100,peripheral,0.7,1,0.3139,получил 65 000 ₸ (1 перев.) и дальше не переводил; сумма мала для роли,2,False,False,1,0,65000.0,0.0,1,0,0.0,0.0003076457194062819,0.0,7.619950610759462e-13,0.0,0,1,1,0,False,0.0,1,1
100000002671326100,peripheral,0.3,5,0.3137,"4-е колено: получил 1 050 000 ₸ от 1 плательщ.; исходящие не выгружались (обрыв обхода), нужна доп. выгрузка",4,False,True,1,0,1050000.0,0.0,2,0,0.0,0.0006294451129335774,0.0,0.0,0.0,0,0,7,0,False,0.0,1,2
100000003132484100,peripheral,0.7,9,0.3134,получил 90 000 ₸ (1 перев.) и дальше не переводил; сумма мала для роли,3,False,False,1,0,90000.0,0.0,1,0,0.0,0.0005388233251189476,0.0,0.0,0.0,0,0,1,0,False,0.0,1,1
100000000955529100,transit,0.35,3,0.3134,отдал 63 500 ₸ при видимых входящих 27 000 ₸ — есть поступления вне выгрузки,3,False,False,1,1,27000.0,63500.0,1,1,2.3518518518518516,0.0002956290149139567,0.00019785421761571372,6.407022137400362e-07,3.368496473580486e-06,0,0,7,0,False,0.0,1,2
100000003123296100,peripheral,0.7,12,0.3132,получил 86 200 ₸ (2 перев.) и дальше не переводил; сумма мала для роли,1,False,False,1,0,86200.0,0.0,2,0,0.0,0.00029987461985430183,0.0,1.0100033243240566e-05,0.0,1,1,1,0,False,0.0,1,1
100000007629121100,peripheral,0.7,3,0.3127,получил 29 000 ₸ (1 перев.) и дальше не переводил; сумма мала для роли,2,False,False,1,0,29000.0,0.0,1,0,0.0,0.0003960360915614083,0.0,1.23619985386e-313,0.0,0,1,10,0,False,0.0,1,1
100000001952325100,peripheral,0.7,1,0.3126,получил 77 888 ₸ (2 перев.) и дальше не переводил; сумма мала для роли,1,False,False,1,0,77888.0,0.0,2,0,0.0,0.0003019170730776952,0.0,5.95500058530398e-11,0.0,1,1,1,0,False,0.0,1,2
100000002126791100,peripheral,0.3,5,0.3125,"4-е колено: получил 1 313 000 ₸ от 1 плательщ.; исходящие не выгружались (обрыв обхода), нужна доп. выгрузка",4,False,True,1,0,1313000.0,0.0,3,0,0.0,0.000571680600606073,0.0,0.0,0.0,0,0,9,0,False,0.0,1,3
100000005061890100,peripheral,0.7,3,0.312,получил 90 000 ₸ (1 перев.) и дальше не переводил; сумма мала для роли,3,False,False,1,0,90000.0,0.0,1,0,0.0,0.0005346252088600028,0.0,0.0,0.0,0,0,7,0,False,0.0,1,1
100000008737422100,peripheral,0.7,1,0.3119,получил 76 903 ₸ (1 перев.) и дальше не переводил; сумма мала для роли,1,False,False,1,0,76903.0,0.0,1,0,0.0,0.00030171033311547385,0.0,5.95500058530398e-11,0.0,1,1,1,0,False,0.0,1,1
100000003970394100,peripheral,0.7,12,0.3118,получил 85 000 ₸ (1 перев.) и дальше не переводил; сумма мала для роли,1,False,False,1,0,85000.0,0.0,1,0,0.0,0.00029967547378974946,0.0,1.0100033243240566e-05,0.0,1,1,1,0,False,0.0,1,1
100000004613582100,transit,0.37,8,0.3116,"получил 5 000 ₸, отдал дальше 190% полученного (1 получ.)",3,False,False,1,1,5000.0,9500.0,1,1,1.9,0.0005534434661680617,1.0593952876384151e-241,0.0,3.962937027741748e-07,0,0,1,0,False,0.0,1,2
100000003476560100,peripheral,0.7,3,0.3114,получил 50 000 ₸ (1 перев.) и дальше не переводил; сумма мала для роли,1,False,False,1,0,50000.0,0.0,1,0,0.0,0.00029558111590539824,0.0,0.0004611679456476809,0.0,1,2,10,0,False,0.0,1,1
100000001194266100,peripheral,0.7,3,0.3114,получил 50 000 ₸ (1 перев.) и дальше не переводил; сумма мала для роли,1,False,False,1,0,50000.0,0.0,1,0,0.0,0.00029558111590539824,0.0,0.0004611679456476809,0.0,1,2,10,0,False,0.0,1,1
100000001641951100,peripheral,0.7,3,0.3113,получил 25 000 ₸ (4 перев.) и дальше не переводил; сумма мала для роли,2,False,False,1,0,25000.0,0.0,4,0,0.0,0.0003190638874323934,0.0,1.862578378996418e-253,0.0,0,2,11,0,False,0.0,1,4
100000004750321100,terminal,0.61,9,0.3112,"получил 50 185 ₸ от 2 плательщ. (2 переводов), дальше ничего (колено 3, исходящие выгружены — обрыва нет)",3,False,False,2,0,50185.0,0.0,2,0,0.0,0.00031253610038112624,0.0,0.00010970066037760073,0.0,0,0,7,0,False,0.0,1,2
100000002884708100,peripheral,0.3,5,0.3111,"4-е колено: получил 1 171 644 ₸ от 1 плательщ.; исходящие не выгружались (обрыв обхода), нужна доп. выгрузка",4,False,True,1,0,1171644.0,0.0,2,0,0.0,0.0005625754563953265,0.0,0.0,0.0,0,0,8,0,False,0.0,1,2
100000001934935100,terminal,0.624,2,0.311,"получил 118 935 ₸ от 1 плательщ. (1 переводов), дальше ничего (колено 3, исходящие выгружены — обрыва нет)",3,False,False,1,0,118935.0,0.0,1,0,0.0,0.0002922677094987423,0.0,0.0029057815328092595,0.0,0,0,7,0,False,0.0,1,1
100000001046626100,terminal,0.63,6,0.3108,"получил 150 000 ₸ от 1 плательщ. (1 переводов), дальше ничего (колено 3, исходящие выгружены — обрыва нет)",3,False,False,1,0,150000.0,0.0,1,0,0.0,0.00029043067032840335,0.0,0.0029401739563140994,0.0,0,0,7,0,False,0.0,1,1
100000002459240100,terminal,0.63,6,0.3108,"получил 150 000 ₸ от 1 плательщ. (1 переводов), дальше ничего (колено 3, исходящие выгружены — обрыва нет)",3,False,False,1,0,150000.0,0.0,1,0,0.0,0.00029043067032840335,0.0,0.0029401739563140994,0.0,0,0,7,0,False,0.0,1,1
100000003486970100,terminal,0.63,6,0.3108,"получил 150 000 ₸ от 1 плательщ. (1 переводов), дальше ничего (колено 3, исходящие выгружены — обрыва нет)",3,False,False,1,0,150000.0,0.0,1,0,0.0,0.00029043067032840335,0.0,0.0029401739563140994,0.0,0,0,7,0,False,0.0,1,1
100000005308954100,peripheral,0.5,4,0.3103,"получил 69 020 ₸, отдал дальше 43% полученного; ни сбора, ни веера, ни чистого транзита",3,False,False,1,1,69020.0,30000.0,1,1,0.43465662126919735,0.00035945051532232814,0.0,1.0123575345997096e-05,1.981468513870874e-05,0,0,7,0,False,0.0,1,2
100000008774237100,peripheral,0.5,25,0.3102,"получил 50 000 ₸, отдал дальше 20% полученного; ни сбора, ни веера, ни чистого транзита",2,False,False,1,1,50000.0,10000.0,1,1,0.2,0.0003103490467286019,3.1491458836733326e-179,1.797726136022499e-179,0.0,0,1,1,0,False,1.0,1,2
100000008306857100,terminal,0.625,13,0.3095,"получил 125 000 ₸ от 1 плательщ. (1 переводов), дальше ничего (колено 3, исходящие выгружены — обрыва нет)",3,False,False,1,0,125000.0,0.0,1,0,0.0,0.0002915232752351062,0.0,3.794136183730392e-07,0.0,0,0,2,0,False,0.0,1,1
100000001131403100,peripheral,0.3,58,0.3093,"4-е колено: получил 1 570 000 ₸ от 1 плательщ.; исходящие не выгружались (обрыв обхода), нужна доп. выгрузка",4,False,True,1,0,1570000.0,0.0,3,0,0.0,0.0005380419296007599,0.0,1.23619985386e-313,0.0,0,0,7,0,False,0.0,1,3
100000003718715100,peripheral,0.3,11,0.3093,"4-е колено: получил 915 000 ₸ от 1 плательщ.; исходящие не выгружались (обрыв обхода), нужна доп. выгрузка",4,False,True,1,0,915000.0,0.0,3,0,0.0,0.000575576480964531,0.0,0.0,0.0,0,0,7,0,False,0.0,1,3
100000004792397100,peripheral,0.7,1,0.3092,получил 73 520 ₸ (1 перев.) и дальше не переводил; сумма мала для роли,1,False,False,1,0,73520.0,0.0,1,0,0.0,0.0003010002810421795,0.0,5.95500058530398e-11,0.0,1,1,1,0,False,0.0,1,1
100000006030946100,peripheral,0.7,1,0.309,получил 73 289 ₸ (1 перев.) и дальше не переводил; сумма мала для роли,1,False,False,1,0,73289.0,0.0,1,0,0.0,0.0003009517968479936,0.0,5.95500058530398e-11,0.0,1,1,1,0,False,0.0,1,1
100000004360785100,peripheral,0.7,4,0.3082,получил 94 705 ₸ (1 перев.) и дальше не переводил; сумма мала для роли,1,False,False,1,0,94705.0,0.0,1,0,0.0,0.00029575179147653256,0.0,0.0002952416008836587,0.0,1,1,7,0,False,0.0,1,1
100000005932987100,peripheral,0.7,35,0.3076,получил 25 000 ₸ (3 перев.) и дальше не переводил; сумма мала для роли,2,False,False,1,0,25000.0,0.0,3,0,0.0,0.00041180862454995846,0.0,3.6495900757598262e-09,0.0,0,1,7,0,False,0.0,1,3
100000004770073100,transit,0.95,2,0.3074,"получил 5 462 ₸, отдал дальше 100% полученного (1 получ.); 100% суммы ушло за ≤2 дня после поступления",3,False,False,1,1,5462.4,5466.97,1,1,1.0008366285881665,0.0002878055588504013,0.0,0.0006428156575478821,1.922024458454748e-05,0,0,7,0,False,1.0,1,1
100000000967918100,peripheral,0.7,2,0.3074,получил 21 200 ₸ (3 перев.) и дальше не переводил; сумма мала для роли,2,False,False,1,0,21200.0,0.0,3,0,0.0,0.00047927096158051775,0.0,0.0,0.0,0,1,7,0,False,0.0,1,3
100000000795033100,peripheral,0.7,2,0.3073,получил 18 200 ₸ (1 перев.) и дальше не переводил; сумма мала для роли,2,False,False,1,0,18200.0,0.0,1,0,0.0,0.0005330176535576376,0.0,0.0,0.0,0,1,7,0,False,0.0,1,1
100000003220685100,peripheral,0.3,6,0.307,"4-е колено: получил 1 306 000 ₸ от 1 плательщ.; исходящие не выгружались (обрыв обхода), нужна доп. выгрузка",4,False,True,1,0,1306000.0,0.0,2,0,0.0,0.0005375987236644607,0.0,0.0,0.0,0,0,7,0,False,0.0,1,1
100000004806903100,peripheral,0.7,3,0.3069,получил 18 000 ₸ (1 перев.) и дальше не переводил; сумма мала для роли,2,False,False,1,0,18000.0,0.0,1,0,0.0,0.0005335389049993343,0.0,0.0,0.0,0,1,10,0,False,0.0,1,1
100000004657034100,terminal,0.628,6,0.3067,"получил 141 250 ₸ от 1 плательщ. (1 переводов), дальше ничего (колено 3, исходящие выгружены — обрыва нет)",3,False,False,1,0,141250.0,0.0,1,0,0.0,0.0002901470900552552,0.0,0.0029401739563140994,0.0,0,0,7,0,False,0.0,1,1
100000006248077100,peripheral,0.7,4,0.3063,получил 50 000 ₸ (1 перев.) и дальше не переводил; сумма мала для роли,2,False,False,1,0,50000.0,0.0,1,0,0.0,0.00029385096746579835,0.0,4.0407558618990766e-06,0.0,0,2,7,0,False,0.0,1,1
100000004450649100,peripheral,0.5,6,0.3061,"получил 192 528 ₸, отдал дальше 24% полученного; ни сбора, ни веера, ни чистого транзита",3,False,False,2,2,192528.0,46527.0,2,2,0.24166355023684866,0.0002989552239324566,0.0005807834183980806,0.0030246546866927494,0.00013874903023628483,0,0,7,0,False,0.11234337051604444,1,4
100000002530224100,terminal,0.623,5,0.306,"получил 113 000 ₸ от 1 плательщ. (1 переводов), дальше ничего (колено 3, исходящие выгружены — обрыва нет)",3,False,False,1,0,113000.0,0.0,1,0,0.0,0.00029139102055774377,0.0,3.220733583683774e-06,0.0,0,0,9,0,False,0.0,1,1
100000005974542100,peripheral,0.7,23,0.306,получил 94 500 ₸ (3 перев.) и дальше не переводил; сумма мала для роли,3,False,False,1,0,94500.0,0.0,3,0,0.0,0.0004830472191227783,0.0,3.197873561503488e-06,0.0,0,0,7,0,False,0.0,1,3
100000008701256100,peripheral,0.7,7,0.3057,получил 58 250 ₸ (1 перев.) и дальше не переводил; сумма мала для роли,2,False,False,1,0,58250.0,0.0,1,0,0.0,0.0003037426349007179,0.0,4.8405838633681733e-05,0.0,0,1,7,0,False,0.0,1,1
100000005877725100,peripheral,0.7,1,0.3056,получил 70 000 ₸ (1 перев.) и дальше не переводил; сумма мала для роли,1,False,False,1,0,70000.0,0.0,1,0,0.0,0.0003002614742736321,0.0,5.95500058530398e-11,0.0,1,1,1,0,False,0.0,1,1
100000003016773100,peripheral,0.7,5,0.3056,получил 46 555 ₸ (1 перев.) и дальше не переводил; сумма мала для роли,2,False,False,1,0,46555.0,0.0,1,0,0.0,0.00031479566469907517,0.0,2.2952505568848687e-06,0.0,0,1,9,0,False,0.0,1,1
100000004552204100,peripheral,0.5,33,0.3055,"получил 22 500 ₸, отдал дальше 44% полученного; ни сбора, ни веера, ни чистого транзита",3,False,False,1,2,22500.0,10000.0,2,2,0.4444444444444444,0.0008646978335399401,2.8716835089801863e-241,0.0,2.0210978841482916e-05,0,0,8,1,False,0.0,1,4
100000002774456100,peripheral,0.7,10,0.3055,получил 50 363 ₸ (1 перев.) и дальше не переводил; сумма мала для роли,1,False,False,1,0,50363.0,0.0,1,0,0.0,0.00029320785927153167,0.0,0.00012279960108290615,0.0,1,2,8,0,False,0.0,1,1
100000002488629100,peripheral,0.7,8,0.305,получил 73 050 ₸ (1 перев.) и дальше не переводил; сумма мала для роли,2,False,False,1,0,73050.0,0.0,1,0,0.0,0.00029941451688253495,0.0,2.8721411760945644e-05,0.0,0,1,1,0,False,0.0,1,1
100000005142589100,peripheral,0.7,2,0.3049,получил 50 000 ₸ (2 перев.) и дальше не переводил; сумма мала для роли,2,False,False,1,0,50000.0,0.0,2,0,0.0,0.0003103697710860754,0.0,5.346851613561035e-05,0.0,0,1,7,0,False,0.0,1,1
100000008070101100,terminal,0.62,5,0.3047,"получил 100 000 ₸ от 1 плательщ. (1 переводов), дальше ничего (колено 3, исходящие выгружены — обрыва нет)",3,False,False,1,0,100000.0,0.0,1,0,0.0,0.00029258785293762344,0.0,1.966214550791006e-06,0.0,0,0,8,0,False,0.0,1,1
100000008665380100,peripheral,0.5,2,0.3041,"получил 69 100 ₸, отдал дальше 26% полученного; ни сбора, ни веера, ни чистого транзита",1,False,False,2,1,69100.0,18200.0,2,1,0.2633863965267728,0.00029077432850192693,0.0,0.00505746306905961,1.922024458454748e-05,1,1,7,0,False,1.0,1,3
100000005628518100,peripheral,0.7,17,0.3041,получил 77 000 ₸ (3 перев.) и дальше не переводил; сумма мала для роли,3,False,False,1,0,77000.0,0.0,3,0,0.0,0.0005329929869212512,0.0,0.0,0.0,0,0,7,0,False,0.0,1,3
100000002847207100,peripheral,0.7,3,0.3038,получил 46 243 ₸ (1 перев.) и дальше не переводил; сумма мала для роли,1,False,False,1,0,46243.0,0.0,1,0,0.0,0.0002948288276237539,0.0,0.0004611679456476809,0.0,1,2,10,0,False,0.0,1,1
100000008205937100,peripheral,0.7,11,0.3038,получил 35 000 ₸ (3 перев.) и дальше не переводил; сумма мала для роли,2,False,False,1,0,35000.0,0.0,3,0,0.0,0.00033164706434217267,0.0,4.876477610101951e-08,0.0,0,1,10,0,False,0.0,1,3
100000004467157100,peripheral,0.5,35,0.3038,"получил 20 000 ₸, отдал дальше 35% полученного; ни сбора, ни веера, ни чистого транзита",2,False,False,1,1,20000.0,7000.0,3,1,0.35,0.0003865607584834249,0.0009306950059719198,3.6495900757598262e-09,0.0,0,1,7,1,False,0.0,1,4
100000001490461100,peripheral,0.5,9,0.3029,"получил 20 000 ₸, отдал дальше 25% полученного; ни сбора, ни веера, ни чистого транзита",2,False,False,1,1,20000.0,5000.0,1,1,0.25,0.00032099043429899374,0.0,9.023756758629543e-290,2.19943005039667e-05,0,1,9,0,False,0.0,1,2
100000008175078100,peripheral,0.3,38,0.3022,"4-е колено: получил 1 846 711 ₸ от 1 плательщ.; исходящие не выгружались (обрыв обхода), нужна доп. выгрузка",4,False,True,1,0,1846711.0,0.0,15,0,0.0,0.00046907194584128284,0.0,2.3749511394193016e-243,0.0,0,0,7,0,False,0.0,1,8
100000005409680100,terminal,0.611,17,0.3021,"получил 55 060 ₸ от 2 плательщ. (2 переводов), дальше ничего (колено 0, исходящие выгружены — обрыва нет)",0,True,False,2,0,55060.0,0.0,2,0,0.0,0.000633528818793162,0.0,3.582520483453153e-05,0.0,0,0,9,0,False,0.0,1,2
100000001053894100,peripheral,0.3,42,0.3019,"4-е колено: получил 2 000 000 ₸ от 1 плательщ.; исходящие не выгружались (обрыв обхода), нужна доп. выгрузка",4,False,True,1,0,2000000.0,0.0,7,0,0.0,0.0004485491925071488,0.0,3.8798761239758137e-256,0.0,0,0,7,0,False,0.0,1,7
100000004096559100,peripheral,0.7,8,0.3015,получил 46 200 ₸ (1 перев.) и дальше не переводил; сумма мала для роли,3,False,False,1,0,46200.0,0.0,1,0,0.0,0.0009765877187482858,0.0,0.0,0.0,0,0,1,0,False,0.0,1,1
100000004586598100,peripheral,0.3,71,0.3014,"4-е колено: получил 761 255 ₸ от 1 плательщ.; исходящие не выгружались (обрыв обхода), нужна доп. выгрузка",4,False,True,1,0,761255.0,0.0,4,0,0.0,0.0005392658410384634,0.0,0.0,0.0,0,0,7,0,False,0.0,1,4
100000004356593100,peripheral,0.5,3,0.3014,"получил 50 000 ₸, отдал дальше 20% полученного; ни сбора, ни веера, ни чистого транзита",2,False,False,1,1,50000.0,10000.0,1,1,0.2,0.00029345166926508727,0.0,0.0001421681899391104,1.922024458454748e-05,0,1,7,0,False,0.0,1,2
100000008141170100,peripheral,0.7,4,0.3013,получил 11 000 ₸ (1 перев.) и дальше не переводил; сумма мала для роли,2,False,False,1,0,11000.0,0.0,1,0,0.0,0.0006219001408928704,0.0,0.0,0.0,0,1,7,0,False,0.0,1,1
100000008738526100,transit,0.35,21,0.3009,отдал 140 000 ₸ при видимых входящих 15 000 ₸ — есть поступления вне выгрузки,3,False,False,1,1,15000.0,140000.0,1,1,9.333333333333334,0.0002874522211122593,0.0,1.2902817864242934e-06,2.139985994980544e-05,0,0,8,0,False,0.0,1,2
100000004225615100,peripheral,0.7,9,0.3006,получил 90 000 ₸ (2 перев.) и дальше не переводил; сумма мала для роли,2,False,False,1,0,90000.0,0.0,2,0,0.0,0.0002940382625762384,0.0,5.01279615617639e-07,0.0,0,1,1,0,False,0.0,1,1
100000007333038100,transit,0.35,13,0.3005,"получил 17 500 ₸, отдал дальше 200% полученного (2 получ.)",3,False,False,1,2,17500.0,34994.0,1,2,1.9996571428571428,0.00029968918055683897,0.0,4.1121872014305334e-07,1.5851748110966993e-06,0,0,1,0,False,0.0,1,2
100000001641789100,peripheral,0.7,8,0.2993,получил 17 826 ₸ (1 перев.) и дальше не переводил; сумма мала для роли,1,False,False,1,0,17826.0,0.0,1,0,0.0,0.0004895828148678133,0.0,4.075748795924464e-07,0.0,1,1,11,0,False,0.0,1,1
100000001669260100,peripheral,0.3,20,0.299,"4-е колено: получил 500 000 ₸ от 1 плательщ.; исходящие не выгружались (обрыв обхода), нужна доп. выгрузка",4,False,True,1,0,500000.0,0.0,1,0,0.0,0.000560115378020431,0.0,0.0,0.0,0,0,1,0,False,0.0,1,1
100000002686226100,peripheral,0.3,16,0.299,"4-е колено: получил 430 000 ₸ от 1 плательщ.; исходящие не выгружались (обрыв обхода), нужна доп. выгрузка",4,False,True,1,0,430000.0,0.0,2,0,0.0,0.0006546162523072483,0.0,0.0,0.0,0,0,7,0,False,0.0,1,2
100000006008169100,peripheral,0.7,12,0.2989,получил 70 000 ₸ (1 перев.) и дальше не переводил; сумма мала для роли,1,False,False,1,0,70000.0,0.0,1,0,0.0,0.000297186147982845,0.0,1.0100033243240566e-05,0.0,1,1,1,0,False,0.0,1,1
100000006165886100,peripheral,0.5,2,0.2983,"получил 184 481 ₸, отдал дальше 41% полученного; ни сбора, ни веера, ни чистого транзита",3,False,False,2,1,184481.0,75000.0,2,1,0.4065459315593476,0.00029856163893927847,0.0009738286569358272,0.004037719928774491,6.92098645202041e-07,0,0,7,0,False,1.0,1,2
100000001785161100,terminal,0.606,31,0.298,"получил 30 000 ₸ от 2 плательщ. (2 переводов), дальше ничего (колено 3, исходящие выгружены — обрыва нет)",3,False,False,2,0,30000.0,0.0,2,0,0.0,0.0003312208709043081,0.0,4.536876004081133e-05,0.0,0,0,7,0,False,0.0,1,2
100000004687099100,peripheral,0.7,8,0.2978,получил 30 000 ₸ (1 перев.) и дальше не переводил; сумма мала для роли,2,False,False,1,0,30000.0,0.0,1,0,0.0,0.0003342247396399686,0.0,2.141511818252024e-241,0.0,0,1,1,0,False,0.0,1,1
100000008517061100,peripheral,0.3,14,0.2976,"4-е колено: получил 1 844 000 ₸ от 1 плательщ.; исходящие не выгружались (обрыв обхода), нужна доп. выгрузка",4,False,True,1,0,1844000.0,0.0,4,0,0.0,0.00041305671798624714,0.0,5.9204628229038967e-08,0.0,0,0,7,0,False,0.0,1,1
100000003567087100,peripheral,0.7,1,0.2976,получил 62 115 ₸ (1 перев.) и дальше не переводил; сумма мала для роли,1,False,False,1,0,62115.0,0.0,1,0,0.0,0.0002986065051344285,0.0,5.95500058530398e-11,0.0,1,1,1,0,False,0.0,1,1
100000002511825100,peripheral,0.7,2,0.2975,получил 65 000 ₸ (1 перев.) и дальше не переводил; сумма мала для роли,1,False,False,1,0,65000.0,0.0,1,0,0.0,0.00029776670172400603,0.0,0.0021516815362503513,0.0,1,1,7,0,False,0.0,1,1
100000007330432100,peripheral,0.3,69,0.2975,"4-е колено: получил 584 900 ₸ от 1 плательщ.; исходящие не выгружались (обрыв обхода), нужна доп. выгрузка",4,False,True,1,0,584900.0,0.0,1,0,0.0,0.00053817599306743,0.0,2.065044922776866e-08,0.0,0,0,7,0,False,0.0,1,1
100000004035925100,peripheral,0.3,65,0.2968,"4-е колено: получил 1 111 588 ₸ от 1 плательщ.; исходящие не выгружались (обрыв обхода), нужна доп. выгрузка",4,False,True,1,0,1111588.0,0.0,2,0,0.0,0.00046241262393565346,0.0,0.0,0.0,0,0,7,0,False,0.0,1,2
100000002489253100,peripheral,0.7,4,0.2966,получил 51 000 ₸ (1 перев.) и дальше не переводил; сумма мала для роли,2,False,False,1,0,51000.0,0.0,1,0,0.0,0.00030184449124919286,0.0,1.8799730754466785e-07,0.0,0,1,7,0,False,0.0,1,1
100000003147719100,terminal,0.62,5,0.2964,"получил 100 000 ₸ от 1 плательщ. (1 переводов), дальше ничего (колено 3, исходящие выгружены — обрыва нет)",3,False,False,1,0,100000.0,0.0,1,0,0.0,0.00029072126443008105,0.0,3.220733583683774e-06,0.0,0,0,9,0,False,0.0,1,1
100000003112578100,terminal,0.62,13,0.296,"получил 101 080 ₸ от 1 плательщ. (1 переводов), дальше ничего (колено 3, исходящие выгружены — обрыва нет)",3,False,False,1,0,101080.0,0.0,1,0,0.0,0.0002903839214275371,0.0,3.794136183730392e-07,0.0,0,0,2,0,False,0.0,1,1
100000003221510100,transit,0.35,2,0.2957,отдал 120 000 ₸ при видимых входящих 24 000 ₸ — есть поступления вне выгрузки,3,False,False,1,2,24000.0,120000.0,1,3,5.0,0.00028692097342656345,0.0,0.0029057815328092595,3.844048916909496e-05,0,0,7,0,False,0.0,1,3
100000008772058100,peripheral,0.7,1,0.2956,получил 50 000 ₸ (1 перев.) и дальше не переводил; сумма мала для роли,2,False,False,1,0,50000.0,0.0,1,0,0.0,0.000302551159747284,0.0,7.619950610759462e-13,0.0,0,1,1,0,False,0.0,1,1
100000003134474100,terminal,0.623,6,0.2955,"получил 116 000 ₸ от 1 плательщ. (1 переводов), дальше ничего (колено 3, исходящие выгружены — обрыва нет)",3,False,False,1,0,116000.0,0.0,1,0,0.0,0.0002893287584098846,0.0,0.0029401739563140994,0.0,0,0,7,0,False,0.0,1,1
100000004921657100,transit,0.35,3,0.2954,отдал 22 190 ₸ при видимых входящих 8 300 ₸ — есть поступления вне выгрузки; 100% суммы ушло за ≤2 дня после поступления,3,False,False,1,1,8300.0,22190.0,1,1,2.6734939759036145,0.00036129622421142676,0.0,0.0,0.0,0,0,10,0,False,1.0,1,1
100000003781406100,peripheral,0.7,12,0.2952,получил 45 000 ₸ (2 перев.) и дальше не переводил; сумма мала для роли,3,False,False,1,0,45000.0,0.0,2,0,0.0,0.0007228806641155315,0.0,0.0,0.0,0,0,9,0,False,0.0,1,1
100000001279875100,peripheral,0.7,13,0.2952,получил 49 235 ₸ (1 перев.) и дальше не переводил; сумма мала для роли,2,False,False,1,0,49235.0,0.0,1,0,0.0,0.0003032727428264067,0.0,4.0882452251176484e-08,0.0,0,1,1,0,False,0.0,1,1
100000005042822100,peripheral,0.3,32,0.2951,"4-е колено: получил 1 000 000 ₸ от 1 плательщ.; исходящие не выгружались (обрыв обхода), нужна доп. выгрузка",4,False,True,1,0,1000000.0,0.0,1,0,0.0,0.00045261173566138284,0.0,0.0,0.0,0,0,7,0,False,0.0,1,1
100000004931931100,transit,0.374,2,0.2949,"получил 23 938 ₸, отдал дальше 188% полученного (1 получ.)",3,False,False,1,1,23938.0,45000.0,1,1,1.8798562954298605,0.000291814036684862,0.0,0.001137907385155322,1.922024458454748e-05,0,0,7,0,False,0.0,1,2
100000001530740100,peripheral,0.7,4,0.2949,получил 15 000 ₸ (1 перев.) и дальше не переводил; сумма мала для роли,2,False,False,1,0,15000.0,0.0,1,0,0.0,0.0005298197024409161,0.0,0.0,0.0,0,1,7,0,False,0.0,1,1
100000008728457100,peripheral,0.7,10,0.2942,получил 45 000 ₸ (1 перев.) и дальше не переводил; сумма мала для роли,1,False,False,1,0,45000.0,0.0,1,0,0.0,0.0002923944521197359,0.0,0.00012279960108290615,0.0,1,2,8,0,False,0.0,1,1
100000008237827100,peripheral,0.7,3,0.294,получил 40 001 ₸ (1 перев.) и дальше не переводил; сумма мала для роли,1,False,False,1,0,40001.0,0.0,1,0,0.0,0.00029357895180421055,0.0,0.0004611679456476809,0.0,1,2,10,0,False,0.0,1,1
100000006161893100,peripheral,0.7,4,0.2939,получил 14 000 ₸ (1 перев.) и дальше не переводил; сумма мала для роли,2,False,False,1,0,14000.0,0.0,1,0,0.0,0.0005318535188146678,0.0,0.0,0.0,0,1,7,0,False,0.0,1,1
100000004676985100,transit,0.518,2,0.2936,"получил 32 260 ₸, отдал дальше 84% полученного (1 получ.)",3,False,False,1,1,32260.0,27102.0,1,1,0.8401115933044018,0.0002873861763544214,0.0,0.0029057815328092595,1.922024458454748e-05,0,0,7,0,False,0.0,1,2
100000003877908100,peripheral,0.7,3,0.2934,получил 40 000 ₸ (1 перев.) и дальше не переводил; сумма мала для роли,1,False,False,1,0,40000.0,0.0,1,0,0.0,0.0002935787515677768,0.0,0.0004611679456476809,0.0,1,2,10,0,False,0.0,1,1
100000004509286100,peripheral,0.7,3,0.2934,получил 40 000 ₸ (1 перев.) и дальше не переводил; сумма мала для роли,1,False,False,1,0,40000.0,0.0,1,0,0.0,0.0002935787515677768,0.0,0.0004611679456476809,0.0,1,2,10,0,False,0.0,1,1
100000003086040100,peripheral,0.7,2,0.2933,получил 10 500 ₸ (1 перев.) и дальше не переводил; сумма мала для роли,2,False,False,1,0,10500.0,0.0,1,0,0.0,0.0005480623170204784,0.0,5.180959268770881e-06,0.0,0,1,7,0,False,0.0,1,1
100000008765627100,peripheral,0.7,8,0.2931,получил 60 000 ₸ (1 перев.) и дальше не переводил; сумма мала для роли,2,False,False,1,0,60000.0,0.0,1,0,0.0,0.00029694114034890817,0.0,2.8721411760945644e-05,0.0,0,1,1,0,False,0.0,1,1
100000008557672100,peripheral,0.7,1,0.2931,получил 49 125 ₸ (1 перев.) и дальше не переводил; сумма мала для роли,2,False,False,1,0,49125.0,0.0,1,0,0.0,0.0003022539771005091,0.0,7.619950610759462e-13,0.0,0,1,1,0,False,0.0,1,1
100000003989033100,peripheral,0.3,10,0.2931,"4-е колено: получил 373 400 ₸ от 1 плательщ.; исходящие не выгружались (обрыв обхода), нужна доп. выгрузка",4,False,True,1,0,373400.0,0.0,13,0,0.0,0.0005989171063455111,0.0,0.0,0.0,0,0,1,0,False,0.0,1,12
100000008673001100,peripheral,0.7,19,0.2928,получил 80 000 ₸ (1 перев.) и дальше не переводил; сумма мала для роли,0,True,False,1,0,80000.0,0.0,1,0,0.0,0.0004689783107025115,0.0,0.0,0.0,1,1,1,0,False,0.0,1,1
100000003066385100,terminal,0.604,2,0.2925,"получил 20 000 ₸ от 2 плательщ. (2 переводов), дальше ничего (колено 1, исходящие выгружены — обрыва нет)",1,False,False,2,0,20000.0,0.0,2,0,0.0,0.00029153974169365685,0.0,0.0027944971937982335,0.0,1,1,7,0,False,0.0,1,2
100000008028628100,peripheral,0.7,1,0.2925,получил 57 224 ₸ (1 перев.) и дальше не переводил; сумма мала для роли,1,False,False,1,0,57224.0,0.0,1,0,0.0,0.0002975799415250633,0.0,5.95500058530398e-11,0.0,1,1,1,0,False,0.0,1,1
100000000375150100,peripheral,0.3,11,0.2923,"4-е колено: получил 300 000 ₸ от 1 плательщ.; исходящие не выгружались (обрыв обхода), нужна доп. выгрузка",4,False,True,1,0,300000.0,0.0,1,0,0.0,0.0007463802351751577,0.0,0.0,0.0,0,0,10,0,False,0.0,1,1
100000003242795100,terminal,0.622,6,0.2922,"получил 111 000 ₸ от 1 плательщ. (1 переводов), дальше ничего (колено 3, исходящие выгружены — обрыва нет)",3,False,False,1,0,111000.0,0.0,1,0,0.0,0.00028916671253951414,0.0,0.0029401739563140994,0.0,0,0,7,0,False,0.0,1,1
100000001696818100,peripheral,0.7,3,0.292,получил 53 550 ₸ (1 перев.) и дальше не переводил; сумма мала для роли,1,False,False,1,0,53550.0,0.0,1,0,0.0,0.00029883692688634147,0.0,6.780075768513709e-05,0.0,1,1,1,0,False,0.0,1,1
100000001222245100,peripheral,0.3,6,0.2919,"4-е колено: получил 420 000 ₸ от 1 плательщ.; исходящие не выгружались (обрыв обхода), нужна доп. выгрузка",4,False,True,1,0,420000.0,0.0,5,0,0.0,0.0005491629789918046,0.0,0.0,0.0,0,0,7,0,False,0.0,1,5
100000002481735100,peripheral,0.7,4,0.2919,получил 22 436 ₸ (2 перев.) и дальше не переводил; сумма мала для роли,2,False,False,1,0,22436.0,0.0,2,0,0.0,0.00036270354277617874,0.0,1.2596486780937674e-05,0.0,0,1,7,0,False,0.0,1,2
100000002904919100,terminal,0.55,2,0.2918,"получил 60 325 ₸ от 1 плательщ., дальше ушло лишь 5 500 ₸ (9%, 1 получ.) — удерживает большую часть",3,False,False,1,1,60325.0,5500.0,1,1,0.09117281392457521,0.00029091905114297305,0.0,0.0011319383959652314,1.922024458454748e-05,0,0,7,0,False,0.0,1,2
100000002628146100,peripheral,0.7,33,0.2917,получил 30 500 ₸ (2 перев.) и дальше не переводил; сумма мала для роли,2,False,False,1,0,30500.0,0.0,2,0,0.0,0.0003192156684704561,0.0,4.870880269675223e-241,0.0,0,1,8,0,False,0.0,1,1
100000008745489100,peripheral,0.7,1,0.2913,получил 55 539 ₸ (1 перев.) и дальше не переводил; сумма мала для роли,1,False,False,1,0,55539.0,0.0,1,0,0.0,0.00029722627976227855,0.0,5.95500058530398e-11,0.0,1,1,1,0,False,0.0,1,1
100000003692843100,peripheral,0.3,66,0.2912,"4-е колено: получил 510 000 ₸ от 1 плательщ.; исходящие не выгружались (обрыв обхода), нужна доп. выгрузка",4,False,True,1,0,510000.0,0.0,2,0,0.0,0.0005294957412060607,0.0,0.0,0.0,0,0,7,0,False,0.0,1,2
100000008254576100,transit,0.35,36,0.2907,отдал 60 000 ₸ при видимых входящих 8 000 ₸ — есть поступления вне выгрузки,3,False,False,1,1,8000.0,60000.0,1,1,7.5,0.00029167108817849144,0.0,2.3749511394193016e-243,1.9616538287321655e-05,0,0,7,0,False,0.0,1,2
100000003216073100,transit,0.372,20,0.2902,"получил 37 001 ₸, отдал дальше 189% полученного (1 получ.)",3,False,False,1,1,37001.0,70000.0,1,1,1.891840761060512,0.0002882046043550016,0.0,7.936044019065454e-05,7.925874055483496e-07,0,0,1,0,False,0.0,1,2
100000002845605100,peripheral,0.7,2,0.2902,получил 57 567 ₸ (1 перев.) и дальше не переводил; сумма мала для роли,1,False,False,1,0,57567.0,0.0,1,0,0.0,0.00029637188126250733,0.0,0.0021516815362503513,0.0,1,1,7,0,False,0.0,1,1
100000003470579100,peripheral,0.3,28,0.2902,"4-е колено: получил 357 000 ₸ от 1 плательщ.; исходящие не выгружались (обрыв обхода), нужна доп. выгрузка",4,False,True,1,0,357000.0,0.0,2,0,0.0,0.0005685326159317399,0.0,1.23619985386e-313,0.0,0,0,7,0,False,0.0,1,2
100000008736760100,peripheral,0.7,1,0.2902,получил 54 757 ₸ (1 перев.) и дальше не переводил; сумма мала для роли,1,False,False,1,0,54757.0,0.0,1,0,0.0,0.0002970621471222205,0.0,5.95500058530398e-11,0.0,1,1,1,0,False,0.0,1,1
100000007274584100,peripheral,0.7,3,0.29,получил 38 000 ₸ (1 перев.) и дальше не переводил; сумма мала для роли,1,False,False,1,0,38000.0,0.0,1,0,0.0,0.0002931782787002525,0.0,0.0004611679456476809,0.0,1,2,10,0,False,0.0,1,1
100000005198906100,peripheral,0.5,6,0.2895,"получил 227 970 ₸, отдал дальше 26% полученного; ни сбора, ни веера, ни чистого транзита",3,False,False,1,1,227970.0,60000.0,1,1,0.26319252533228055,0.0002929576136309596,0.0,0.0029401739563140994,1.922024458454748e-05,0,0,7,0,False,0.0,1,2
100000003760160100,terminal,0.621,6,0.2891,"получил 104 470 ₸ от 1 плательщ. (1 переводов), дальше ничего (колено 3, исходящие выгружены — обрыва нет)",3,False,False,1,0,104470.0,0.0,1,0,0.0,0.00028895508063281035,0.0,0.0029401739563140994,0.0,0,0,7,0,False,0.0,1,1
100000002970466100,transit,0.35,2,0.289,отдал 93 000 ₸ при видимых входящих 23 317 ₸ — есть поступления вне выгрузки; 43% суммы ушло за ≤2 дня после поступления,3,False,False,1,2,23317.0,93000.0,1,3,3.9885062400823434,0.0002868825068890663,0.0,0.0029057815328092595,3.844048916909496e-05,0,0,7,0,False,0.43010752688172044,1,4
100000006638021100,peripheral,0.3,48,0.2888,"4-е колено: получил 388 500 ₸ от 2 плательщ.; исходящие не выгружались (обрыв обхода), нужна доп. выгрузка",4,False,True,2,0,388500.0,0.0,2,0,0.0,0.000544485696289975,0.0,8.085030393836755e-298,0.0,0,0,9,0,False,0.0,2,1
100000005893892100,terminal,0.621,6,0.2885,"получил 102 780 ₸ от 1 плательщ. (1 переводов), дальше ничего (колено 3, исходящие выгружены — обрыва нет)",3,False,False,1,0,102780.0,0.0,1,0,0.0,0.0002889003091286252,0.0,0.0029401739563140994,0.0,0,0,7,0,False,0.0,1,1
100000002459163100,peripheral,0.7,56,0.2884,получил 20 180 ₸ (1 перев.) и дальше не переводил; сумма мала для роли,2,False,False,1,0,20180.0,0.0,1,0,0.0,0.00036111544422251415,0.0,7.983534595344914e-303,0.0,0,1,1,0,False,0.0,1,1
100000006952718100,peripheral,0.7,4,0.2883,получил 71 489 ₸ (1 перев.) и дальше не переводил; сумма мала для роли,1,False,False,1,0,71489.0,0.0,1,0,0.0,0.00029325565234585775,0.0,0.0002952416008836587,0.0,1,1,7,0,False,0.0,1,1
100000002721825100,peripheral,0.7,2,0.2883,получил 11 000 ₸ (1 перев.) и дальше не переводил; сумма мала для роли,2,False,False,1,0,11000.0,0.0,1,0,0.0,0.0005314143750831583,0.0,0.0,0.0,0,1,7,0,False,0.0,1,1
100000001065234100,peripheral,0.3,60,0.2878,"4-е колено: получил 360 000 ₸ от 1 плательщ.; исходящие не выгружались (обрыв обхода), нужна доп. выгрузка",4,False,True,1,0,360000.0,0.0,1,0,0.0,0.0005486947871235914,0.0,0.0,0.0,0,0,7,0,False,0.0,1,1
100000008746673100,peripheral,0.7,1,0.2878,получил 53 048 ₸ (1 перев.) и дальше не переводил; сумма мала для роли,1,False,False,1,0,53048.0,0.0,1,0,0.0,0.0002967034480405593,0.0,5.95500058530398e-11,0.0,1,1,1,0,False,0.0,1,1
100000007347733100,peripheral,0.7,51,0.2877,получил 23 007 ₸ (1 перев.) и дальше не переводил; сумма мала для роли,1,False,False,1,0,23007.0,0.0,1,0,0.0,0.0003456840263989008,0.0,7.983534595344907e-303,0.0,1,1,1,0,False,0.0,1,1
100000001471706100,peripheral,0.3,19,0.2874,"4-е колено: получил 377 000 ₸ от 1 плательщ.; исходящие не выгружались (обрыв обхода), нужна доп. выгрузка",4,False,True,1,0,377000.0,0.0,8,0,0.0,0.0005401265380892354,0.0,0.0,0.0,0,0,8,0,False,0.0,1,7
100000000733940100,peripheral,0.3,32,0.2872,"4-е колено: получил 752 000 ₸ от 1 плательщ.; исходящие не выгружались (обрыв обхода), нужна доп. выгрузка",4,False,True,1,0,752000.0,0.0,2,0,0.0,0.0004111852101832481,0.0,0.0,0.0,0,0,7,0,False,0.0,1,2
100000008008463100,peripheral,0.7,8,0.2866,получил 54 180 ₸ (1 перев.) и дальше не переводил; сумма мала для роли,2,False,False,1,0,54180.0,0.0,1,0,0.0,0.0002958380712741413,0.0,2.8721411760945644e-05,0.0,0,1,1,0,False,0.0,1,1
100000003188607100,peripheral,0.5,8,0.2866,"получил 18 000 ₸, отдал дальше 28% полученного; ни сбора, ни веера, ни чистого транзита",2,False,False,1,1,18000.0,5000.0,1,1,0.2777777777777778,0.0003147625614708975,0.0,2.141511818252024e-241,5.944405541612623e-07,0,1,1,0,False,0.0,1,2
100000005561741100,peripheral,0.7,9,0.2862,получил 25 000 ₸ (1 перев.) и дальше не переводил; сумма мала для роли,2,False,False,1,0,25000.0,0.0,1,0,0.0,0.00032984571931941946,0.0,9.023756758629543e-290,0.0,0,1,9,0,False,0.0,1,1
100000004841728100,peripheral,0.7,1,0.2861,получил 52 208 ₸ (1 перев.) и дальше не переводил; сумма мала для роли,1,False,False,1,0,52208.0,0.0,1,0,0.0,0.00029652714187988316,0.0,5.95500058530398e-11,0.0,1,1,1,0,False,0.0,1,1
100000004971871100,transit,0.45,55,0.286,seed: отправил 5 650 ₸ 1 получ.; входящие вне выгрузки — роль по исходящим; 100% суммы ушло за ≤2 дня после поступления,0,True,False,1,1,25400.0,5650.0,3,1,0.22244094488188976,0.0007430293125206683,0.0,0.0,0.0,0,0,0,1,False,1.0,1,4
100000000790311100,peripheral,0.7,15,0.2859,получил 46 300 ₸ (1 перев.) и дальше не переводил; сумма мала для роли,2,False,False,1,0,46300.0,0.0,1,0,0.0,0.000300299219066313,0.0,3.5676348106616587e-05,0.0,0,1,7,0,False,0.0,1,1
100000007841978100,peripheral,0.3,6,0.2855,"4-е колено: получил 449 000 ₸ от 1 плательщ.; исходящие не выгружались (обрыв обхода), нужна доп. выгрузка",4,False,True,1,0,449000.0,0.0,1,0,0.0,0.0005063238893873195,0.0,0.0,0.0,0,0,7,0,False,0.0,1,1
100000002864680100,peripheral,0.7,12,0.2853,получил 55 932 ₸ (1 перев.) и дальше не переводил; сумма мала для роли,1,False,False,1,0,55932.0,0.0,1,0,0.0,0.00029485149228607616,0.0,1.0100033243240566e-05,0.0,1,1,1,0,False,0.0,1,1
100000003647799100,terminal,0.62,6,0.2853,"получил 100 000 ₸ от 1 плательщ. (1 переводов), дальше ничего (колено 3, исходящие выгружены — обрыва нет)",3,False,False,1,0,100000.0,0.0,1,0,0.0,0.00028881021162469923,0.0,0.0029401739563140994,0.0,0,0,7,0,False,0.0,1,1
100000008633099100,transit,0.489,8,0.2852,"получил 19 468 ₸, отдал дальше 69% полученного (1 получ.)",3,False,False,1,1,19468.0,13500.0,1,1,0.6934456544072324,0.00029196202177266776,0.0,0.00010831189501834011,1.922024458454748e-05,0,0,7,0,False,0.0,1,2
100000006787636100,peripheral,0.7,4,0.2851,получил 20 000 ₸ (1 перев.) и дальше не переводил; сумма мала для роли,2,False,False,1,0,20000.0,0.0,1,0,0.0,0.0003581033949231403,0.0,1.23619985386e-313,0.0,0,1,7,0,False,0.0,1,1
100000002594214100,peripheral,0.3,42,0.2847,"4-е колено: получил 1 000 000 ₸ от 1 плательщ.; исходящие не выгружались (обрыв обхода), нужна доп. выгрузка",4,False,True,1,0,1000000.0,0.0,1,0,0.0,0.00036705924336221985,0.0,3.8798761239758137e-256,0.0,0,0,7,0,False,0.0,1,1
100000005616568100,peripheral,0.3,6,0.2846,"4-е колено: получил 530 000 ₸ от 1 плательщ.; исходящие не выгружались (обрыв обхода), нужна доп. выгрузка",4,False,True,1,0,530000.0,0.0,1,0,0.0,0.0004319554143337925,0.0,3.8798761239758137e-256,0.0,0,0,7,0,False,0.0,1,1
100000003832231100,peripheral,0.7,3,0.2843,получил 35 000 ₸ (1 перев.) и дальше не переводил; сумма мала для роли,1,False,False,1,0,35000.0,0.0,1,0,0.0,0.00029257756939896605,0.0,0.0004611679456476809,0.0,1,2,10,0,False,0.0,1,1
100000002860934100,peripheral,0.3,29,0.2843,"4-е колено: получил 279 500 ₸ от 1 плательщ.; исходящие не выгружались (обрыв обхода), нужна доп. выгрузка",4,False,True,1,0,279500.0,0.0,4,0,0.0,0.0005814420132554212,0.0,3.0386804526261044e-11,0.0,0,0,7,0,False,0.0,1,4
100000004975919100,transit,0.484,7,0.2843,"получил 22 351 ₸, отдал дальше 67% полученного (2 получ.)",3,False,False,1,2,22351.0,15000.0,1,2,0.6711109122634334,0.00029011680628284717,0.0,0.0016044117305492448,3.844048916909496e-05,0,0,7,0,False,0.0,1,3
100000004006327100,peripheral,0.3,5,0.2842,"4-е колено: получил 300 000 ₸ от 1 плательщ.; исходящие не выгружались (обрыв обхода), нужна доп. выгрузка",4,False,True,1,0,300000.0,0.0,3,0,0.0,0.0005549673062458663,0.0,0.0,0.0,0,0,8,0,False,0.0,1,3
100000001380986100,peripheral,0.7,9,0.2842,получил 70 170 ₸ (1 перев.) и дальше не переводил; сумма мала для роли,2,False,False,1,0,70170.0,0.0,1,0,0.0,0.000292172266547817,0.0,5.01279615617639e-07,0.0,0,1,1,0,False,0.0,1,1
100000002778085100,peripheral,0.7,4,0.2838,получил 66 208 ₸ (1 перев.) и дальше не переводил; сумма мала для роли,1,False,False,1,0,66208.0,0.0,1,0,0.0,0.0002926878495051835,0.0,0.0002952416008836587,0.0,1,1,7,0,False,0.0,1,1
100000000979567100,peripheral,0.7,1,0.2836,получил 10 000 ₸ (1 перев.) и дальше не переводил; сумма мала для роли,2,False,False,1,0,10000.0,0.0,1,0,0.0,0.0005307306769296842,0.0,0.0,0.0,0,1,1,0,False,0.0,1,1
100000005608515100,peripheral,0.7,8,0.2836,получил 64 000 ₸ (4 перев.) и дальше не переводил; сумма мала для роли,2,False,False,1,0,64000.0,0.0,4,0,0.0,0.0002931596353300166,0.0,1.23619985386e-313,0.0,0,1,1,0,False,0.0,1,3
100000008688881100,peripheral,0.7,1,0.2835,получил 44 211 ₸ (1 перев.) и дальше не переводил; сумма мала для роли,2,False,False,1,0,44211.0,0.0,1,0,0.0,0.0003005849993562214,0.0,7.619950610759462e-13,0.0,0,1,1,0,False,0.0,1,1
100000008695157100,peripheral,0.3,7,0.2834,"4-е колено: получил 425 546 ₸ от 1 плательщ.; исходящие не выгружались (обрыв обхода), нужна доп. выгрузка",4,False,True,1,0,425546.0,0.0,3,0,0.0,0.0004975174254247276,0.0,3.1784521125680773e-09,0.0,0,0,7,0,False,0.0,1,3
100000003971049100,peripheral,0.7,2,0.2832,получил 55 900 ₸ (7 перев.) и дальше не переводил; сумма мала для роли,2,False,False,1,0,55900.0,0.0,7,0,0.0,0.00029426514402485876,0.0,5.172134115335331e-05,0.0,0,1,7,0,False,0.0,1,7
100000008469048100,peripheral,0.3,2,0.2831,"4-е колено: получил 265 200 ₸ от 1 плательщ.; исходящие не выгружались (обрыв обхода), нужна доп. выгрузка",4,False,True,1,0,265200.0,0.0,7,0,0.0,0.0005788057669614711,0.0,0.0,0.0,0,0,7,0,False,0.0,1,6
100000003025903100,peripheral,0.3,6,0.2829,"4-е колено: получил 386 300 ₸ от 1 плательщ.; исходящие не выгружались (обрыв обхода), нужна доп. выгрузка",4,False,True,1,0,386300.0,0.0,6,0,0.0,0.0005264518149577612,0.0,0.0,0.0,0,0,7,0,False,0.0,1,6
100000008579978100,transit,0.35,6,0.2829,отдал 77 000 ₸ при видимых входящих 34 000 ₸ — есть поступления вне выгрузки; 35% суммы ушло за ≤2 дня после поступления,3,False,False,1,1,34000.0,77000.0,1,6,2.264705882352941,0.0002866712061358097,0.0,0.0029401739563140994,1.922024458454748e-05,0,0,7,0,False,0.35064935064935066,1,3
100000003985389100,peripheral,0.3,7,0.2827,"4-е колено: получил 422 698 ₸ от 1 плательщ.; исходящие не выгружались (обрыв обхода), нужна доп. выгрузка",4,False,True,1,0,422698.0,0.0,16,0,0.0,0.0004903551059552773,0.0,1.23619985386e-313,0.0,0,0,7,0,False,0.0,1,15
100000006789108100,peripheral,0.7,10,0.282,получил 37 500 ₸ (1 перев.) и дальше не переводил; сумма мала для роли,1,False,False,1,0,37500.0,0.0,1,0,0.0,0.0002912569258026617,0.0,0.00012279960108290615,0.0,1,2,8,0,False,0.0,1,1
100000002922000100,peripheral,0.3,49,0.2814,"4-е колено: получил 448 000 ₸ от 1 плательщ.; исходящие не выгружались (обрыв обхода), нужна доп. выгрузка",4,False,True,1,0,448000.0,0.0,1,0,0.0,0.0004597224521428434,0.0,7.661109122360097e-07,0.0,0,0,7,0,False,0.0,1,1
100000002870937100,peripheral,0.7,8,0.2813,получил 83 700 ₸ (1 перев.) и дальше не переводил; сумма мала для роли,1,False,False,1,0,83700.0,0.0,1,0,0.0,0.0002903688396007325,0.0,4.341414826156218e-06,0.0,1,1,1,0,False,0.0,1,1
100000004580254100,terminal,0.606,16,0.2807,"получил 27 940 ₸ от 2 плательщ. (2 переводов), дальше ничего (колено 3, исходящие выгружены — обрыва нет)",3,False,False,2,0,27940.0,0.0,2,0,0.0,0.0003122789899791896,0.0,0.00034028700247135254,0.0,0,0,7,0,False,0.0,1,2
100000005052998100,transit,0.35,2,0.2804,отдал 28 400 ₸ при видимых входящих 9 500 ₸ — есть поступления вне выгрузки,3,False,False,1,1,9500.0,28400.0,1,1,2.9894736842105263,0.0002861043339042946,0.00023534294944821117,0.0029057815328092595,4.333353000324481e-06,0,0,7,13,True,0.0,1,2
100000006232642100,peripheral,0.3,40,0.2798,"4-е колено: получил 456 000 ₸ от 1 плательщ.; исходящие не выгружались (обрыв обхода), нужна доп. выгрузка",4,False,True,1,0,456000.0,0.0,4,0,0.0,0.00042785609111614025,0.0,1.207235573201223e-06,0.0,0,0,7,0,False,0.0,1,4
100000008782421100,peripheral,0.7,1,0.2797,получил 49 680 ₸ (1 перев.) и дальше не переводил; сумма мала для роли,1,False,False,1,0,49680.0,0.0,1,0,0.0,0.00029599654429156275,0.0,5.95500058530398e-11,0.0,1,1,1,0,False,0.0,1,1
100000007982728100,transit,0.45,8,0.2795,seed: отправил 1 804 384 ₸ 8 получ.; входящие вне выгрузки — роль по исходящим,0,True,False,0,8,0.0,1804384.0,0,12,-1.0,0.0002855692942172909,0.00219446420588083,0.0,0.0,0,0,0,0,False,0.0,0,6
100000001852140100,peripheral,0.7,55,0.2793,получил 30 000 ₸ (1 перев.) и дальше не переводил; сумма мала для роли,3,False,False,1,0,30000.0,0.0,1,0,0.0,0.0008047208113869022,0.0,0.0,0.0,0,0,1,0,False,0.0,1,1
100000001250022100,peripheral,0.7,8,0.2788,получил 50 000 ₸ (1 перев.) и дальше не переводил; сумма мала для роли,2,False,False,1,0,50000.0,0.0,1,0,0.0,0.0002950458326603053,0.0,2.8721411760945644e-05,0.0,0,1,1,0,False,0.0,1,1
100000006687202100,peripheral,0.7,2,0.2787,получил 50 000 ₸ (1 перев.) и дальше не переводил; сумма мала для роли,1,False,False,1,0,50000.0,0.0,1,0,0.0,0.0002949519153763026,0.0,0.0021516815362503513,0.0,1,1,7,0,False,0.0,1,1
100000002974256100,peripheral,0.7,12,0.2787,получил 7 200 ₸ (1 перев.) и дальше не переводил; сумма мала для роли,2,False,False,1,0,7200.0,0.0,1,0,0.0,0.0005319059485796735,0.0,0.0,0.0,0,1,1,0,False,0.0,1,1
100000001550388100,peripheral,0.7,2,0.2787,получил 50 000 ₸ (1 перев.) и дальше не переводил; сумма мала для роли,1,False,False,1,0,50000.0,0.0,1,0,0.0,0.0002949519153763026,0.0,0.0021516815362503513,0.0,1,1,7,0,False,0.0,1,1
100000004629688100,transit,0.35,15,0.2785,отдал 15 000 ₸ при видимых входящих 5 000 ₸ — есть поступления вне выгрузки,3,False,False,1,1,5000.0,15000.0,1,2,3.0,0.00038797258449924294,1.5429536631932864e-05,9.023756758629543e-290,0.0,0,0,7,1,False,0.0,1,3
100000001311175100,peripheral,0.3,13,0.2783,"4-е колено: получил 300 000 ₸ от 1 плательщ.; исходящие не выгружались (обрыв обхода), нужна доп. выгрузка",4,False,True,1,0,300000.0,0.0,1,0,0.0,0.0005315144876960898,0.0,0.0,0.0,0,0,2,0,False,0.0,1,1
100000005834479100,transit,0.364,7,0.2782,"получил 7 500 ₸, отдал дальше 193% полученного (2 получ.)",2,False,False,1,2,7500.0,14470.0,1,2,1.9293333333333333,0.00028675165047446034,0.0027141374993078287,0.0001421681899391104,1.9811752130374257e-06,0,1,7,0,False,0.0,1,3
100000008304115100,peripheral,0.7,12,0.2778,получил 51 000 ₸ (1 перев.) и дальше не переводил; сумма мала для роли,1,False,False,1,0,51000.0,0.0,1,0,0.0,0.00029403300196076604,0.0,1.0100033243240566e-05,0.0,1,1,1,0,False,0.0,1,1
100000002938501100,transit,0.469,4,0.2776,"получил 8 395 ₸, отдал дальше 60% полученного (1 получ.)",1,False,False,1,1,8395.0,5000.0,1,1,0.5955926146515783,0.00028647190827664715,1.1976941847380582e-06,0.0002952416008836587,1.7943915472918004e-05,1,1,7,0,False,0.0,1,2
100000001418900100,peripheral,0.7,1,0.2773,получил 40 140 ₸ (2 перев.) и дальше не переводил; сумма мала для роли,2,False,False,1,0,40140.0,0.0,2,0,0.0,0.00029920233586476936,0.0,7.619950610759462e-13,0.0,0,1,1,0,False,0.0,1,2
100000007865484100,peripheral,0.3,41,0.2771,"4-е колено: получил 584 600 ₸ от 1 плательщ.; исходящие не выгружались (обрыв обхода), нужна доп. выгрузка",4,False,True,1,0,584600.0,0.0,2,0,0.0,0.00036618616723092773,0.0,3.8798761239758137e-256,0.0,0,0,7,0,False,0.0,1,2
100000004722630100,peripheral,0.3,54,0.2769,"4-е колено: получил 340 000 ₸ от 1 плательщ.; исходящие не выгружались (обрыв обхода), нужна доп. выгрузка",4,False,True,1,0,340000.0,0.0,2,0,0.0,0.0004921869960127064,0.0,0.0,0.0,0,0,7,0,False,0.0,1,2
100000004269433100,transit,0.45,15,0.2768,seed: отправил 1 372 000 ₸ 1 получ.; входящие вне выгрузки — роль по исходящим,0,True,False,0,1,0.0,1372000.0,0,67,-1.0,0.0002855692942172909,0.0,0.0,0.0,0,0,0,0,False,0.0,0,16
100000000507799100,transit,0.438,43,0.2767,"получил 5 132 ₸, отдал дальше 156% полученного (1 получ.)",1,False,False,1,1,5132.0,8000.0,1,1,1.558846453624318,0.0002861210768679897,4.80549224039712e-303,0.0002952416008836587,0.00011532146750728487,1,1,7,0,False,0.0,1,2
100000005961971100,peripheral,0.7,1,0.2765,получил 47 353 ₸ (1 перев.) и дальше не переводил; сумма мала для роли,1,False,False,1,0,47353.0,0.0,1,0,0.0,0.00029550813424883264,0.0,5.95500058530398e-11,0.0,1,1,1,0,False,0.0,1,1
100000008749618100,peripheral,0.7,1,0.2763,получил 47 280 ₸ (1 перев.) и дальше не переводил; сумма мала для роли,1,False,False,1,0,47280.0,0.0,1,0,0.0,0.00029549281240391677,0.0,5.95500058530398e-11,0.0,1,1,1,0,False,0.0,1,1
100000005367284100,transit,0.35,2,0.2762,отдал 48 300 ₸ при видимых входящих 13 700 ₸ — есть поступления вне выгрузки; 28% суммы ушло за ≤2 дня после поступления,3,False,False,1,2,13700.0,48300.0,1,5,3.5255474452554743,0.00028914323405377366,0.0,0.001137907385155322,3.844048916909496e-05,0,0,7,0,False,0.2836438923395445,1,5
100000002613929100,peripheral,0.7,9,0.2761,получил 28 560 ₸ (1 перев.) и дальше не переводил; сумма мала для роли,3,False,False,1,0,28560.0,0.0,1,0,0.0,0.0007809340979896417,0.0,0.0,0.0,0,0,8,0,False,0.0,1,1
100000004687282100,peripheral,0.7,4,0.2761,получил 20 000 ₸ (1 перев.) и дальше не переводил; сумма мала для роли,2,False,False,1,0,20000.0,0.0,1,0,0.0,0.0003322717689149048,0.0,7.33291794314557e-257,0.0,0,1,7,0,False,0.0,1,1
100000000611474100,peripheral,0.7,23,0.276,получил 32 000 ₸ (1 перев.) и дальше не переводил; сумма мала для роли,3,False,False,1,0,32000.0,0.0,1,0,0.0,0.0005956216679556007,0.0,0.0,0.0,0,0,7,0,False,0.0,1,1
100000008768896100,peripheral,0.7,1,0.2758,получил 47 060 ₸ (1 перев.) и дальше не переводил; сумма мала для роли,1,False,False,1,0,47060.0,0.0,1,0,0.0,0.0002954466369808825,0.0,5.95500058530398e-11,0.0,1,1,1,0,False,0.0,1,1
100000008745725100,peripheral,0.7,1,0.2758,получил 47 060 ₸ (1 перев.) и дальше не переводил; сумма мала для роли,1,False,False,1,0,47060.0,0.0,1,0,0.0,0.0002954466369808825,0.0,5.95500058530398e-11,0.0,1,1,1,0,False,0.0,1,1
100000001805543100,peripheral,0.7,4,0.2758,получил 59 000 ₸ (1 перев.) и дальше не переводил; сумма мала для роли,1,False,False,1,0,59000.0,0.0,1,0,0.0,0.0002919128593753634,0.0,0.0002952416008836587,0.0,1,1,7,0,False,0.0,1,1
100000005272139100,peripheral,0.3,4,0.2754,"4-е колено: получил 165 000 ₸ от 1 плательщ.; исходящие не выгружались (обрыв обхода), нужна доп. выгрузка",4,False,True,1,0,165000.0,0.0,1,0,0.0,0.0007555290963517883,0.0,0.0,0.0,0,0,7,0,False,0.0,1,1
100000006523053100,peripheral,0.7,3,0.2751,получил 5 000 ₸ (1 перев.) и дальше не переводил; сумма мала для роли,2,False,False,1,0,5000.0,0.0,1,0,0.0,0.0005386541417252824,0.0,0.0,0.0,0,1,10,0,False,0.0,1,1
100000008757369100,transit,0.35,2,0.2748,отдал 58 398 ₸ при видимых входящих 25 961 ₸ — есть поступления вне выгрузки; 90% суммы ушло за ≤2 дня после поступления,3,False,False,1,1,25961.0,58398.0,1,3,2.249451099726513,0.0002878715741932152,0.0,0.0011319383959652314,1.922024458454748e-05,0,0,7,0,False,0.8989691427788623,1,3
100000005022964100,peripheral,0.7,3,0.2739,получил 20 000 ₸ (1 перев.) и дальше не переводил; сумма мала для роли,2,False,False,1,0,20000.0,0.0,1,0,0.0,0.0003273647858899897,0.0,0.0,0.0,0,1,10,0,False,0.0,1,1
100000001339466100,peripheral,0.7,3,0.2736,получил 30 000 ₸ (1 перев.) и дальше не переводил; сумма мала для роли,2,False,False,1,0,30000.0,0.0,1,0,0.0,0.0003039018745217943,0.0,0.0001427672909306537,0.0,0,1,9,0,False,0.0,1,1
100000002750956100,peripheral,0.7,2,0.2736,получил 47 416 ₸ (1 перев.) и дальше не переводил; сумма мала для роли,1,False,False,1,0,47416.0,0.0,1,0,0.0,0.00029446702151480483,0.0,0.0021516815362503513,0.0,1,1,7,0,False,0.0,1,1
100000005711521100,peripheral,0.3,11,0.2735,"4-е колено: получил 238 000 ₸ от 1 плательщ.; исходящие не выгружались (обрыв обхода), нужна доп. выгрузка",4,False,True,1,0,238000.0,0.0,1,0,0.0,0.0005338432844113278,0.0,0.0,0.0,0,0,7,0,False,0.0,1,1
100000001378288100,peripheral,0.3,7,0.2733,"4-е колено: получил 268 000 ₸ от 1 плательщ.; исходящие не выгружались (обрыв обхода), нужна доп. выгрузка",4,False,True,1,0,268000.0,0.0,3,0,0.0,0.0005234508868762802,0.0,0.0,0.0,0,0,7,0,False,0.0,1,3
100000002621915100,peripheral,0.7,4,0.2722,получил 5 000 ₸ (1 перев.) и дальше не переводил; сумма мала для роли,2,False,False,1,0,5000.0,0.0,1,0,0.0,0.000532039201173054,0.0,0.0,0.0,0,1,7,0,False,0.0,1,1
100000008486520100,peripheral,0.5,4,0.2722,"получил 35 720 ₸, отдал дальше 39% полученного; ни сбора, ни веера, ни чистого транзита",1,False,False,1,1,35720.0,14000.0,2,1,0.3919372900335946,0.00028940983908926294,0.0,0.0002952416008836587,1.922024458454748e-05,1,1,7,0,False,0.0,1,2
100000002836052100,peripheral,0.7,3,0.2722,получил 15 000 ₸ (1 перев.) и дальше не переводил; сумма мала для роли,2,False,False,1,0,15000.0,0.0,1,0,0.0,0.0003056660501463524,0.0,1.862578378996418e-253,0.0,0,2,11,0,False,0.0,1,1
100000001223977100,transit,0.35,53,0.2721,отдал 18 000 ₸ при видимых входящих 5 000 ₸ — есть поступления вне выгрузки,3,False,False,1,1,5000.0,18000.0,1,1,3.6,0.00030554127989763816,0.0,0.0,2.4173915869224665e-05,0,0,10,0,False,0.0,1,2
100000008071620100,peripheral,0.7,2,0.2719,получил 46 968 ₸ (1 перев.) и дальше не переводил; сумма мала для роли,1,False,False,1,0,46968.0,0.0,1,0,0.0,0.0002943829532292201,0.0,0.0021516815362503513,0.0,1,1,7,0,False,0.0,1,1
100000004340038100,transit,0.35,11,0.2718,отдал 49 000 ₸ при видимых входящих 9 978 ₸ — есть поступления вне выгрузки,3,False,False,1,1,9978.0,49000.0,1,1,4.910803768290238,0.0002892629212543268,0.0,0.00025946007686321234,1.922024458454748e-05,0,0,7,0,False,0.0,1,2
100000008376785100,peripheral,0.3,6,0.2716,"4-е колено: получил 234 250 ₸ от 1 плательщ.; исходящие не выгружались (обрыв обхода), нужна доп. выгрузка",4,False,True,1,0,234250.0,0.0,2,0,0.0,0.0005318070054641103,0.0,0.0,0.0,0,0,7,0,False,0.0,1,2
100000000926078100,peripheral,0.3,7,0.2713,"4-е колено: получил 250 000 ₸ от 1 плательщ.; исходящие не выгружались (обрыв обхода), нужна доп. выгрузка",4,False,True,1,0,250000.0,0.0,1,0,0.0,0.0005165635899862601,0.0,0.0,0.0,0,0,7,0,False,0.0,1,1
100000002194320100,peripheral,0.3,60,0.2711,"4-е колено: получил 275 000 ₸ от 1 плательщ.; исходящие не выгружались (обрыв обхода), нужна доп. выгрузка",4,False,True,1,0,275000.0,0.0,1,0,0.0,0.00048656793463182596,0.0,0.0,0.0,0,0,7,0,False,0.0,1,1
100000005454368100,terminal,0.61,11,0.2708,"получил 48 600 ₸ от 2 плательщ. (2 переводов), дальше ничего (колено 0, исходящие выгружены — обрыва нет)",0,True,False,2,0,48600.0,0.0,2,0,0.0,0.000394192963208194,0.0,5.071743635436099e-06,0.0,0,0,7,0,False,0.0,1,2
100000008744849100,peripheral,0.7,1,0.2704,получил 44 445 ₸ (1 перев.) и дальше не переводил; сумма мала для роли,1,False,False,1,0,44445.0,0.0,1,0,0.0,0.00029489777911163493,0.0,5.95500058530398e-11,0.0,1,1,1,0,False,0.0,1,1
100000004254434100,peripheral,0.7,1,0.2704,получил 44 445 ₸ (2 перев.) и дальше не переводил; сумма мала для роли,1,False,False,1,0,44445.0,0.0,2,0,0.0,0.00029489777911163493,0.0,5.95500058530398e-11,0.0,1,1,1,0,False,0.0,1,1
100000000978041100,peripheral,0.7,1,0.2704,получил 44 445 ₸ (1 перев.) и дальше не переводил; сумма мала для роли,1,False,False,1,0,44445.0,0.0,1,0,0.0,0.00029489777911163493,0.0,5.95500058530398e-11,0.0,1,1,1,0,False,0.0,1,1
100000008136608100,peripheral,0.3,9,0.2698,"4-е колено: получил 170 000 ₸ от 1 плательщ.; исходящие не выгружались (обрыв обхода), нужна доп. выгрузка",4,False,True,1,0,170000.0,0.0,1,0,0.0,0.0005643778935793362,0.0,0.0,0.0,0,0,7,0,False,0.0,1,1
100000007289427100,peripheral,0.7,3,0.2697,получил 12 300 ₸ (1 перев.) и дальше не переводил; сумма мала для роли,2,False,False,1,0,12300.0,0.0,1,0,0.0,0.0003736269529532968,0.0,1.148544469993621e-281,0.0,0,1,1,0,False,0.0,1,1
100000002613776100,peripheral,0.7,3,0.2696,получил 30 000 ₸ (2 перев.) и дальше не переводил; сумма мала для роли,2,False,False,1,0,30000.0,0.0,2,0,0.0,0.00030148630332664647,0.0,0.00015948067689100677,0.0,0,1,7,0,False,0.0,1,2
100000007793871100,peripheral,0.7,10,0.269,получил 26 000 ₸ (3 перев.) и дальше не переводил; сумма мала для роли,3,False,False,1,0,26000.0,0.0,3,0,0.0,0.0006872267875117613,0.0,0.0,0.0,0,0,8,0,False,0.0,1,3
100000008782800100,peripheral,0.7,1,0.269,получил 43 381 ₸ (1 перев.) и дальше не переводил; сумма мала для роли,1,False,False,1,0,43381.0,0.0,1,0,0.0,0.0002946744579747786,0.0,5.95500058530398e-11,0.0,1,1,1,0,False,0.0,1,1
100000008661585100,peripheral,0.7,1,0.2686,получил 43 141 ₸ (1 перев.) и дальше не переводил; сумма мала для роли,1,False,False,1,0,43141.0,0.0,1,0,0.0,0.00029462408478601393,0.0,5.95500058530398e-11,0.0,1,1,1,0,False,0.0,1,1
100000008717375100,peripheral,0.7,3,0.2685,получил 29 506 ₸ (1 перев.) и дальше не переводил; сумма мала для роли,2,False,False,1,0,29506.0,0.0,1,0,0.0,0.0003017749691235294,0.0,2.8321519604650354e-232,0.0,0,1,8,0,False,0.0,1,1
100000001164648100,terminal,0.603,18,0.2684,"получил 13 660 ₸ от 2 плательщ. (2 переводов), дальше ничего (колено 1, исходящие выгружены — обрыва нет)",1,False,False,2,0,13660.0,0.0,2,0,0.0,0.00029014259597535177,0.0,0.00029892898267485393,0.0,1,1,7,0,False,0.0,1,2
100000002214383100,peripheral,0.3,1,0.2684,"4-е колено: получил 213 000 ₸ от 1 плательщ.; исходящие не выгружались (обрыв обхода), нужна доп. выгрузка",4,False,True,1,0,213000.0,0.0,1,0,0.0,0.0005308718022156257,0.0,0.0,0.0,0,0,1,0,False,0.0,1,1
100000002173070100,peripheral,0.7,4,0.2683,получил 30 000 ₸ (1 перев.) и дальше не переводил; сумма мала для роли,2,False,False,1,0,30000.0,0.0,1,0,0.0,0.00029053829816639534,0.0,4.0407558618990766e-06,0.0,0,2,7,0,False,0.0,1,1
100000001578517100,peripheral,0.7,4,0.2683,получил 30 000 ₸ (1 перев.) и дальше не переводил; сумма мала для роли,2,False,False,1,0,30000.0,0.0,1,0,0.0,0.00029053829816639534,0.0,4.0407558618990766e-06,0.0,0,2,7,0,False,0.0,1,1
100000008776298100,peripheral,0.7,1,0.2682,получил 42 800 ₸ (1 перев.) и дальше не переводил; сумма мала для роли,1,False,False,1,0,42800.0,0.0,1,0,0.0,0.00029455251288031093,0.0,5.95500058530398e-11,0.0,1,1,1,0,False,0.0,1,1
100000008502995100,peripheral,0.7,2,0.2681,получил 25 000 ₸ (2 перев.) и дальше не переводил; сумма мала для роли,3,False,False,1,0,25000.0,0.0,2,0,0.0,0.0007270949451502088,0.0,1.748302015801486e-05,0.0,0,0,7,0,False,0.0,1,2
100000003039473100,peripheral,0.7,4,0.2679,получил 23 000 ₸ (1 перев.) и дальше не переводил; сумма мала для роли,2,False,False,1,0,23000.0,0.0,1,0,0.0,0.0003122138956605188,0.0,0.0,0.0,0,1,7,0,False,0.0,1,1
100000008619159100,peripheral,0.3,65,0.2679,"4-е колено: получил 446 400 ₸ от 1 плательщ.; исходящие не выгружались (обрыв обхода), нужна доп. выгрузка",4,False,True,1,0,446400.0,0.0,2,0,0.0,0.00035658738939848845,0.0,0.0,0.0,0,0,7,0,False,0.0,1,1
100000002214664100,transit,0.35,1,0.2678,отдал 76 950 ₸ при видимых входящих 7 950 ₸ — есть поступления вне выгрузки; 100% суммы ушло за ≤2 дня после поступления,3,False,False,1,1,7950.0,76950.0,1,2,9.679245283018869,0.0002868101125617946,0.0,3.0588951023382876e-10,1.387027959709612e-06,0,0,1,0,False,1.0,1,1
100000005237935150,peripheral,0.7,13,0.2678,получил 34 508 ₸ (1 перев.) и дальше не переводил; сумма мала для роли,2,False,False,1,0,34508.0,0.0,1,0,0.0,0.0002979773495560411,0.0,4.0882452251176484e-08,0.0,0,1,1,0,False,0.0,1,1
100000002983426100,peripheral,0.7,9,0.2677,получил 88 945 ₸ (1 перев.) и дальше не переводил; сумма мала для роли,3,False,False,1,0,88945.0,0.0,1,0,0.0,0.0003187086222678441,0.0,6.407022137400362e-07,0.0,0,0,7,0,False,0.0,1,1
100000005032294100,peripheral,0.7,14,0.2676,получил 10 000 ₸ (1 перев.) и дальше не переводил; сумма мала для роли,2,False,False,1,0,10000.0,0.0,1,0,0.0,0.00039238727982301855,0.0,9.023756758629543e-290,0.0,0,1,8,0,False,0.0,1,1
100000004456564100,peripheral,0.7,14,0.2676,получил 10 000 ₸ (2 перев.) и дальше не переводил; сумма мала для роли,2,False,False,1,0,10000.0,0.0,2,0,0.0,0.00039238727982301855,0.0,9.023756758629543e-290,0.0,0,1,8,0,False,0.0,1,2
100000005669845100,peripheral,0.7,30,0.2673,получил 20 000 ₸ (1 перев.) и дальше не переводил; сумма мала для роли,1,False,False,1,0,20000.0,0.0,1,0,0.0,0.0003175358448925586,0.0,2.6231749817115585e-266,0.0,1,1,1,0,False,0.0,1,1
100000003664994100,peripheral,0.3,40,0.2671,"4-е колено: получил 338 271 ₸ от 1 плательщ.; исходящие не выгружались (обрыв обхода), нужна доп. выгрузка",4,False,True,1,0,338271.0,0.0,2,0,0.0,0.0003911208228878406,0.0,1.207235573201223e-06,0.0,0,0,7,0,False,0.0,1,2
100000006308406100,peripheral,0.3,22,0.267,"4-е колено: получил 183 000 ₸ от 1 плательщ.; исходящие не выгружались (обрыв обхода), нужна доп. выгрузка",4,False,True,1,0,183000.0,0.0,2,0,0.0,0.0005393608128932442,0.0,2.3749511394193016e-243,0.0,0,0,7,0,False,0.0,1,2
100000004610802100,peripheral,0.3,59,0.267,"4-е колено: получил 241 000 ₸ от 1 плательщ.; исходящие не выгружались (обрыв обхода), нужна доп. выгрузка",4,False,True,1,0,241000.0,0.0,18,0,0.0,0.00047395222486411233,0.0,1.23619985386e-313,0.0,0,0,7,0,False,0.0,1,14
100000001724740100,peripheral,0.3,5,0.2664,"4-е колено: получил 185 000 ₸ от 1 плательщ.; исходящие не выгружались (обрыв обхода), нужна доп. выгрузка",4,False,True,1,0,185000.0,0.0,4,0,0.0,0.0005364804152149869,0.0,0.0,0.0,0,0,9,0,False,0.0,1,2
100000008717340100,peripheral,0.7,1,0.2662,получил 41 500 ₸ (1 перев.) и дальше не переводил; сумма мала для роли,1,False,False,1,0,41500.0,0.0,1,0,0.0,0.000294279658107836,0.0,5.95500058530398e-11,0.0,1,1,1,0,False,0.0,1,1
100000008193258100,peripheral,0.5,16,0.2661,"получил 75 000 ₸, отдал дальше 40% полученного; ни сбора, ни веера, ни чистого транзита",3,False,False,1,1,75000.0,30000.0,2,1,0.4,0.00029737422274379974,0.0,0.000233344615948652,1.922024458454748e-05,0,0,7,0,False,0.0,1,3
100000008383405100,peripheral,0.7,24,0.2661,получил 25 000 ₸ (2 перев.) и дальше не переводил; сумма мала для роли,1,False,False,1,0,25000.0,0.0,2,0,0.0,0.0003060252661737654,0.0,1.23619985386e-313,0.0,1,1,1,0,False,0.0,1,2
100000002703376100,peripheral,0.7,2,0.266,получил 46 501 ₸ (1 перев.) и дальше не переводил; сумма мала для роли,2,False,False,1,0,46501.0,0.0,1,0,0.0,0.00029280302788279564,0.0,5.172134115335331e-05,0.0,0,1,7,0,False,0.0,1,1
100000007511780100,peripheral,0.3,7,0.2659,"4-е колено: получил 155 000 ₸ от 1 плательщ.; исходящие не выгружались (обрыв обхода), нужна доп. выгрузка",4,False,True,1,0,155000.0,0.0,2,0,0.0,0.0005577703986813199,0.0,1.9156428371476834e-06,0.0,0,0,7,0,False,0.0,1,2
100000008168850100,peripheral,0.3,6,0.2657,"4-е колено: получил 187 910 ₸ от 1 плательщ.; исходящие не выгружались (обрыв обхода), нужна доп. выгрузка",4,False,True,1,0,187910.0,0.0,2,0,0.0,0.0005330795799856522,0.0,0.0,0.0,0,0,7,0,False,0.0,1,2
100000007930878100,peripheral,0.7,45,0.2655,получил 5 000 ₸ (1 перев.) и дальше не переводил; сумма мала для роли,2,False,False,1,0,5000.0,0.0,1,0,0.0,0.00048363772579278913,0.0,1.23619985386e-313,0.0,0,1,1,0,False,0.0,1,1
100000002028158100,peripheral,0.7,15,0.2655,получил 34 800 ₸ (1 перев.) и дальше не переводил; сумма мала для роли,2,False,False,1,0,34800.0,0.0,1,0,0.0,0.00029664059842346733,0.0,3.5676348106616587e-05,0.0,0,1,7,0,False,0.0,1,1
100000008745474100,peripheral,0.7,1,0.2653,получил 40 559 ₸ (1 перев.) и дальше не переводил; сумма мала для роли,1,False,False,1,0,40559.0,0.0,1,0,0.0,0.0002940821532302215,0.0,5.95500058530398e-11,0.0,1,1,1,0,False,0.0,1,1
100000002182176100,peripheral,0.7,2,0.2645,получил 42 465 ₸ (1 перев.) и дальше не переводил; сумма мала для роли,1,False,False,1,0,42465.0,0.0,1,0,0.0,0.0002935379543676395,0.0,0.0021516815362503513,0.0,1,1,7,0,False,0.0,1,1
100000001046057100,peripheral,0.7,5,0.2645,получил 83 420 ₸ (1 перев.) и дальше не переводил; сумма мала для роли,3,False,False,1,0,83420.0,0.0,1,0,0.0,0.00031851488108134123,0.0,4.867829327536486e-08,0.0,0,0,7,0,False,0.0,1,1
100000002926970100,peripheral,0.7,9,0.2644,получил 85 000 ₸ (1 перев.) и дальше не переводил; сумма мала для роли,3,False,False,1,0,85000.0,0.0,1,0,0.0,0.0003172387852993868,0.0,6.407022137400362e-07,0.0,0,0,7,0,False,0.0,1,1
100000000561160100,peripheral,0.3,3,0.2643,"4-е колено: получил 240 000 ₸ от 1 плательщ.; исходящие не выгружались (обрыв обхода), нужна доп. выгрузка",4,False,True,1,0,240000.0,0.0,1,0,0.0,0.00043625462329844033,0.0,1.1987358305559333e-05,0.0,0,0,7,0,False,0.0,1,1
100000003696422100,peripheral,0.3,32,0.2643,"4-е колено: получил 118 000 ₸ от 1 плательщ.; исходящие не выгружались (обрыв обхода), нужна доп. выгрузка",4,False,True,1,0,118000.0,0.0,2,0,0.0,0.0007085171420194981,0.0,1.7229296300670405e-295,0.0,0,0,7,0,False,0.0,1,2
100000006369769100,peripheral,0.7,1,0.2638,получил 40 000 ₸ (1 перев.) и дальше не переводил; сумма мала для роли,1,False,False,1,0,40000.0,0.0,1,0,0.0,0.00029396482567805725,0.0,5.95500058530398e-11,0.0,1,1,1,0,False,0.0,1,1
100000004959752100,peripheral,0.7,3,0.2633,получил 22 200 ₸ (1 перев.) и дальше не переводил; сумма мала для роли,3,False,False,1,0,22200.0,0.0,1,0,0.0,0.0007848703238285036,0.0,0.0,0.0,0,0,11,0,False,0.0,1,1
100000008221765100,peripheral,0.3,6,0.2632,"4-е колено: получил 156 354 ₸ от 1 плательщ.; исходящие не выгружались (обрыв обхода), нужна доп. выгрузка",4,False,True,1,0,156354.0,0.0,1,0,0.0,0.0005404417175185718,0.0,0.0,0.0,0,0,7,0,False,0.0,1,1
100000002844652100,peripheral,0.7,8,0.2632,получил 61 360 ₸ (1 перев.) и дальше не переводил; сумма мала для роли,1,False,False,1,0,61360.0,0.0,1,0,0.0,0.0002890878139870397,0.0,4.341414826156218e-06,0.0,1,1,1,0,False,0.0,1,1
100000004200745100,peripheral,0.3,12,0.263,"4-е колено: получил 130 000 ₸ от 1 плательщ.; исходящие не выгружались (обрыв обхода), нужна доп. выгрузка",4,False,True,1,0,130000.0,0.0,4,0,0.0,0.0006010148962169087,0.0,9.023756758629543e-290,0.0,0,0,9,0,False,0.0,1,4
100000007938486100,peripheral,0.7,1,0.2628,получил 39 500 ₸ (1 перев.) и дальше не переводил; сумма мала для роли,1,False,False,1,0,39500.0,0.0,1,0,0.0,0.00029385988153479773,0.0,5.95500058530398e-11,0.0,1,1,1,0,False,0.0,1,1
100000008551752100,peripheral,0.3,41,0.2624,"4-е колено: получил 406 000 ₸ от 1 плательщ.; исходящие не выгружались (обрыв обхода), нужна доп. выгрузка",4,False,True,1,0,406000.0,0.0,2,0,0.0,0.0003415570643909764,0.0,3.8798761239758137e-256,0.0,0,0,7,0,False,0.0,1,2
100000008735384100,peripheral,0.7,1,0.2623,получил 39 220 ₸ (1 перев.) и дальше не переводил; сумма мала для роли,1,False,False,1,0,39220.0,0.0,1,0,0.0,0.00029380111281457236,0.0,5.95500058530398e-11,0.0,1,1,1,0,False,0.0,1,1
100000005754335100,peripheral,0.7,40,0.2623,получил 44 037 ₸ (1 перев.) и дальше не переводил; сумма мала для роли,3,False,False,1,0,44037.0,0.0,1,0,0.0,0.00040462407841393883,0.0,2.4284365594566553e-05,0.0,0,0,7,0,False,0.0,1,1
100000008436257100,terminal,0.607,16,0.2621,"получил 35 000 ₸ от 2 плательщ. (2 переводов), дальше ничего (колено 3, исходящие выгружены — обрыва нет)",3,False,False,2,0,35000.0,0.0,2,0,0.0,0.0002945798149854981,0.0,0.00025203680321420047,0.0,0,0,7,0,False,0.0,2,1
100000008771819100,peripheral,0.7,1,0.2618,получил 38 900 ₸ (1 перев.) и дальше не переводил; сумма мала для роли,1,False,False,1,0,38900.0,0.0,1,0,0.0,0.00029373394856288624,0.0,5.95500058530398e-11,0.0,1,1,1,0,False,0.0,1,1
100000008722541100,peripheral,0.3,6,0.2612,"4-е колено: получил 280 000 ₸ от 1 плательщ.; исходящие не выгружались (обрыв обхода), нужна доп. выгрузка",4,False,True,1,0,280000.0,0.0,4,0,0.0,0.000383638105897556,0.0,1.23619985386e-313,0.0,0,0,7,0,False,0.0,1,4
100000008333492100,peripheral,0.3,48,0.2611,"4-е колено: получил 216 400 ₸ от 1 плательщ.; исходящие не выгружались (обрыв обхода), нужна доп. выгрузка",4,False,True,1,0,216400.0,0.0,1,0,0.0,0.00043801085615694494,0.0,4.9968235834670635e-298,0.0,0,0,9,0,False,0.0,1,1
100000001307612100,peripheral,0.7,1,0.261,получил 38 483 ₸ (1 перев.) и дальше не переводил; сумма мала для роли,1,False,False,1,0,38483.0,0.0,1,0,0.0,0.00029364642514740773,0.0,5.95500058530398e-11,0.0,1,1,1,0,False,0.0,1,1
100000004388983100,transit,0.45,61,0.2604,seed: отправил 450 816 ₸ 2 получ.; входящие вне выгрузки — роль по исходящим,0,True,False,0,2,0.0,450816.0,0,23,-1.0,0.0002855692942172909,0.0,0.0,0.0,0,0,0,0,False,0.0,0,5
100000001957974100,peripheral,0.3,14,0.2603,"4-е колено: получил 500 000 ₸ от 1 плательщ.; исходящие не выгружались (обрыв обхода), нужна доп. выгрузка",4,False,True,1,0,500000.0,0.0,1,0,0.0,0.00032013746769043517,0.0,5.9204628229038967e-08,0.0,0,0,7,0,False,0.0,1,1
100000008762728100,peripheral,0.7,4,0.2602,получил 17 026 ₸ (1 перев.) и дальше не переводил; сумма мала для роли,2,False,False,1,0,17026.0,0.0,1,0,0.0,0.00031770106594377663,0.0,1.7907846980216076e-06,0.0,0,1,7,0,False,0.0,1,1
100000007982908100,peripheral,0.7,1,0.26,получил 31 080 ₸ (1 перев.) и дальше не переводил; сумма мала для роли,2,False,False,1,0,31080.0,0.0,1,0,0.0,0.0002961252218307346,0.0,7.619950610759462e-13,0.0,0,1,1,0,False,0.0,1,1
100000000803368100,peripheral,0.3,14,0.2595,"4-е колено: получил 139 503 ₸ от 1 плательщ.; исходящие не выгружались (обрыв обхода), нужна доп. выгрузка",4,False,True,1,0,139503.0,0.0,1,0,0.0,0.0005481144591336169,0.0,1.9677001758946957e-07,0.0,0,0,7,0,False,0.0,1,1
100000001130176100,peripheral,0.7,2,0.2595,получил 25 000 ₸ (2 перев.) и дальше не переводил; сумма мала для роли,3,False,False,1,0,25000.0,0.0,2,0,0.0,0.0005580456003895466,0.0,0.0,0.0,0,0,7,0,False,0.0,1,2
100000008686234100,peripheral,0.7,2,0.2595,получил 39 778 ₸ (1 перев.) и дальше не переводил; сумма мала для роли,1,False,False,1,0,39778.0,0.0,1,0,0.0,0.0002930337323065542,0.0,0.0021516815362503513,0.0,1,1,7,0,False,0.0,1,1
100000002952631100,peripheral,0.7,4,0.2594,получил 48 050 ₸ (1 перев.) и дальше не переводил; сумма мала для роли,1,False,False,1,0,48050.0,0.0,1,0,0.0,0.00029073553668924657,0.0,0.0002952416008836587,0.0,1,1,7,0,False,0.0,1,1
100000001262647100,peripheral,0.7,15,0.2594,получил 23 650 ₸ (1 перев.) и дальше не переводил; сумма мала для роли,2,False,False,1,0,23650.0,0.0,1,0,0.0,0.00030339197249201576,0.0,9.023756758629543e-290,0.0,0,1,7,0,False,0.0,1,1
100000008687671100,peripheral,0.7,1,0.2592,получил 37 500 ₸ (1 перев.) и дальше не переводил; сумма мала для роли,1,False,False,1,0,37500.0,0.0,1,0,0.0,0.0002934401049617594,0.0,5.95500058530398e-11,0.0,1,1,1,0,False,0.0,1,1
100000008664469100,peripheral,0.7,3,0.259,получил 25 000 ₸ (1 перев.) и дальше не переводил; сумма мала для роли,1,False,False,1,0,25000.0,0.0,1,0,0.0,0.0002905752050613446,0.0,0.0004611679456476809,0.0,1,2,10,0,False,0.0,1,1
100000002952756100,peripheral,0.7,10,0.2589,получил 47 000 ₸ (1 перев.) и дальше не переводил; сумма мала для роли,3,False,False,1,0,47000.0,0.0,1,0,0.0,0.0003677090010006242,0.0,2.463136707888565e-07,0.0,0,0,1,0,False,0.0,1,1
100000003199390100,peripheral,0.3,6,0.2587,"4-е колено: получил 260 000 ₸ от 1 плательщ.; исходящие не выгружались (обрыв обхода), нужна доп. выгрузка",4,False,True,1,0,260000.0,0.0,1,0,0.0,0.0003766331907775371,0.0,1.23619985386e-313,0.0,0,0,7,0,False,0.0,1,1
100000002611334100,peripheral,0.5,2,0.2586,"получил 48 288 ₸, отдал дальше 32% полученного; ни сбора, ни веера, ни чистого транзита",3,False,False,1,1,48288.0,15500.0,1,1,0.3209907223326706,0.0003053380307806398,0.0,0.0006428156575478821,1.922024458454748e-05,0,0,7,0,False,0.0,1,2
100000006679055100,peripheral,0.7,3,0.2586,получил 25 000 ₸ (1 перев.) и дальше не переводил; сумма мала для роли,2,False,False,1,0,25000.0,0.0,1,0,0.0,0.0003008464444710437,0.0,0.0001427672909306537,0.0,0,1,9,0,False,0.0,1,1
100000005326681100,peripheral,0.7,15,0.2585,получил 31 228 ₸ (1 перев.) и дальше не переводил; сумма мала для роли,2,False,False,1,0,31228.0,0.0,1,0,0.0,0.0002955041990377069,0.0,3.5676348106616587e-05,0.0,0,1,7,0,False,0.0,1,1
100000003128638100,peripheral,0.3,5,0.2585,"4-е колено: получил 300 000 ₸ от 1 плательщ.; исходящие не выгружались (обрыв обхода), нужна доп. выгрузка",4,False,True,1,0,300000.0,0.0,1,0,0.0,0.0003581872469239982,0.0,3.090697396070124e-08,0.0,0,0,8,0,False,0.0,1,1
100000002211413100,peripheral,0.7,1,0.2582,получил 37 000 ₸ (1 перев.) и дальше не переводил; сумма мала для роли,1,False,False,1,0,37000.0,0.0,1,0,0.0,0.00029333516081849983,0.0,5.95500058530398e-11,0.0,1,1,1,0,False,0.0,1,1
100000000560751100,peripheral,0.7,11,0.2582,получил 25 000 ₸ (1 перев.) и дальше не переводил; сумма мала для роли,3,False,False,1,0,25000.0,0.0,1,0,0.0,0.0005524500973404968,0.0,0.0,0.0,0,0,7,0,False,0.0,1,1
100000001954903100,peripheral,0.7,10,0.2582,получил 27 118 ₸ (1 перев.) и дальше не переводил; сумма мала для роли,2,False,False,1,0,27118.0,0.0,1,0,0.0,0.000298489871320388,0.0,2.322813314613868e-05,0.0,0,1,1,0,False,0.0,1,1
100000007071852100,peripheral,0.3,7,0.2582,"4-е колено: получил 195 000 ₸ от 1 плательщ.; исходящие не выгружались (обрыв обхода), нужна доп. выгрузка",4,False,True,1,0,195000.0,0.0,1,0,0.0,0.0004435147927696225,0.0,2.717055020081585e-05,0.0,0,0,7,0,False,0.0,1,1
100000004491749100,peripheral,0.7,8,0.2581,получил 50 000 ₸ (1 перев.) и дальше не переводил; сумма мала для роли,3,False,False,1,0,50000.0,0.0,1,0,0.0,0.0003507948592583566,0.0,1.23619985386e-313,0.0,0,0,1,0,False,0.0,1,1
100000007020162100,peripheral,0.7,14,0.2578,получил 86 395 ₸ (1 перев.) и дальше не переводил; сумма мала для роли,3,False,False,1,0,86395.0,0.0,1,0,0.0,0.0003099889827531998,0.0,2.4413789354590045e-05,0.0,0,0,7,0,False,0.0,1,1
100000008730238100,peripheral,0.3,5,0.2575,"4-е колено: получил 113 000 ₸ от 1 плательщ.; исходящие не выгружались (обрыв обхода), нужна доп. выгрузка",4,False,True,1,0,113000.0,0.0,1,0,0.0,0.0005632359245676687,0.0,0.0,0.0,0,0,8,0,False,0.0,1,1
100000005328215100,peripheral,0.7,10,0.2574,получил 27 000 ₸ (1 перев.) и дальше не переводил; сумма мала для роли,2,False,False,1,0,27000.0,0.0,1,0,0.0,0.00029843364932399574,0.0,2.322813314613868e-05,0.0,0,1,1,0,False,0.0,1,1
100000002214207100,peripheral,0.3,37,0.2573,"4-е колено: получил 97 000 ₸ от 1 плательщ.; исходящие не выгружались (обрыв обхода), нужна доп. выгрузка",4,False,True,1,0,97000.0,0.0,1,0,0.0,0.0006906066279546782,0.0,0.0,0.0,0,0,1,0,False,0.0,1,1
100000004825069100,peripheral,0.7,1,0.2566,получил 30 000 ₸ (4 перев.) и дальше не переводил; сумма мала для роли,2,False,False,1,0,30000.0,0.0,4,0,0.0,0.00029575841353528677,0.0,7.619950610759462e-13,0.0,0,1,1,0,False,0.0,1,3
100000004664515100,peripheral,0.7,2,0.2566,получил 37 691 ₸ (1 перев.) и дальше не переводил; сумма мала для роли,1,False,False,1,0,37691.0,0.0,1,0,0.0,0.0002926421016993771,0.0,0.0021516815362503513,0.0,1,1,7,0,False,0.0,1,1
100000007745062100,peripheral,0.3,12,0.2565,"4-е колено: получил 100 000 ₸ от 1 плательщ.; исходящие не выгружались (обрыв обхода), нужна доп. выгрузка",4,False,True,1,0,100000.0,0.0,1,0,0.0,0.0006252799425245716,0.0,0.0,0.0,0,0,9,0,False,0.0,1,1
100000008190411100,peripheral,0.3,5,0.2564,"4-е колено: получил 198 450 ₸ от 1 плательщ.; исходящие не выгружались (обрыв обхода), нужна доп. выгрузка",4,False,True,1,0,198450.0,0.0,12,0,0.0,0.0004241348636842565,0.0,1.4075358594693281e-08,0.0,0,0,7,0,False,0.0,1,9
100000006557763100,peripheral,0.7,3,0.2564,получил 10 000 ₸ (1 перев.) и дальше не переводил; сумма мала для роли,2,False,False,1,0,10000.0,0.0,1,0,0.0,0.0003471751881752853,0.0,0.0,0.0,0,1,10,0,False,0.0,1,1
100000008741372100,peripheral,0.7,1,0.2562,получил 35 975 ₸ (1 перев.) и дальше не переводил; сумма мала для роли,1,False,False,1,0,35975.0,0.0,1,0,0.0,0.00029312002532481767,0.0,5.95500058530398e-11,0.0,1,1,1,0,False,0.0,1,1
100000005901606100,peripheral,0.7,1,0.2558,получил 35 660 ₸ (1 перев.) и дальше не переводил; сумма мала для роли,1,False,False,1,0,35660.0,0.0,1,0,0.0,0.0002930539105145642,0.0,5.95500058530398e-11,0.0,1,1,1,0,False,0.0,1,1
100000008753193100,peripheral,0.7,1,0.2553,получил 35 225 ₸ (1 перев.) и дальше не переводил; сумма мала для роли,1,False,False,1,0,35225.0,0.0,1,0,0.0,0.0002929626091099283,0.0,5.95500058530398e-11,0.0,1,1,1,0,False,0.0,1,1
100000002214301100,peripheral,0.5,2,0.2546,"получил 21 438 ₸, отдал дальше 37% полученного; ни сбора, ни веера, ни чистого транзита",1,False,False,1,1,21438.0,8000.0,1,1,0.373169138912212,0.00028959218686542876,0.0,0.0021516815362503513,9.610122292273739e-05,1,1,7,0,False,0.0,1,2
100000005730108100,peripheral,0.7,2,0.2546,получил 8 000 ₸ (1 перев.) и дальше не переводил; сумма мала для роли,2,False,False,1,0,8000.0,0.0,1,0,0.0,0.0003586642630336029,0.0,0.0,0.0,0,1,7,0,False,0.0,1,1
100000004192107100,peripheral,0.7,3,0.2545,получил 25 000 ₸ (1 перев.) и дальше не переводил; сумма мала для роли,2,False,False,1,0,25000.0,0.0,1,0,0.0,0.0002993001243079831,0.0,2.8321519604650354e-232,0.0,0,1,8,0,False,0.0,1,1
100000005852946100,peripheral,0.7,3,0.2543,получил 23 746 ₸ (1 перев.) и дальше не переводил; сумма мала для роли,1,False,False,1,0,23746.0,0.0,1,0,0.0,0.00029032410857340684,0.0,0.0004611679456476809,0.0,1,2,10,0,False,0.0,1,1
100000004494983100,peripheral,0.7,1,0.2543,получил 35 000 ₸ (1 перев.) и дальше не переводил; сумма мала для роли,1,False,False,1,0,35000.0,0.0,1,0,0.0,0.0002929153842454615,0.0,5.95500058530398e-11,0.0,1,1,1,0,False,0.0,1,1
100000001246806100,peripheral,0.3,5,0.2543,"4-е колено: получил 130 000 ₸ от 1 плательщ.; исходящие не выгружались (обрыв обхода), нужна доп. выгрузка",4,False,True,1,0,130000.0,0.0,1,0,0.0,0.0005329767614424807,0.0,0.0,0.0,0,0,9,0,False,0.0,1,1
100000008183752100,peripheral,0.3,21,0.2541,"4-е колено: получил 140 000 ₸ от 1 плательщ.; исходящие не выгружались (обрыв обхода), нужна доп. выгрузка",4,False,True,1,0,140000.0,0.0,1,0,0.0,0.0005301890395310136,0.0,0.0,0.0,0,0,8,0,False,0.0,1,1
100000003180305100,peripheral,0.3,2,0.2541,"4-е колено: получил 144 000 ₸ от 1 плательщ.; исходящие не выгружались (обрыв обхода), нужна доп. выгрузка",4,False,True,1,0,144000.0,0.0,1,0,0.0,0.0005280565512084164,0.0,0.0,0.0,0,0,7,0,False,0.0,1,1
100000008219168100,peripheral,0.7,8,0.254,получил 53 200 ₸ (2 перев.) и дальше не переводил; сумма мала для роли,1,False,False,1,0,53200.0,0.0,2,0,0.0,0.0002886199013188332,0.0,4.341414826156218e-06,0.0,1,1,1,0,False,0.0,1,2
100000001639766100,peripheral,0.7,8,0.254,получил 20 000 ₸ (1 перев.) и дальше не переводил; сумма мала для роли,3,False,False,1,0,20000.0,0.0,1,0,0.0,0.0006506628579150655,0.0,1.23619985386e-313,0.0,0,0,1,0,False,0.0,1,1
100000000425407100,peripheral,0.7,3,0.2537,получил 20 000 ₸ (1 перев.) и дальше не переводил; сумма мала для роли,2,False,False,1,0,20000.0,0.0,1,0,0.0,0.00030509459327138135,0.0,7.073756261125728e-05,0.0,0,1,7,0,False,0.0,1,1
100000001110358100,terminal,0.606,2,0.2531,"получил 32 000 ₸ от 2 плательщ. (2 переводов), дальше ничего (колено 3, исходящие выгружены — обрыва нет)",3,False,False,2,0,32000.0,0.0,2,0,0.0,0.00029298593062142844,0.0,0.0013712520011039738,0.0,0,0,7,0,False,0.0,2,1
100000008283183100,peripheral,0.7,1,0.2531,получил 29 000 ₸ (1 перев.) и дальше не переводил; сумма мала для роли,2,False,False,1,0,29000.0,0.0,1,0,0.0,0.0002954187762246869,0.0,7.619950610759462e-13,0.0,0,1,1,0,False,0.0,1,1
100000002744581100,peripheral,0.7,8,0.2526,получил 12 000 ₸ (1 перев.) и дальше не переводил; сумма мала для роли,2,False,False,1,0,12000.0,0.0,1,0,0.0,0.00032495771137883774,0.0,0.0,0.0,0,1,1,0,False,0.0,1,1
100000004278574100,transit,0.45,6,0.2524,"получил 25 000 ₸, отдал дальше 50% полученного (1 получ.)",3,False,False,1,1,25000.0,12500.0,1,1,0.5,0.000286379523569143,0.0,0.0029401739563140994,1.922024458454748e-05,0,0,7,0,False,0.0,1,2
100000002757791100,peripheral,0.7,26,0.2518,получил 73 050 ₸ (1 перев.) и дальше не переводил; сумма мала для роли,3,False,False,1,0,73050.0,0.0,1,0,0.0,0.0003110385580772536,0.0,4.7270720423518116e-07,0.0,0,0,1,0,False,0.0,1,1
100000002810870100,peripheral,0.7,1,0.2517,получил 33 677 ₸ (1 перев.) и дальше не переводил; сумма мала для роли,1,False,False,1,0,33677.0,0.0,1,0,0.0,0.00029263770204239665,0.0,5.95500058530398e-11,0.0,1,1,1,0,False,0.0,1,1
100000007175718100,peripheral,0.7,47,0.2514,получил 20 000 ₸ (1 перев.) и дальше не переводил; сумма мала для роли,1,False,False,1,0,20000.0,0.0,1,0,0.0,0.00030318655842831487,0.0,2.91876993847384e-271,0.0,1,1,1,0,False,0.0,1,1
100000008470470100,peripheral,0.7,1,0.2514,получил 33 547 ₸ (1 перев.) и дальше не переводил; сумма мала для роли,1,False,False,1,0,33547.0,0.0,1,0,0.0,0.00029261041656514913,0.0,5.95500058530398e-11,0.0,1,1,1,0,False,0.0,1,1
100000005056870100,peripheral,0.7,47,0.2514,получил 20 000 ₸ (1 перев.) и дальше не переводил; сумма мала для роли,1,False,False,1,0,20000.0,0.0,1,0,0.0,0.00030318655842831487,0.0,2.91876993847384e-271,0.0,1,1,1,0,False,0.0,1,1
100000000955444100,peripheral,0.7,45,0.2509,получил 6 910 ₸ (1 перев.) и дальше не переводил; сумма мала для роли,2,False,False,1,0,6910.0,0.0,1,0,0.0,0.0003525283441776959,0.0,1.23619985386e-313,0.0,0,1,1,0,False,0.0,1,1
100000001557930100,peripheral,0.7,8,0.2508,получил 34 610 ₸ (1 перев.) и дальше не переводил; сумма мала для роли,2,False,False,1,0,34610.0,0.0,1,0,0.0,0.0002921289541275454,0.0,2.8721411760945644e-05,0.0,0,1,1,0,False,0.0,1,1
100000001420847100,peripheral,0.7,17,0.2507,получил 20 000 ₸ (2 перев.) и дальше не переводил; сумма мала для роли,2,False,False,1,0,20000.0,0.0,2,0,0.0,0.00030282570687728154,0.0,9.023756758629543e-290,0.0,0,1,7,0,False,0.0,1,2
100000001299828100,peripheral,0.3,2,0.2505,"4-е колено: получил 100 000 ₸ от 1 плательщ.; исходящие не выгружались (обрыв обхода), нужна доп. выгрузка",4,False,True,1,0,100000.0,0.0,1,0,0.0,0.0005472629597932584,0.0,0.0,0.0,0,0,7,0,False,0.0,1,1
100000003060187100,peripheral,0.7,17,0.2505,получил 93 046 ₸ (1 перев.) и дальше не переводил; сумма мала для роли,3,False,False,1,0,93046.0,0.0,1,0,0.0,0.0003014815867240045,0.0,8.448073037865009e-05,0.0,0,0,7,0,False,0.0,1,1
100000003069463100,transit,0.438,28,0.2504,"получил 11 500 ₸, отдал дальше 156% полученного (1 получ.)",3,False,False,1,1,11500.0,17920.0,1,1,1.5582608695652174,0.0002884531759834954,0.0,2.8321519604650354e-232,1.9616538287321655e-05,0,0,7,0,False,0.0,1,2
100000002242455100,peripheral,0.3,6,0.2498,"4-е колено: получил 110 000 ₸ от 1 плательщ.; исходящие не выгружались (обрыв обхода), нужна доп. выгрузка",4,False,True,1,0,110000.0,0.0,1,0,0.0,0.0005321740677312218,0.0,0.0,0.0,0,0,7,0,False,0.0,1,1
100000004950490100,peripheral,0.7,8,0.2498,получил 10 000 ₸ (1 перев.) и дальше не переводил; сумма мала для роли,2,False,False,1,0,10000.0,0.0,1,0,0.0,0.0003306416631354998,0.0,7.9835345953449e-303,0.0,0,1,1,0,False,0.0,1,1
100000008172721100,peripheral,0.3,7,0.2494,"4-е колено: получил 168 335 ₸ от 1 плательщ.; исходящие не выгружались (обрыв обхода), нужна доп. выгрузка",4,False,True,1,0,168335.0,0.0,1,0,0.0,0.00039521609203523213,0.0,9.023756758629543e-290,0.0,0,0,7,0,False,0.0,1,1
100000006882208100,peripheral,0.7,4,0.2494,получил 18 000 ₸ (1 перев.) и дальше не переводил; сумма мала для роли,3,False,False,1,0,18000.0,0.0,1,0,0.0,0.0006403184460375346,0.0,2.667129207094818e-06,0.0,0,0,7,0,False,0.0,1,1
100000004813068100,transit,0.45,24,0.2491,seed: отправил 297 000 ₸ 3 получ.; входящие вне выгрузки — роль по исходящим,0,True,False,0,3,0.0,297000.0,0,5,-1.0,0.0002855692942172909,1.57847465707e-313,0.0,0.0,0,0,0,0,False,0.0,0,5
100000004798515100,peripheral,0.3,12,0.249,"4-е колено: получил 200 000 ₸ от 1 плательщ.; исходящие не выгружались (обрыв обхода), нужна доп. выгрузка",4,False,True,1,0,200000.0,0.0,2,0,0.0,0.0003638354909866272,0.0,2.369785348115211e-06,0.0,0,0,7,0,False,0.0,1,2
100000004840086100,peripheral,0.3,2,0.249,"4-е колено: получил 100 000 ₸ от 1 плательщ.; исходящие не выгружались (обрыв обхода), нужна доп. выгрузка",4,False,True,1,0,100000.0,0.0,2,0,0.0,0.0005391572563123895,0.0,0.0,0.0,0,0,7,0,False,0.0,1,1
100000001308856100,peripheral,0.7,1,0.249,получил 27 000 ₸ (1 перев.) и дальше не переводил; сумма мала для роли,2,False,False,1,0,27000.0,0.0,1,0,0.0,0.0002947395016034872,0.0,7.619950610759462e-13,0.0,0,1,1,0,False,0.0,1,1
100000003943483100,peripheral,0.7,12,0.249,получил 10 000 ₸ (1 перев.) и дальше не переводил; сумма мала для роли,2,False,False,1,0,10000.0,0.0,1,0,0.0,0.0003289649862338494,0.0,0.0,0.0,0,1,8,0,False,0.0,1,1
100000008740295100,peripheral,0.3,5,0.2487,"4-е колено: получил 300 000 ₸ от 1 плательщ.; исходящие не выгружались (обрыв обхода), нужна доп. выгрузка",4,False,True,1,0,300000.0,0.0,1,0,0.0,0.000325036609326122,0.0,1.276147972494963e-06,0.0,0,0,8,0,False,0.0,1,1
100000008675322100,peripheral,0.3,38,0.2486,"4-е колено: получил 340 000 ₸ от 1 плательщ.; исходящие не выгружались (обрыв обхода), нужна доп. выгрузка",4,False,True,1,0,340000.0,0.0,4,0,0.0,0.0003193541698974364,0.0,2.3749511394193016e-243,0.0,0,0,7,0,False,0.0,1,4
100000008696919100,peripheral,0.7,1,0.2486,получил 31 945 ₸ (1 перев.) и дальше не переводил; сумма мала для роли,1,False,False,1,0,31945.0,0.0,1,0,0.0,0.00029227417553014546,0.0,5.95500058530398e-11,0.0,1,1,1,0,False,0.0,1,1
100000000600707100,peripheral,0.3,37,0.2484,"4-е колено: получил 89 000 ₸ от 1 плательщ.; исходящие не выгружались (обрыв обхода), нужна доп. выгрузка",4,False,True,1,0,89000.0,0.0,2,0,0.0,0.0005701602511841814,0.0,1.6242871664535976e-281,0.0,0,0,1,0,False,0.0,1,2
100000002158488100,peripheral,0.7,1,0.2484,получил 31 723 ₸ (1 перев.) и дальше не переводил; сумма мала для роли,1,False,False,1,0,31723.0,0.0,1,0,0.0,0.00029222758033053823,0.0,5.95500058530398e-11,0.0,1,1,1,0,False,0.0,1,1
100000004601193100,peripheral,0.3,10,0.2481,"4-е колено: получил 84 000 ₸ от 1 плательщ.; исходящие не выгружались (обрыв обхода), нужна доп. выгрузка",4,False,True,1,0,84000.0,0.0,3,0,0.0,0.0006034150427286833,0.0,0.0,0.0,0,0,8,0,False,0.0,1,3
100000008060273100,peripheral,0.7,3,0.248,получил 10 000 ₸ (2 перев.) и дальше не переводил; сумма мала для роли,2,False,False,1,0,10000.0,0.0,2,0,0.0,0.0002989671315033319,0.0,1.862578378996418e-253,0.0,0,2,11,0,False,0.0,1,2
100000008229700100,peripheral,0.5,12,0.2478,"получил 23 500 ₸, отдал дальше 31% полученного; ни сбора, ни веера, ни чистого транзита",1,False,False,1,1,23500.0,7200.0,1,1,0.30638297872340425,0.0002894692379814412,0.0,1.0100033243240566e-05,1.981468513870874e-07,1,1,1,0,False,0.0,1,2
100000002589019100,peripheral,0.7,12,0.2478,получил 34 710 ₸ (1 перев.) и дальше не переводил; сумма мала для роли,1,False,False,1,0,34710.0,0.0,1,0,0.0,0.0002913295941344678,0.0,1.0100033243240566e-05,0.0,1,1,1,0,False,0.0,1,1
100000006844004100,peripheral,0.7,3,0.2478,получил 20 600 ₸ (1 перев.) и дальше не переводил; сумма мала для роли,3,False,False,1,0,20600.0,0.0,1,0,0.0,0.0005454417164852393,0.0,0.0,0.0,0,0,7,0,False,0.0,1,1
100000006689603100,peripheral,0.3,7,0.2477,"4-е колено: получил 400 000 ₸ от 1 плательщ.; исходящие не выгружались (обрыв обхода), нужна доп. выгрузка",4,False,True,1,0,400000.0,0.0,2,0,0.0,0.00031238935878786454,0.0,0.00011365723210704084,0.0,0,0,7,0,False,0.0,1,2
100000008779584100,peripheral,0.7,1,0.2476,получил 31 400 ₸ (1 перев.) и дальше не переводил; сумма мала для роли,1,False,False,1,0,31400.0,0.0,1,0,0.0,0.00029215978641399247,0.0,5.95500058530398e-11,0.0,1,1,1,0,False,0.0,1,1
100000005360814100,peripheral,0.3,7,0.2473,"4-е колено: получил 144 000 ₸ от 1 плательщ.; исходящие не выгружались (обрыв обхода), нужна доп. выгрузка",4,False,True,1,0,144000.0,0.0,3,0,0.0,0.0004336887325641272,0.0,1.7212113966392227e-06,0.0,0,0,7,0,False,0.0,1,3
100000005485830100,transit,0.45,47,0.2472,seed: отправил 275 885 ₸ 5 получ.; входящие вне выгрузки — роль по исходящим,0,True,False,0,5,0.0,275885.0,0,9,-1.0,0.0002855692942172909,6.211515022315557e-271,0.0,0.0,0,0,0,0,False,0.0,0,7
100000004500781100,peripheral,0.3,14,0.2471,"4-е колено: получил 74 000 ₸ от 1 плательщ.; исходящие не выгружались (обрыв обхода), нужна доп. выгрузка",4,False,True,1,0,74000.0,0.0,5,0,0.0,0.0006807503625850068,0.0,0.0,0.0,0,0,7,0,False,0.0,1,3
100000000572276100,transit,0.35,1,0.247,отдал 34 547 ₸ при видимых входящих 13 075 ₸ — есть поступления вне выгрузки,3,False,False,1,1,13075.0,34547.0,1,1,2.6422179732313578,0.00028761001118010675,0.0,3.0588951023382876e-10,1.387027959709612e-06,0,0,1,0,False,0.0,1,2
100000005082652100,peripheral,0.7,8,0.2469,получил 30 000 ₸ (1 перев.) и дальше не переводил; сумма мала для роли,3,False,False,1,0,30000.0,0.0,1,0,0.0,0.00040800365167801905,0.0,3.499089220843684e-08,0.0,0,0,1,0,False,0.0,1,1
100000003186579100,peripheral,0.3,7,0.2468,"4-е колено: получил 110 000 ₸ от 1 плательщ.; исходящие не выгружались (обрыв обхода), нужна доп. выгрузка",4,False,True,1,0,110000.0,0.0,2,0,0.0,0.0005151815504625246,0.0,0.0,0.0,0,0,7,0,False,0.0,1,2
100000008736173100,peripheral,0.7,1,0.2467,получил 31 060 ₸ (1 перев.) и дальше не переводил; сумма мала для роли,1,False,False,1,0,31060.0,0.0,1,0,0.0,0.000292088424396576,0.0,5.95500058530398e-11,0.0,1,1,1,0,False,0.0,1,1
100000008734364100,peripheral,0.7,1,0.2467,получил 26 200 ₸ (1 перев.) и дальше не переводил; сумма мала для роли,2,False,False,1,0,26200.0,0.0,1,0,0.0,0.0002944677917550073,0.0,7.619950610759462e-13,0.0,0,1,1,0,False,0.0,1,1
100000004435304100,peripheral,0.7,1,0.2467,получил 26 200 ₸ (1 перев.) и дальше не переводил; сумма мала для роли,2,False,False,1,0,26200.0,0.0,1,0,0.0,0.0002944677917550073,0.0,7.619950610759462e-13,0.0,0,1,1,0,False,0.0,1,1
100000008656043100,peripheral,0.7,1,0.2467,получил 26 200 ₸ (1 перев.) и дальше не переводил; сумма мала для роли,2,False,False,1,0,26200.0,0.0,1,0,0.0,0.0002944677917550073,0.0,7.619950610759462e-13,0.0,0,1,1,0,False,0.0,1,1
100000008729597100,peripheral,0.7,7,0.2462,получил 83 090 ₸ (1 перев.) и дальше не переводил; сумма мала для роли,3,False,False,1,0,83090.0,0.0,1,0,0.0,0.0003024747023657885,0.0,0.0016044117305492448,0.0,0,0,7,0,False,0.0,1,1
100000004573782100,peripheral,0.7,8,0.2459,получил 15 000 ₸ (1 перев.) и дальше не переводил; сумма мала для роли,2,False,False,1,0,15000.0,0.0,1,0,0.0,0.0003098970169286297,0.0,2.141511818252024e-241,0.0,0,1,1,0,False,0.0,1,1
100000005265073100,transit,0.39,19,0.2458,"получил 5 000 ₸, отдал дальше 180% полученного (1 получ.)",3,False,False,1,1,5000.0,9000.0,1,1,1.8,0.0002991258827616204,0.0,1.0303697327745062e-06,2.1003566247031264e-05,0,0,8,0,False,0.0,1,2
100000003125997100,peripheral,0.3,5,0.2451,"4-е колено: получил 87 750 ₸ от 1 плательщ.; исходящие не выгружались (обрыв обхода), нужна доп. выгрузка",4,False,True,1,0,87750.0,0.0,1,0,0.0,0.0005483720399494517,0.0,0.0,0.0,0,0,8,0,False,0.0,1,1
100000002459164100,peripheral,0.7,2,0.2445,получил 20 000 ₸ (1 перев.) и дальше не переводил; сумма мала для роли,3,False,False,1,0,20000.0,0.0,1,0,0.0,0.0005418286835835176,0.0,0.0,0.0,0,0,7,0,False,0.0,1,1
100000005756535100,peripheral,0.7,1,0.2445,получил 20 000 ₸ (1 перев.) и дальше не переводил; сумма мала для роли,3,False,False,1,0,20000.0,0.0,1,0,0.0,0.0005415991635083553,0.0,0.0,0.0,0,0,1,0,False,0.0,1,1
100000001273783100,peripheral,0.7,10,0.2444,получил 23 200 ₸ (1 перев.) и дальше не переводил; сумма мала для роли,2,False,False,1,0,23200.0,0.0,1,0,0.0,0.0002966231104571262,0.0,2.322813314613868e-05,0.0,0,1,1,0,False,0.0,1,1
100000003631015100,peripheral,0.3,41,0.2444,"4-е колено: получил 266 000 ₸ от 1 плательщ.; исходящие не выгружались (обрыв обхода), нужна доп. выгрузка",4,False,True,1,0,266000.0,0.0,1,0,0.0,0.00032225093674487795,0.0,3.8798761239758137e-256,0.0,0,0,7,0,False,0.0,1,1
100000001290243100,peripheral,0.7,4,0.2443,получил 10 000 ₸ (1 перев.) и дальше не переводил; сумма мала для роли,2,False,False,1,0,10000.0,0.0,1,0,0.0,0.00031994897355357534,0.0,1.2596486780937674e-05,0.0,0,1,7,0,False,0.0,1,1
100000002236528100,peripheral,0.7,8,0.2442,получил 66 000 ₸ (1 перев.) и дальше не переводил; сумма мала для роли,3,False,False,1,0,66000.0,0.0,1,0,0.0,0.0003072417833612642,0.0,0.00010831189501834011,0.0,0,0,7,0,False,0.0,1,1
100000003247600100,peripheral,0.3,3,0.2435,"4-е колено: получил 58 000 ₸ от 1 плательщ.; исходящие не выгружались (обрыв обхода), нужна доп. выгрузка",4,False,True,1,0,58000.0,0.0,1,0,0.0,0.0008412090951663764,0.0,0.0,0.0,0,0,7,0,False,0.0,1,1
100000008672603100,peripheral,0.7,3,0.2434,получил 21 200 ₸ (1 перев.) и дальше не переводил; сумма мала для роли,2,False,False,1,0,21200.0,0.0,1,0,0.0,0.00029721303813419784,0.0,2.8321519604650354e-232,0.0,0,1,8,0,False,0.0,1,1
100000002680477100,peripheral,0.7,13,0.2434,получил 25 000 ₸ (1 перев.) и дальше не переводил; сумма мала для роли,2,False,False,1,0,25000.0,0.0,1,0,0.0,0.00029455855419957777,0.0,4.0882452251176484e-08,0.0,0,1,1,0,False,0.0,1,1
100000000943371100,peripheral,0.7,11,0.2431,получил 15 500 ₸ (1 перев.) и дальше не переводил; сумма мала для роли,2,False,False,1,0,15500.0,0.0,1,0,0.0,0.00030597516384402423,0.0,4.876477610101951e-08,0.0,0,1,10,0,False,0.0,1,1
100000003896956100,transit,0.35,4,0.2431,отдал 27 000 ₸ при видимых входящих 10 000 ₸ — есть поступления вне выгрузки; 67% суммы ушло за ≤2 дня после поступления,3,False,False,1,1,10000.0,27000.0,1,2,2.7,0.0002885646095495065,0.0,5.2569834314297354e-05,1.922024458454748e-05,0,0,7,0,False,0.6666666666666666,1,3
100000004058740100,peripheral,0.7,1,0.243,получил 30 000 ₸ (1 перев.) и дальше не переводил; сумма мала для роли,1,False,False,1,0,30000.0,0.0,1,0,0.0,0.0002918659428128657,0.0,5.95500058530398e-11,0.0,1,1,1,0,False,0.0,1,1
100000005100475100,peripheral,0.7,8,0.2418,получил 40 000 ₸ (1 перев.) и дальше не переводил; сумма мала для роли,3,False,False,1,0,40000.0,0.0,1,0,0.0,0.0003377497462501435,0.0,1.23619985386e-313,0.0,0,0,1,0,False,0.0,1,1
100000004235471100,peripheral,0.3,6,0.2417,"4-е колено: получил 180 000 ₸ от 1 плательщ.; исходящие не выгружались (обрыв обхода), нужна доп. выгрузка",4,False,True,1,0,180000.0,0.0,1,0,0.0,0.00034861353029746133,0.0,1.23619985386e-313,0.0,0,0,7,0,False,0.0,1,1
100000008634520100,peripheral,0.7,5,0.2414,получил 90 000 ₸ (1 перев.) и дальше не переводил; сумма мала для роли,3,False,False,1,0,90000.0,0.0,1,0,0.0,0.00029848291599650714,0.0,2.612568276300329e-07,0.0,0,0,8,0,False,0.0,1,1
100000004976946100,peripheral,0.3,41,0.2411,"4-е колено: получил 246 000 ₸ от 1 плательщ.; исходящие не выгружались (обрыв обхода), нужна доп. выгрузка",4,False,True,1,0,246000.0,0.0,1,0,0.0,0.000319492918509721,0.0,3.8798761239758137e-256,0.0,0,0,7,0,False,0.0,1,1
100000002380341100,peripheral,0.7,2,0.2411,получил 57 566 ₸ (1 перев.) и дальше не переводил; сумма мала для роли,3,False,False,1,0,57566.4,0.0,1,0,0.0,0.0003091365365238758,0.0,0.0006428156575478821,0.0,0,0,7,0,False,0.0,1,1
100000005783452100,peripheral,0.3,13,0.241,"4-е колено: получил 286 500 ₸ от 2 плательщ.; исходящие не выгружались (обрыв обхода), нужна доп. выгрузка",4,False,True,2,0,286500.0,0.0,2,0,0.0,0.0003144185669015849,0.0,1.4880649443369915e-06,0.0,0,0,8,0,False,0.0,2,1
100000003157333100,peripheral,0.7,8,0.2407,получил 30 000 ₸ (1 перев.) и дальше не переводил; сумма мала для роли,2,False,False,1,0,30000.0,0.0,1,0,0.0,0.00029125521728309953,0.0,2.8721411760945644e-05,0.0,0,1,1,0,False,0.0,1,1
100000002820010100,peripheral,0.7,8,0.2407,получил 30 000 ₸ (1 перев.) и дальше не переводил; сумма мала для роли,2,False,False,1,0,30000.0,0.0,1,0,0.0,0.00029125521728309953,0.0,2.8721411760945644e-05,0.0,0,1,1,0,False,0.0,1,1
100000008782056100,peripheral,0.7,1,0.2405,получил 29 082 ₸ (1 перев.) и дальше не переводил; сумма мала для роли,1,False,False,1,0,29082.0,0.0,1,0,0.0,0.0002916732653658411,0.0,5.95500058530398e-11,0.0,1,1,1,0,False,0.0,1,1
100000001632325100,peripheral,0.7,1,0.24,получил 85 600 ₸ (3 перев.) и дальше не переводил; сумма мала для роли,3,False,False,1,0,85600.0,0.0,3,0,0.0,0.0002989295521153433,0.0,3.0588951023382876e-10,0.0,0,0,1,0,False,0.0,1,2
100000004066370100,peripheral,0.3,37,0.2399,"4-е колено: получил 65 000 ₸ от 1 плательщ.; исходящие не выгружались (обрыв обхода), нужна доп. выгрузка",4,False,True,1,0,65000.0,0.0,2,0,0.0,0.0005893461583954324,0.0,1.148544469993621e-281,0.0,0,0,1,0,False,0.0,1,2
100000002659103100,peripheral,0.3,49,0.2396,"4-е колено: получил 165 000 ₸ от 1 плательщ.; исходящие не выгружались (обрыв обхода), нужна доп. выгрузка",4,False,True,1,0,165000.0,0.0,1,0,0.0,0.00034971052425683584,0.0,7.661109122360097e-07,0.0,0,0,7,0,False,0.0,1,1
100000004418967100,peripheral,0.3,5,0.239,"4-е колено: получил 100 000 ₸ от 1 плательщ.; исходящие не выгружались (обрыв обхода), нужна доп. выгрузка",4,False,True,1,0,100000.0,0.0,1,0,0.0,0.0004534748089525571,0.0,1.23619985386e-313,0.0,0,0,8,0,False,0.0,1,1
100000003888527100,peripheral,0.7,40,0.2388,получил 30 000 ₸ (1 перев.) и дальше не переводил; сумма мала для роли,3,False,False,1,0,30000.0,0.0,1,0,0.0,0.0003666748083508476,0.0,2.4284365594566553e-05,0.0,0,0,7,0,False,0.0,1,1
100000007018630100,transit,0.45,63,0.2386,seed: отправил 200 000 ₸ 1 получ.; входящие вне выгрузки — роль по исходящим,0,True,False,0,1,0.0,200000.0,0,5,-1.0,0.0002855692942172909,0.0,0.0,0.0,0,0,0,0,False,0.0,0,3
100000008691168100,peripheral,0.7,1,0.2384,получил 24 000 ₸ (1 перев.) и дальше не переводил; сумма мала для роли,2,False,False,1,0,24000.0,0.0,1,0,0.0,0.0002937205896716876,0.0,7.619950610759462e-13,0.0,0,1,1,0,False,0.0,1,1
100000008765494100,peripheral,0.7,1,0.2384,получил 24 000 ₸ (1 перев.) и дальше не переводил; сумма мала для роли,2,False,False,1,0,24000.0,0.0,1,0,0.0,0.0002937205896716876,0.0,7.619950610759462e-13,0.0,0,1,1,0,False,0.0,1,1
100000008688476100,peripheral,0.7,1,0.2384,получил 24 000 ₸ (1 перев.) и дальше не переводил; сумма мала для роли,2,False,False,1,0,24000.0,0.0,1,0,0.0,0.0002937205896716876,0.0,7.619950610759462e-13,0.0,0,1,1,0,False,0.0,1,1
100000001379511100,peripheral,0.7,5,0.238,получил 55 000 ₸ (1 перев.) и дальше не переводил; сумма мала для роли,3,False,False,1,0,55000.0,0.0,1,0,0.0,0.0003072907911907118,0.0,4.867829327536486e-08,0.0,0,0,7,0,False,0.0,1,1
100000003024542100,peripheral,0.7,3,0.2378,получил 8 500 ₸ (1 перев.) и дальше не переводил; сумма мала для роли,2,False,False,1,0,8500.0,0.0,1,0,0.0,0.00031794749343884253,0.0,1.23619985386e-313,0.0,0,1,10,0,False,0.0,1,1
100000008343415100,peripheral,0.3,20,0.2375,"4-е колено: получил 100 000 ₸ от 1 плательщ.; исходящие не выгружались (обрыв обхода), нужна доп. выгрузка",4,False,True,1,0,100000.0,0.0,3,0,0.0,0.0004339920196479948,0.0,0.0,0.0,0,0,7,0,False,0.0,1,1
100000008771814100,peripheral,0.7,1,0.2371,получил 23 700 ₸ (1 перев.) и дальше не переводил; сумма мала для роли,2,False,False,1,0,23700.0,0.0,1,0,0.0,0.0002936186984785076,0.0,7.619950610759462e-13,0.0,0,1,1,0,False,0.0,1,1
100000008735802100,peripheral,0.3,2,0.2364,"4-е колено: получил 85 000 ₸ от 1 плательщ.; исходящие не выгружались (обрыв обхода), нужна доп. выгрузка",4,False,True,1,0,85000.0,0.0,2,0,0.0,0.0005087033417052578,0.0,0.0,0.0,0,0,7,0,False,0.0,1,2
100000008691495100,peripheral,0.7,1,0.236,получил 27 000 ₸ (1 перев.) и дальше не переводил; сумма мала для роли,1,False,False,1,0,27000.0,0.0,1,0,0.0,0.0002912362779533082,0.0,5.95500058530398e-11,0.0,1,1,1,0,False,0.0,1,1
100000008129393100,peripheral,0.7,51,0.2359,получил 10 000 ₸ (1 перев.) и дальше не переводил; сумма мала для роли,1,False,False,1,0,10000.0,0.0,1,0,0.0,0.00031169818202604903,0.0,7.983534595344907e-303,0.0,1,1,1,0,False,0.0,1,1
100000008547295100,peripheral,0.7,8,0.2354,получил 15 000 ₸ (1 перев.) и дальше не переводил; сумма мала для роли,3,False,False,1,0,15000.0,0.0,1,0,0.0,0.0005629711569533369,0.0,1.23619985386e-313,0.0,0,0,1,0,False,0.0,1,1
100000005745873100,peripheral,0.3,41,0.2353,"4-е колено: получил 223 000 ₸ от 1 плательщ.; исходящие не выгружались (обрыв обхода), нужна доп. выгрузка",4,False,True,1,0,223000.0,0.0,1,0,0.0,0.0003163211975392906,0.0,3.8798761239758137e-256,0.0,0,0,7,0,False,0.0,1,1
100000007034089100,peripheral,0.3,5,0.2352,"4-е колено: получил 198 000 ₸ от 2 плательщ.; исходящие не выгружались (обрыв обхода), нужна доп. выгрузка",4,False,True,2,0,198000.0,0.0,2,0,0.0,0.00032111599242809935,0.0,1.6071078648056672e-06,0.0,0,0,8,0,False,0.0,2,1
100000001853812100,peripheral,0.7,7,0.2347,получил 70 000 ₸ (1 перев.) и дальше не переводил; сумма мала для роли,3,False,False,1,0,70000.0,0.0,1,0,0.0,0.00029981142408123165,0.0,0.0016044117305492448,0.0,0,0,7,0,False,0.0,1,1
100000003447411100,peripheral,0.3,7,0.2347,"4-е колено: получил 302 000 ₸ от 1 плательщ.; исходящие не выгружались (обрыв обхода), нужна доп. выгрузка",4,False,True,1,0,302000.0,0.0,3,0,0.0,0.000305818442968074,0.0,0.00011365723210704084,0.0,0,0,7,0,False,0.0,1,3
100000008778010100,peripheral,0.3,1,0.2346,"4-е колено: получил 76 950 ₸ от 1 плательщ.; исходящие не выгружались (обрыв обхода), нужна доп. выгрузка",4,False,True,1,0,76950.0,0.0,2,0,0.0,0.0005296426486872762,0.0,0.0,0.0,0,0,1,0,False,0.0,1,1
100000002119762100,peripheral,0.3,6,0.2346,"4-е колено: получил 77 000 ₸ от 1 плательщ.; исходящие не выгружались (обрыв обхода), нужна доп. выгрузка",4,False,True,1,0,77000.0,0.0,6,0,0.0,0.0005295245957280118,0.0,0.0,0.0,0,0,7,0,False,0.0,1,3
100000002214570100,peripheral,0.7,1,0.2344,получил 26 471 ₸ (1 перев.) и дальше не переводил; сумма мала для роли,1,False,False,1,0,26471.0,0.0,1,0,0.0,0.0002911252470497396,0.0,5.95500058530398e-11,0.0,1,1,1,0,False,0.0,1,1
100000005939154100,peripheral,0.7,4,0.2342,получил 22 000 ₸ (2 перев.) и дальше не переводил; сумма мала для роли,2,False,False,1,0,22000.0,0.0,2,0,0.0,0.0002936966648040269,0.0,2.603644808281309e-06,0.0,0,1,7,0,False,0.0,1,2
100000008666075100,peripheral,0.7,1,0.2341,получил 26 217 ₸ (1 перев.) и дальше не переводил; сумма мала для роли,1,False,False,1,0,26217.0,0.0,1,0,0.0,0.0002910719354249637,0.0,5.95500058530398e-11,0.0,1,1,1,0,False,0.0,1,1
100000001114385100,peripheral,0.7,3,0.2339,получил 29 500 ₸ (1 перев.) и дальше не переводил; сумма мала для роли,2,False,False,1,0,29500.0,0.0,1,0,0.0,0.00029021989549549073,0.0,0.0001421681899391104,0.0,0,1,7,0,False,0.0,1,1
100000007140834100,peripheral,0.7,8,0.2337,получил 10 200 ₸ (2 перев.) и дальше не переводил; сумма мала для роли,3,False,False,1,0,10200.0,0.0,2,0,0.0,0.0007122600056993952,0.0,0.0,0.0,0,0,7,0,False,0.0,1,2
100000008336318100,peripheral,0.3,5,0.2335,"4-е колено: получил 170 000 ₸ от 1 плательщ.; исходящие не выгружались (обрыв обхода), нужна доп. выгрузка",4,False,True,1,0,170000.0,0.0,1,0,0.0,0.00032671946741775836,0.0,3.090697396070124e-08,0.0,0,0,8,0,False,0.0,1,1
100000004783447100,peripheral,0.7,1,0.2335,получил 26 200 ₸ (1 перев.) и дальше не переводил; сумма мала для роли,1,False,False,1,0,26200.0,0.0,1,0,0.0,0.0002910683673240929,0.0,5.95500058530398e-11,0.0,1,1,1,0,False,0.0,1,1
100000001251686100,peripheral,0.7,3,0.2334,получил 18 000 ₸ (1 перев.) и дальше не переводил; сумма мала для роли,2,False,False,1,0,18000.0,0.0,1,0,0.0,0.0002965688423999929,0.0,0.0001427672909306537,0.0,0,1,9,0,False,0.0,1,1
100000004030553100,peripheral,0.3,20,0.2327,"4-е колено: получил 70 000 ₸ от 1 плательщ.; исходящие не выгружались (обрыв обхода), нужна доп. выгрузка",4,False,True,1,0,70000.0,0.0,1,0,0.0,0.0005308297210537953,0.0,0.0,0.0,0,0,1,0,False,0.0,1,1
100000008712827100,peripheral,0.7,1,0.2325,получил 76 000 ₸ (1 перев.) и дальше не переводил; сумма мала для роли,3,False,False,1,0,76000.0,0.0,1,0,0.0,0.0002974312054351879,0.0,3.0588951023382876e-10,0.0,0,0,1,0,False,0.0,1,1
100000000749118100,transit,0.431,2,0.2325,"получил 10 330 ₸, отдал дальше 160% полученного (1 получ.)",3,False,False,1,1,10330.0,16500.0,1,1,1.5972894482090998,0.00028615107947694863,0.0,0.0029057815328092595,1.922024458454748e-05,0,0,7,0,False,0.0,1,2
100000005092518100,peripheral,0.7,1,0.2324,получил 26 144 ₸ (1 перев.) и дальше не переводил; сумма мала для роли,1,False,False,1,0,26144.0,0.0,1,0,0.0,0.0002910566135800478,0.0,5.95500058530398e-11,0.0,1,1,1,0,False,0.0,1,1
100000003345947100,peripheral,0.3,7,0.2324,"4-е колено: получил 79 500 ₸ от 1 плательщ.; исходящие не выгружались (обрыв обхода), нужна доп. выгрузка",4,False,True,1,0,79500.0,0.0,6,0,0.0,0.000494765923207766,0.0,0.0,0.0,0,0,7,0,False,0.0,1,1
100000004218576100,peripheral,0.7,1,0.2324,получил 26 144 ₸ (1 перев.) и дальше не переводил; сумма мала для роли,1,False,False,1,0,26144.0,0.0,1,0,0.0,0.0002910566135800478,0.0,5.95500058530398e-11,0.0,1,1,1,0,False,0.0,1,1
100000004673335100,peripheral,0.3,31,0.2324,"4-е колено: получил 80 000 ₸ от 1 плательщ.; исходящие не выгружались (обрыв обхода), нужна доп. выгрузка",4,False,True,1,0,80000.0,0.0,1,0,0.0,0.0004940906043598346,0.0,4.5006020958930306e-05,0.0,0,0,7,0,False,0.0,1,1
100000000733373100,peripheral,0.7,4,0.2323,получил 10 710 ₸ (1 перев.) и дальше не переводил; сумма мала для роли,2,False,False,1,0,10710.0,0.0,1,0,0.0,0.00030578139777600477,0.0,1.7907846980216076e-06,0.0,0,1,7,0,False,0.0,1,1
100000008773876100,peripheral,0.7,1,0.2321,получил 26 120 ₸ (1 перев.) и дальше не переводил; сумма мала для роли,1,False,False,1,0,26120.0,0.0,1,0,0.0,0.00029105157626117134,0.0,5.95500058530398e-11,0.0,1,1,1,0,False,0.0,1,1
100000005228059100,peripheral,0.7,1,0.2318,получил 26 000 ₸ (1 перев.) и дальше не переводил; сумма мала для роли,1,False,False,1,0,26000.0,0.0,1,0,0.0,0.00029102638966678907,0.0,5.95500058530398e-11,0.0,1,1,1,0,False,0.0,1,1
100000005059998100,peripheral,0.7,3,0.2318,получил 18 000 ₸ (1 перев.) и дальше не переводил; сумма мала для роли,2,False,False,1,0,18000.0,0.0,1,0,0.0,0.0002959172747769893,0.0,5.310185056276238e-05,0.0,0,1,7,0,False,0.0,1,1
100000004970752100,peripheral,0.7,2,0.2318,получил 10 000 ₸ (1 перев.) и дальше не переводил; сумма мала для роли,3,False,False,1,0,10000.0,0.0,1,0,0.0,0.0007428614561261706,0.0,0.0,0.0,0,0,7,0,False,0.0,1,1
100000001229743100,transit,0.493,2,0.2315,"получил 7 000 ₸, отдал дальше 129% полученного (1 получ.)",3,False,False,1,1,7000.0,9000.0,1,1,1.2857142857142858,0.0002884350404884854,0.0,0.0006428156575478821,1.922024458454748e-05,0,0,7,0,False,0.0,1,2
100000002794374100,peripheral,0.3,48,0.2313,"4-е колено: получил 111 000 ₸ от 1 плательщ.; исходящие не выгружались (обрыв обхода), нужна доп. выгрузка",4,False,True,1,0,111000.0,0.0,1,0,0.0,0.0003637625168388325,0.0,4.9968235834670635e-298,0.0,0,0,9,0,False,0.0,1,1
100000008116374100,peripheral,0.7,4,0.2311,получил 31 284 ₸ (1 перев.) и дальше не переводил; сумма мала для роли,1,False,False,1,0,31284.0,0.0,1,0,0.0,0.00028893288900381874,0.0,0.0002952416008836587,0.0,1,1,7,0,False,0.0,1,1
100000000703902100,peripheral,0.7,1,0.231,получил 25 499 ₸ (1 перев.) и дальше не переводил; сумма мала для роли,1,False,False,1,0,25499.0,0.0,1,0,0.0,0.00029092123563524295,0.0,5.95500058530398e-11,0.0,1,1,1,0,False,0.0,1,1
100000001052789100,peripheral,0.7,17,0.2309,получил 70 975 ₸ (1 перев.) и дальше не переводил; сумма мала для роли,3,False,False,1,0,70975.0,0.0,1,0,0.0,0.00029770710734911807,0.0,8.448073037865009e-05,0.0,0,0,7,0,False,0.0,1,1
100000002596039100,peripheral,0.3,7,0.2308,"4-е колено: получил 280 000 ₸ от 1 плательщ.; исходящие не выгружались (обрыв обхода), нужна доп. выгрузка",4,False,True,1,0,280000.0,0.0,1,0,0.0,0.00030434333941669245,0.0,0.00011365723210704084,0.0,0,0,7,0,False,0.0,1,1
100000004326224100,peripheral,0.3,6,0.2308,"4-е колено: получил 60 000 ₸ от 1 плательщ.; исходящие не выгружались (обрыв обхода), нужна доп. выгрузка",4,False,True,1,0,60000.0,0.0,1,0,0.0,0.0005348779091078309,0.0,0.0,0.0,0,0,7,0,False,0.0,1,1
100000004213658100,peripheral,0.7,1,0.2306,получил 25 347 ₸ (1 перев.) и дальше не переводил; сумма мала для роли,1,False,False,1,0,25347.0,0.0,1,0,0.0,0.00029088933261569206,0.0,5.95500058530398e-11,0.0,1,1,1,0,False,0.0,1,1
100000007042175100,peripheral,0.3,2,0.2306,"4-е колено: получил 60 000 ₸ от 1 плательщ.; исходящие не выгружались (обрыв обхода), нужна доп. выгрузка",4,False,True,1,0,60000.0,0.0,1,0,0.0,0.0005340058628254453,0.0,0.0,0.0,0,0,7,0,False,0.0,1,1
100000002242066100,peripheral,0.3,36,0.2304,"4-е колено: получил 60 000 ₸ от 1 плательщ.; исходящие не выгружались (обрыв обхода), нужна доп. выгрузка",4,False,True,1,0,60000.0,0.0,1,0,0.0,0.0005337841025658814,0.0,0.0,0.0,0,0,7,0,False,0.0,1,1
100000002891765100,peripheral,0.7,14,0.2303,получил 55 576 ₸ (1 перев.) и дальше не переводил; сумма мала для роли,3,False,False,1,0,55576.0,0.0,1,0,0.0,0.0003012779418250422,0.0,2.4413789354590045e-05,0.0,0,0,7,0,False,0.0,1,1
100000005941908100,peripheral,0.7,14,0.2303,получил 10 000 ₸ (1 перев.) и дальше не переводил; сумма мала для роли,3,False,False,1,0,10000.0,0.0,1,0,0.0,0.0006923487710335455,0.0,0.0,0.0,0,0,8,0,False,0.0,1,1
100000006326645100,peripheral,0.7,1,0.2302,получил 25 264 ₸ (1 перев.) и дальше не переводил; сумма мала для роли,1,False,False,1,0,25264.0,0.0,1,0,0.0,0.00029087191188791094,0.0,5.95500058530398e-11,0.0,1,1,1,0,False,0.0,1,1
100000008718811100,peripheral,0.7,1,0.2301,получил 73 300 ₸ (1 перев.) и дальше не переводил; сумма мала для роли,3,False,False,1,0,73300.0,0.0,1,0,0.0,0.0002970097954313942,0.0,3.0588951023382876e-10,0.0,0,0,1,0,False,0.0,1,1
100000000942301100,peripheral,0.7,2,0.2298,получил 57 580 ₸ (2 перев.) и дальше не переводил; сумма мала для роли,3,False,False,1,0,57580.0,0.0,2,0,0.0,0.000300590276391355,0.0,0.001137907385155322,0.0,0,0,7,0,False,0.0,1,2
100000008027922100,peripheral,0.3,23,0.2298,"4-е колено: получил 70 000 ₸ от 1 плательщ.; исходящие не выгружались (обрыв обхода), нужна доп. выгрузка",4,False,True,1,0,70000.0,0.0,1,0,0.0,0.0005023680629098515,0.0,0.0,0.0,0,0,7,0,False,0.0,1,1
100000008259451100,peripheral,0.7,14,0.2294,получил 55 000 ₸ (1 перев.) и дальше не переводил; сумма мала для роли,3,False,False,1,0,55000.0,0.0,1,0,0.0,0.0003011151344797481,0.0,2.4413789354590045e-05,0.0,0,0,7,0,False,0.0,1,1
100000001684867100,peripheral,0.7,4,0.2294,получил 30 550 ₸ (1 перев.) и дальше не переводил; сумма мала для роли,1,False,False,1,0,30550.0,0.0,1,0,0.0,0.00028885397075253017,0.0,0.0002952416008836587,0.0,1,1,7,0,False,0.0,1,1
100000008742266100,peripheral,0.7,1,0.2294,получил 21 000 ₸ (1 перев.) и дальше не переводил; сумма мала для роли,2,False,False,1,0,21000.0,0.0,1,0,0.0,0.00029270167773988795,0.0,7.619950610759462e-13,0.0,0,1,1,0,False,0.0,1,1
100000003448713100,peripheral,0.3,7,0.229,"4-е колено: получил 266 750 ₸ от 1 плательщ.; исходящие не выгружались (обрыв обхода), нужна доп. выгрузка",4,False,True,1,0,266750.0,0.0,1,0,0.0,0.00030345492477779225,0.0,0.00011365723210704084,0.0,0,0,7,0,False,0.0,1,1
100000008699083100,peripheral,0.3,13,0.2286,"4-е колено: получил 238 500 ₸ от 1 плательщ.; исходящие не выгружались (обрыв обхода), нужна доп. выгрузка",4,False,True,1,0,238500.0,0.0,1,0,0.0,0.00030640170893457883,0.0,2.1191697184202844e-07,0.0,0,0,8,0,False,0.0,1,1
100000002324543100,peripheral,0.7,9,0.2284,получил 30 202 ₸ (1 перев.) и дальше не переводил; сумма мала для роли,1,False,False,1,0,30202.0,0.0,1,0,0.0,0.0002888127877964788,0.0,2.274780450186003e-05,0.0,1,1,1,0,False,0.0,1,1
100000002700161100,peripheral,0.3,53,0.2282,"4-е колено: получил 39 000 ₸ от 1 плательщ.; исходящие не выгружались (обрыв обхода), нужна доп. выгрузка",4,False,True,1,0,39000.0,0.0,1,0,0.0,0.0009026643078152162,0.0,0.0,0.0,0,0,10,0,False,0.0,1,1
100000004800648100,peripheral,0.3,12,0.2281,"4-е колено: получил 131 000 ₸ от 1 плательщ.; исходящие не выгружались (обрыв обхода), нужна доп. выгрузка",4,False,True,1,0,131000.0,0.0,1,0,0.0,0.0003368336531012062,0.0,2.369785348115211e-06,0.0,0,0,7,0,False,0.0,1,1
100000003072205100,peripheral,0.3,5,0.2278,"4-е колено: получил 163 000 ₸ от 2 плательщ.; исходящие не выгружались (обрыв обхода), нужна доп. выгрузка",4,False,True,2,0,163000.0,0.0,2,0,0.0,0.0003189739255881062,0.0,3.618668662714056e-07,0.0,0,0,8,0,False,0.0,2,1
100000005205745100,peripheral,0.7,8,0.2278,получил 6 000 ₸ (1 перев.) и дальше не переводил; сумма мала для роли,2,False,False,1,0,6000.0,0.0,1,0,0.0,0.0003122614004459651,0.0,2.3525061209285672e-07,0.0,0,1,7,0,False,0.0,1,1
100000000765628100,peripheral,0.7,4,0.2278,получил 5 000 ₸ (1 перев.) и дальше не переводил; сумма мала для роли,2,False,False,1,0,5000.0,0.0,1,0,0.0,0.0003154241694621746,0.0,2.4750489937720995e-06,0.0,0,1,7,0,False,0.0,1,1
100000008522127100,transit,0.45,64,0.2276,seed: отправил 145 000 ₸ 1 получ.; входящие вне выгрузки — роль по исходящим,0,True,False,0,1,0.0,145000.0,0,3,-1.0,0.0002855692942172909,0.0,0.0,0.0,0,0,0,0,False,0.0,0,3
100000008757301100,peripheral,0.3,2,0.2274,"4-е колено: получил 58 398 ₸ от 1 плательщ.; исходящие не выгружались (обрыв обхода), нужна доп. выгрузка",4,False,True,1,0,58398.0,0.0,3,0,0.0,0.0005305464848242216,0.0,0.0,0.0,0,0,7,0,False,0.0,1,3
100000008337304100,peripheral,0.3,7,0.2273,"4-е колено: получил 105 465 ₸ от 1 плательщ.; исходящие не выгружались (обрыв обхода), нужна доп. выгрузка",4,False,True,1,0,105465.0,0.0,2,0,0.0,0.00035426504692391266,0.0,9.023756758629543e-290,0.0,0,0,7,0,False,0.0,1,1
100000005888829100,peripheral,0.3,5,0.227,"4-е колено: получил 197 000 ₸ от 1 плательщ.; исходящие не выгружались (обрыв обхода), нужна доп. выгрузка",4,False,True,1,0,197000.0,0.0,1,0,0.0,0.00031148616447209,0.0,1.276147972494963e-06,0.0,0,0,8,0,False,0.0,1,1
100000006656003100,peripheral,0.5,1,0.227,"получил 20 000 ₸, отдал дальше 45% полученного; ни сбора, ни веера, ни чистого транзита",1,False,False,1,1,20000.0,9000.0,1,1,0.45,0.0002897670599476741,3.300043693840602e-13,5.95500058530398e-11,0.0,1,1,1,1,False,1.0,1,1
100000002529877100,peripheral,0.3,13,0.227,"4-е колено: получил 232 000 ₸ от 1 плательщ.; исходящие не выгружались (обрыв обхода), нужна доп. выгрузка",4,False,True,1,0,232000.0,0.0,1,0,0.0,0.0003058339492043382,0.0,2.1191697184202844e-07,0.0,0,0,8,0,False,0.0,1,1
100000008776420100,peripheral,0.7,1,0.2266,получил 69 500 ₸ (1 перев.) и дальше не переводил; сумма мала для роли,3,False,False,1,0,69500.0,0.0,1,0,0.0,0.00029641669987049937,0.0,3.0588951023382876e-10,0.0,0,0,1,0,False,0.0,1,1
100000002858835100,peripheral,0.7,1,0.2265,получил 24 400 ₸ (1 перев.) и дальше не переводил; сумма мала для роли,1,False,False,1,0,24400.0,0.0,1,0,0.0,0.0002906905684083584,0.0,5.95500058530398e-11,0.0,1,1,1,0,False,0.0,1,1
100000002599729100,peripheral,0.3,2,0.2264,"4-е колено: получил 65 000 ₸ от 1 плательщ.; исходящие не выгружались (обрыв обхода), нужна доп. выгрузка",4,False,True,1,0,65000.0,0.0,2,0,0.0,0.00048578643675265784,0.0,0.0,0.0,0,0,7,0,False,0.0,1,2
100000007811950100,peripheral,0.3,27,0.2258,"4-е колено: получил 50 000 ₸ от 1 плательщ.; исходящие не выгружались (обрыв обхода), нужна доп. выгрузка",4,False,True,1,0,50000.0,0.0,1,0,0.0,0.0005462285400719733,0.0,0.0,0.0,0,0,7,0,False,0.0,1,1
100000008474391100,peripheral,0.7,23,0.2256,получил 20 000 ₸ (1 перев.) и дальше не переводил; сумма мала для роли,3,False,False,1,0,20000.0,0.0,1,0,0.0,0.0004071507212217605,0.0,1.23619985386e-313,0.0,0,0,7,0,False,0.0,1,1
100000001870116100,peripheral,0.7,1,0.2255,получил 24 000 ₸ (1 перев.) и дальше не переводил; сумма мала для роли,1,False,False,1,0,24000.0,0.0,1,0,0.0,0.00029060661309375074,0.0,5.95500058530398e-11,0.0,1,1,1,0,False,0.0,1,1
100000004019056100,peripheral,0.3,11,0.2251,"4-е колено: получил 50 000 ₸ от 1 плательщ.; исходящие не выгружались (обрыв обхода), нужна доп. выгрузка",4,False,True,1,0,50000.0,0.0,1,0,0.0,0.0005409213827074575,0.0,0.0,0.0,0,0,7,0,False,0.0,1,1
100000001160401100,peripheral,0.7,2,0.2251,получил 47 190 ₸ (2 перев.) и дальше не переводил; сумма мала для роли,3,False,False,1,0,47190.0,0.0,2,0,0.0,0.00030488851800838674,0.0,0.0006428156575478821,0.0,0,0,7,0,False,0.0,1,2
100000007484343100,terminal,0.605,2,0.225,"получил 26 757 ₸ от 2 плательщ. (2 переводов), дальше ничего (колено 3, исходящие выгружены — обрыва нет)",3,False,False,2,0,26757.0,0.0,2,0,0.0,0.0002891334225528798,0.0,0.004043688917964581,0.0,0,0,7,0,False,0.0,2,1
100000003044518100,peripheral,0.7,8,0.2248,получил 34 423 ₸ (1 перев.) и дальше не переводил; сумма мала для роли,1,False,False,1,0,34423.0,0.0,1,0,0.0,0.00028754318610180955,0.0,4.341414826156218e-06,0.0,1,1,1,0,False,0.0,1,1
100000003087877100,peripheral,0.7,20,0.2245,получил 91 486 ₸ (1 перев.) и дальше не переводил; сумма мала для роли,3,False,False,1,0,91486.0,0.0,1,0,0.0,0.00029208517171407756,0.0,7.936044019065454e-05,0.0,0,0,1,0,False,0.0,1,1
100000007337374100,peripheral,0.7,1,0.2244,получил 20 000 ₸ (2 перев.) и дальше не переводил; сумма мала для роли,2,False,False,1,0,20000.0,0.0,2,0,0.0,0.0002923620404292881,0.0,7.619950610759462e-13,0.0,0,1,1,0,False,0.0,1,2
100000008459449100,peripheral,0.7,2,0.2244,получил 53 700 ₸ (1 перев.) и дальше не переводил; сумма мала для роли,3,False,False,1,0,53700.0,0.0,1,0,0.0,0.0002995780948902197,0.0,0.001137907385155322,0.0,0,0,7,0,False,0.0,1,1
100000002861485100,peripheral,0.7,4,0.2243,получил 29 323 ₸ (1 перев.) и дальше не переводил; сумма мала для роли,1,False,False,1,0,29323.0,0.0,1,0,0.0,0.00028872204610085294,0.0,0.0002952416008836587,0.0,1,1,7,0,False,0.0,1,1
100000008722328100,peripheral,0.7,1,0.2242,получил 23 677 ₸ (1 перев.) и дальше не переводил; сумма мала для роли,1,False,False,1,0,23677.0,0.0,1,0,0.0,0.00029053881917720503,0.0,5.95500058530398e-11,0.0,1,1,1,0,False,0.0,1,1
100000008708368100,peripheral,0.7,1,0.2242,получил 23 677 ₸ (1 перев.) и дальше не переводил; сумма мала для роли,1,False,False,1,0,23677.0,0.0,1,0,0.0,0.00029053881917720503,0.0,5.95500058530398e-11,0.0,1,1,1,0,False,0.0,1,1
100000006381453100,peripheral,0.3,5,0.2242,"4-е колено: получил 45 000 ₸ от 1 плательщ.; исходящие не выгружались (обрыв обхода), нужна доп. выгрузка",4,False,True,1,0,45000.0,0.0,1,0,0.0,0.0005761677704875264,0.0,0.0,0.0,0,0,8,0,False,0.0,1,1
100000008712991100,peripheral,0.7,1,0.2239,получил 66 100 ₸ (1 перев.) и дальше не переводил; сумма мала для роли,3,False,False,1,0,66100.0,0.0,1,0,0.0,0.00029588603542127765,0.0,3.0588951023382876e-10,0.0,0,0,1,0,False,0.0,1,1
100000004891562100,peripheral,0.3,18,0.2237,"4-е колено: получил 103 400 ₸ от 1 плательщ.; исходящие не выгружались (обрыв обхода), нужна доп. выгрузка",4,False,True,1,0,103400.0,0.0,1,0,0.0,0.0003409037645591223,0.0,3.6873817911951947e-06,0.0,0,0,1,0,False,0.0,1,1
100000002659265100,peripheral,0.3,5,0.2234,"4-е колено: получил 141 000 ₸ от 1 плательщ.; исходящие не выгружались (обрыв обхода), нужна доп. выгрузка",4,False,True,1,0,141000.0,0.0,1,0,0.0,0.00031969973198944335,0.0,3.090697396070124e-08,0.0,0,0,8,0,False,0.0,1,1
100000007357489100,peripheral,0.3,5,0.2234,"4-е колено: получил 164 500 ₸ от 2 плательщ.; исходящие не выгружались (обрыв обхода), нужна доп. выгрузка",4,False,True,2,0,164500.0,0.0,2,0,0.0,0.00031295949170801585,0.0,1.6071078648056672e-06,0.0,0,0,8,0,False,0.0,2,1
100000005878334100,peripheral,0.3,20,0.2234,"4-е колено: получил 76 400 ₸ от 1 плательщ.; исходящие не выгружались (обрыв обхода), нужна доп. выгрузка",4,False,True,1,0,76400.0,0.0,2,0,0.0,0.0003989642564463486,0.0,0.0,0.0,0,0,7,0,False,0.0,1,2
100000007539296100,peripheral,0.3,6,0.2234,"4-е колено: получил 46 000 ₸ от 1 плательщ.; исходящие не выгружались (обрыв обхода), нужна доп. выгрузка",4,False,True,1,0,46000.0,0.0,2,0,0.0,0.0005573238796527794,0.0,0.0,0.0,0,0,7,0,False,0.0,1,2
100000005636951100,peripheral,0.3,26,0.2232,"4-е колено: получил 40 000 ₸ от 1 плательщ.; исходящие не выгружались (обрыв обхода), нужна доп. выгрузка",4,False,True,1,0,40000.0,0.0,1,0,0.0,0.0006355890351888364,0.0,0.0,0.0,0,0,1,0,False,0.0,1,1
100000008680451100,peripheral,0.7,1,0.2232,получил 23 534 ₸ (1 перев.) и дальше не переводил; сумма мала для роли,1,False,False,1,0,23534.0,0.0,1,0,0.0,0.0002905088051522328,0.0,5.95500058530398e-11,0.0,1,1,1,0,False,0.0,1,1
100000008671026100,peripheral,0.7,1,0.2232,получил 23 534 ₸ (1 перев.) и дальше не переводил; сумма мала для роли,1,False,False,1,0,23534.0,0.0,1,0,0.0,0.0002905088051522328,0.0,5.95500058530398e-11,0.0,1,1,1,0,False,0.0,1,1
100000005093521100,peripheral,0.7,3,0.2231,получил 15 200 ₸ (1 перев.) и дальше не переводил; сумма мала для роли,1,False,False,1,0,15200.0,0.0,1,0,0.0,0.00028861288801047553,0.0,0.0004611679456476809,0.0,1,2,10,0,False,0.0,1,1
100000004777215100,peripheral,0.3,22,0.2225,"4-е колено: получил 60 000 ₸ от 1 плательщ.; исходящие не выгружались (обрыв обхода), нужна доп. выгрузка",4,False,True,1,0,60000.0,0.0,1,0,0.0,0.00046515486374554374,0.0,7.577905051749476e-255,0.0,0,0,7,0,False,0.0,1,1
100000008769636100,peripheral,0.7,1,0.2218,получил 23 118 ₸ (1 перев.) и дальше не переводил; сумма мала для роли,1,False,False,1,0,23118.0,0.0,1,0,0.0,0.0002904214916250408,0.0,5.95500058530398e-11,0.0,1,1,1,0,False,0.0,1,1
100000002736033100,peripheral,0.5,16,0.2216,"получил 34 530 ₸, отдал дальше 32% полученного; ни сбора, ни веера, ни чистого транзита",3,False,False,1,1,34530.0,11000.0,1,1,0.3185635679119606,0.0002951801714040789,0.0,1.8692187265548473e-05,1.922024458454748e-05,0,0,7,0,False,0.0,1,2
100000007754369100,peripheral,0.7,2,0.2215,получил 82 424 ₸ (1 перев.) и дальше не переводил; сумма мала для роли,3,False,False,1,0,82424.0,0.0,1,0,0.0,0.00029287884025694984,0.0,0.0011319383959652314,0.0,0,0,7,0,False,0.0,1,1
100000006111442100,peripheral,0.7,5,0.2214,получил 64 000 ₸ (1 перев.) и дальше не переводил; сумма мала для роли,3,False,False,1,0,64000.0,0.0,1,0,0.0,0.00029552622405626476,0.0,1.8496738193083065e-06,0.0,0,0,8,0,False,0.0,1,1
100000008690932100,peripheral,0.7,1,0.2213,получил 23 000 ₸ (1 перев.) и дальше не переводил; сумма мала для роли,1,False,False,1,0,23000.0,0.0,1,0,0.0,0.00029039672480723154,0.0,5.95500058530398e-11,0.0,1,1,1,0,False,0.0,1,1
100000003289281100,peripheral,0.3,2,0.2213,"4-е колено: получил 40 000 ₸ от 1 плательщ.; исходящие не выгружались (обрыв обхода), нужна доп. выгрузка",4,False,True,1,0,40000.0,0.0,1,0,0.0,0.0005967179150727089,0.0,0.0,0.0,0,0,7,0,False,0.0,1,1
100000007641183100,peripheral,0.7,4,0.2211,получил 28 000 ₸ (1 перев.) и дальше не переводил; сумма мала для роли,1,False,False,1,0,28000.0,0.0,1,0,0.0,0.00028857979971603717,0.0,0.0002952416008836587,0.0,1,1,7,0,False,0.0,1,1
100000008696692100,peripheral,0.7,1,0.22,получил 19 000 ₸ (1 перев.) и дальше не переводил; сумма мала для роли,2,False,False,1,0,19000.0,0.0,1,0,0.0,0.00029202240311868824,0.0,7.619950610759462e-13,0.0,0,1,1,0,False,0.0,1,1
100000003568904100,peripheral,0.3,11,0.22,"4-е колено: получил 49 000 ₸ от 1 плательщ.; исходящие не выгружались (обрыв обхода), нужна доп. выгрузка",4,False,True,1,0,49000.0,0.0,1,0,0.0,0.000531731011956939,0.0,0.0,0.0,0,0,7,0,False,0.0,1,1
100000002217806100,peripheral,0.3,43,0.22,"4-е колено: получил 55 000 ₸ от 1 плательщ.; исходящие не выгружались (обрыв обхода), нужна доп. выгрузка",4,False,True,1,0,55000.0,0.0,2,0,0.0,0.0004637601733272149,0.0,7.983534595344914e-303,0.0,0,0,7,0,False,0.0,1,2
100000005417257100,transit,0.45,19,0.2197,seed: отправил 106 000 ₸ 2 получ.; входящие вне выгрузки — роль по исходящим,0,True,False,0,2,0.0,106000.0,0,2,-1.0,0.0002855692942172909,0.0,0.0,0.0,0,0,0,0,False,0.0,0,2
100000003166755100,peripheral,0.7,3,0.2192,получил 24 010 ₸ (1 перев.) и дальше не переводил; сумма мала для роли,2,False,False,1,0,24010.0,0.0,1,0,0.0,0.0002893544107152427,0.0,0.0001421681899391104,0.0,0,1,7,0,False,0.0,1,1
100000002971593100,peripheral,0.3,6,0.2192,"4-е колено: получил 49 050 ₸ от 1 плательщ.; исходящие не выгружались (обрыв обхода), нужна доп. выгрузка",4,False,True,1,0,49050.0,0.0,1,0,0.0,0.000530380154395715,0.0,0.0,0.0,0,0,7,0,False,0.0,1,1
100000008746025100,peripheral,0.7,1,0.2192,получил 22 000 ₸ (1 перев.) и дальше не переводил; сумма мала для роли,1,False,False,1,0,22000.0,0.0,1,0,0.0,0.0002901868365207124,0.0,5.95500058530398e-11,0.0,1,1,1,0,False,0.0,1,1
100000002794197100,peripheral,0.7,8,0.2189,получил 30 100 ₸ (1 перев.) и дальше не переводил; сумма мала для роли,1,False,False,1,0,30100.0,0.0,1,0,0.0,0.0002872952956036898,0.0,4.341414826156218e-06,0.0,1,1,1,0,False,0.0,1,1
100000008691330100,peripheral,0.7,1,0.2181,получил 21 440 ₸ (1 перев.) и дальше не переводил; сумма мала для роли,1,False,False,1,0,21440.0,0.0,1,0,0.0,0.0002900692990802617,0.0,5.95500058530398e-11,0.0,1,1,1,0,False,0.0,1,1
100000006257675100,peripheral,0.3,22,0.218,"4-е колено: получил 70 000 ₸ от 1 плательщ.; исходящие не выгружались (обрыв обхода), нужна доп. выгрузка",4,False,True,1,0,70000.0,0.0,2,0,0.0,0.0003826480172080926,0.0,2.3749511394193016e-243,0.0,0,0,7,0,False,0.0,1,1
100000000954884100,peripheral,0.7,36,0.218,получил 34 000 ₸ (1 перев.) и дальше не переводил; сумма мала для роли,3,False,False,1,0,34000.0,0.0,1,0,0.0,0.00031150191855239327,0.0,2.3749511394193016e-243,0.0,0,0,7,0,False,0.0,1,1
100000002505277100,peripheral,0.3,2,0.2179,"4-е колено: получил 60 000 ₸ от 1 плательщ.; исходящие не выгружались (обрыв обхода), нужна доп. выгрузка",4,False,True,1,0,60000.0,0.0,1,0,0.0,0.0004076531172154509,0.0,0.0,0.0,0,0,7,0,False,0.0,1,1
100000001733216100,peripheral,0.3,2,0.2179,"4-е колено: получил 60 000 ₸ от 1 плательщ.; исходящие не выгружались (обрыв обхода), нужна доп. выгрузка",4,False,True,1,0,60000.0,0.0,2,0,0.0,0.0004076531172154509,0.0,0.0,0.0,0,0,7,0,False,0.0,1,1
100000003061115100,peripheral,0.3,2,0.2177,"4-е колено: получил 45 000 ₸ от 1 плательщ.; исходящие не выгружались (обрыв обхода), нужна доп. выгрузка",4,False,True,1,0,45000.0,0.0,1,0,0.0,0.0005339039923107205,0.0,0.0,0.0,0,0,7,0,False,0.0,1,1
100000006967370100,peripheral,0.5,16,0.2176,"получил 33 225 ₸, отдал дальше 41% полученного; ни сбора, ни веера, ни чистого транзита",3,False,False,1,1,33225.0,13526.27,1,1,0.40711121143717083,0.0002935942953782791,0.0,0.0004659017954226318,1.922024458454748e-05,0,0,7,0,False,1.0,1,1
100000001690439100,peripheral,0.7,6,0.2175,получил 14 200 ₸ (1 перев.) и дальше не переводил; сумма мала для роли,3,False,False,1,0,14200.0,0.0,1,0,0.0,0.00047706727238734376,0.0,9.315522664100047e-05,0.0,0,0,7,0,False,0.0,1,1
100000002603478100,peripheral,0.7,12,0.2173,получил 23 500 ₸ (1 перев.) и дальше не переводил; сумма мала для роли,1,False,False,1,0,23500.0,0.0,1,0,0.0,0.0002894692379814412,0.0,1.0100033243240566e-05,0.0,1,1,1,0,False,0.0,1,1
100000005008589100,peripheral,0.7,2,0.2173,получил 42 807 ₸ (1 перев.) и дальше не переводил; сумма мала для роли,3,False,False,1,0,42806.68,0.0,1,0,0.0,0.00030309402044475066,0.0,0.0006428156575478821,0.0,0,0,7,0,False,0.0,1,1
100000008695495100,peripheral,0.7,1,0.2168,получил 21 000 ₸ (1 перев.) и дальше не переводил; сумма мала для роли,1,False,False,1,0,21000.0,0.0,1,0,0.0,0.00028997694823419326,0.0,5.95500058530398e-11,0.0,1,1,1,0,False,0.0,1,1
100000003119550100,peripheral,0.7,1,0.2168,получил 21 000 ₸ (1 перев.) и дальше не переводил; сумма мала для роли,1,False,False,1,0,21000.0,0.0,1,0,0.0,0.00028997694823419326,0.0,5.95500058530398e-11,0.0,1,1,1,0,False,0.0,1,1
100000008314863100,peripheral,0.7,3,0.2168,получил 12 000 ₸ (1 перев.) и дальше не переводил; сумма мала для роли,3,False,False,1,0,12000.0,0.0,1,0,0.0,0.0005170968391841085,0.0,0.0,0.0,0,0,10,0,False,0.0,1,1
100000004185681100,peripheral,0.7,3,0.2167,получил 10 000 ₸ (1 перев.) и дальше не переводил; сумма мала для роли,3,False,False,1,0,10000.0,0.0,1,0,0.0,0.0005352962052822021,0.0,0.0,0.0,0,0,7,0,False,0.0,1,1
100000004984689100,peripheral,0.7,7,0.2166,получил 53 030 ₸ (1 перев.) и дальше не переводил; сумма мала для роли,3,False,False,1,0,53030.0,0.0,1,0,0.0,0.0002963587248842163,0.0,0.0016044117305492448,0.0,0,0,7,0,False,0.0,1,1
100000006684930100,peripheral,0.7,11,0.2164,получил 10 000 ₸ (1 перев.) и дальше не переводил; сумма мала для роли,2,False,False,1,0,10000.0,0.0,1,0,0.0,0.0002987343713958286,0.0,4.876477610101951e-08,0.0,0,1,10,0,False,0.0,1,1
100000001533161100,peripheral,0.3,49,0.2162,"4-е колено: получил 100 000 ₸ от 1 плательщ.; исходящие не выгружались (обрыв обхода), нужна доп. выгрузка",4,False,True,1,0,100000.0,0.0,1,0,0.0,0.0003244427669685303,0.0,7.661109122360097e-07,0.0,0,0,7,0,False,0.0,1,1
100000002243354100,peripheral,0.7,1,0.2162,получил 20 879 ₸ (1 перев.) и дальше не переводил; сумма мала для роли,1,False,False,1,0,20879.0,0.0,1,0,0.0,0.0002899515517515244,0.0,5.95500058530398e-11,0.0,1,1,1,0,False,0.0,1,1
100000002708624100,peripheral,0.7,27,0.2157,получил 25 000 ₸ (1 перев.) и дальше не переводил; сумма мала для роли,3,False,False,1,0,25000.0,0.0,1,0,0.0,0.000328736126653088,0.0,2.5006816366679155e-06,0.0,0,0,7,0,False,0.0,1,1
100000007153161100,peripheral,0.3,2,0.2155,"4-е колено: получил 44 997 ₸ от 1 плательщ.; исходящие не выгружались (обрыв обхода), нужна доп. выгрузка",4,False,True,1,0,44997.0,0.0,1,0,0.0,0.0005309451743246838,0.0,0.0,0.0,0,0,7,0,False,0.0,1,1
100000004741837100,peripheral,0.7,4,0.2155,получил 25 596 ₸ (1 перев.) и дальше не переводил; сумма мала для роли,1,False,False,1,0,25596.0,0.0,1,0,0.0,0.0002883213263153591,0.0,0.0002952416008836587,0.0,1,1,7,0,False,0.0,1,1
100000002516862100,peripheral,0.3,59,0.2155,"4-е колено: получил 81 710 ₸ от 1 плательщ.; исходящие не выгружались (обрыв обхода), нужна доп. выгрузка",4,False,True,1,0,81710.0,0.0,5,0,0.0,0.00034943970609758876,0.0,1.23619985386e-313,0.0,0,0,7,0,False,0.0,1,3
100000001597424100,peripheral,0.7,14,0.2155,получил 48 100 ₸ (1 перев.) и дальше не переводил; сумма мала для роли,3,False,False,1,0,48100.0,0.0,1,0,0.0,0.00029916483815591255,0.0,2.4413789354590045e-05,0.0,0,0,7,0,False,0.0,1,1
100000002982252100,peripheral,0.7,1,0.2155,получил 20 320 ₸ (1 перев.) и дальше не переводил; сумма мала для роли,1,False,False,1,0,20320.0,0.0,1,0,0.0,0.0002898342241993602,0.0,5.95500058530398e-11,0.0,1,1,1,0,False,0.0,1,1
100000001220124100,peripheral,0.3,7,0.2153,"4-е колено: получил 40 000 ₸ от 1 плательщ.; исходящие не выгружались (обрыв обхода), нужна доп. выгрузка",4,False,True,1,0,40000.0,0.0,1,0,0.0,0.0005395565851958802,0.0,0.0,0.0,0,0,7,0,False,0.0,1,1
100000004723755100,transit,0.45,3,0.2153,seed: отправил 95 000 ₸ 1 получ.; входящие вне выгрузки — роль по исходящим,0,True,False,0,1,0.0,95000.0,0,5,-1.0,0.0002855692942172909,0.0,0.0,0.0,0,0,0,0,False,0.0,0,4
100000008745643100,peripheral,0.7,1,0.2153,получил 20 313 ₸ (1 перев.) и дальше не переводил; сумма мала для роли,1,False,False,1,0,20313.0,0.0,1,0,0.0,0.0002898327549813546,0.0,5.95500058530398e-11,0.0,1,1,1,0,False,0.0,1,1
100000003207060100,peripheral,0.3,2,0.2153,"4-е колено: получил 53 000 ₸ от 1 плательщ.; исходящие не выгружались (обрыв обхода), нужна доп. выгрузка",4,False,True,1,0,53000.0,0.0,1,0,0.0,0.00042744311258669713,0.0,5.04730745361861e-07,0.0,0,0,7,0,False,0.0,1,1
100000003951827100,transit,0.372,2,0.2152,"получил 9 000 ₸, отдал дальше 189% полученного (2 получ.)",3,False,False,1,2,9000.0,17000.0,1,2,1.8888888888888888,0.0002860761739207681,0.00016424358625309192,0.0029057815328092595,1.3265244417163455e-06,0,0,7,0,False,0.0,1,3
100000008683818100,peripheral,0.7,1,0.2147,получил 17 400 ₸ (1 перев.) и дальше не переводил; сумма мала для роли,2,False,False,1,0,17400.0,0.0,1,0,0.0,0.0002914789834217285,0.0,7.619950610759462e-13,0.0,0,1,1,0,False,0.0,1,1
100000008422226100,peripheral,0.7,2,0.2146,получил 87 450 ₸ (1 перев.) и дальше не переводил; сумма мала для роли,3,False,False,1,0,87450.0,0.0,1,0,0.0,0.0002904944753360778,0.0,0.0029057815328092595,0.0,0,0,7,0,False,0.0,1,1
100000003899325100,peripheral,0.7,7,0.2145,получил 50 120 ₸ (1 перев.) и дальше не переводил; сумма мала для роли,3,False,False,1,0,50120.0,0.0,1,0,0.0,0.0002966402059541681,0.0,0.0001302803722324665,0.0,0,0,7,0,False,0.0,1,1
100000002862113100,peripheral,0.7,14,0.2143,получил 47 405 ₸ (2 перев.) и дальше не переводил; сумма мала для роли,3,False,False,1,0,47405.0,0.0,2,0,0.0,0.00029896839526532333,0.0,2.4413789354590045e-05,0.0,0,0,7,0,False,0.0,1,2
100000000470237100,peripheral,0.3,29,0.2143,"4-е колено: получил 32 500 ₸ от 1 плательщ.; исходящие не выгружались (обрыв обхода), нужна доп. выгрузка",4,False,True,1,0,32500.0,0.0,1,0,0.0,0.0005846333941764128,0.0,2.4980708508529283e-257,0.0,0,0,7,0,False,0.0,1,1
100000003782913100,peripheral,0.3,14,0.2143,"4-е колено: получил 200 000 ₸ от 1 плательщ.; исходящие не выгружались (обрыв обхода), нужна доп. выгрузка",4,False,True,1,0,200000.0,0.0,1,0,0.0,0.0002993965636065486,0.0,5.9204628229038967e-08,0.0,0,0,7,0,False,0.0,1,1
100000006249740100,transit,0.45,51,0.2142,seed: отправил 93 007 ₸ 3 получ.; входящие вне выгрузки — роль по исходящим,0,True,False,0,3,0.0,93007.0,0,5,-1.0,0.0002855692942172909,1.1601484540645387e-302,0.0,0.0,0,0,0,0,False,0.0,0,5
100000004336228100,peripheral,0.7,7,0.2142,получил 51 407 ₸ (2 перев.) и дальше не переводил; сумма мала для роли,3,False,False,1,0,51407.0,0.0,2,0,0.0,0.0002960285109303709,0.0,0.0016044117305492448,0.0,0,0,7,0,False,0.0,1,1
100000001818442100,peripheral,0.7,9,0.214,получил 42 215 ₸ (1 перев.) и дальше не переводил; сумма мала для роли,3,False,False,1,0,42215.0,0.0,1,0,0.0,0.00030129785381765185,0.0,6.407022137400362e-07,0.0,0,0,7,0,False,0.0,1,1
100000007749747100,peripheral,0.3,5,0.2139,"4-е колено: получил 50 000 ₸ от 1 плательщ.; исходящие не выгружались (обрыв обхода), нужна доп. выгрузка",4,False,True,1,0,50000.0,0.0,1,0,0.0,0.000443621967101852,0.0,0.0,0.0,0,0,8,0,False,0.0,1,1
100000002305007100,peripheral,0.7,1,0.2137,получил 56 000 ₸ (1 перев.) и дальше не переводил; сумма мала для роли,3,False,False,1,0,56000.0,0.0,1,0,0.0,0.0002943096498515308,0.0,3.0588951023382876e-10,0.0,0,0,1,0,False,0.0,1,1
100000005186109100,peripheral,0.7,15,0.2137,получил 5 000 ₸ (1 перев.) и дальше не переводил; сумма мала для роли,3,False,False,1,0,5000.0,0.0,1,0,0.0,0.0006059178330672808,0.0,0.0,0.0,0,0,7,0,False,0.0,1,1
100000002208836100,peripheral,0.3,6,0.2135,"4-е колено: получил 90 000 ₸ от 1 плательщ.; исходящие не выгружались (обрыв обхода), нужна доп. выгрузка",4,False,True,1,0,90000.0,0.0,1,0,0.0,0.0003298185449195238,0.0,0.0,0.0,0,0,7,0,False,0.0,1,1
100000002373144100,peripheral,0.5,2,0.2131,"получил 46 468 ₸, отдал дальше 23% полученного; ни сбора, ни веера, ни чистого транзита",3,False,False,1,1,46468.0,10764.0,1,1,0.2316432813979513,0.00028969018116006086,0.0,0.0011319383959652314,1.922024458454748e-05,0,0,7,0,False,0.0,1,2
100000002695812100,peripheral,0.3,9,0.2129,"4-е колено: получил 95 000 ₸ от 1 плательщ.; исходящие не выгружались (обрыв обхода), нужна доп. выгрузка",4,False,True,1,0,95000.0,0.0,1,0,0.0,0.00032113055047111887,0.0,2.758273854900145e-06,0.0,0,0,7,0,False,0.0,1,1
100000008308418100,peripheral,0.3,2,0.2127,"4-е колено: получил 50 000 ₸ от 1 плательщ.; исходящие не выгружались (обрыв обхода), нужна доп. выгрузка",4,False,True,1,0,50000.0,0.0,1,0,0.0,0.00043159933146629903,0.0,0.0,0.0,0,0,7,0,False,0.0,1,1
100000006756956100,peripheral,0.3,7,0.2127,"4-е колено: получил 121 200 ₸ от 1 плательщ.; исходящие не выгружались (обрыв обхода), нужна доп. выгрузка",4,False,True,1,0,121200.0,0.0,9,0,0.0,0.00031094703412755853,0.0,9.170991232447734e-05,0.0,0,0,7,0,False,0.0,1,5
100000004674412100,peripheral,0.3,10,0.2126,"4-е колено: получил 46 000 ₸ от 1 плательщ.; исходящие не выгружались (обрыв обхода), нужна доп. выгрузка",4,False,True,1,0,46000.0,0.0,1,0,0.0,0.00048936782009517,0.0,1.23619985386e-313,0.0,0,0,8,0,False,0.0,1,1
100000001276409100,peripheral,0.3,9,0.2124,"4-е колено: получил 94 760 ₸ от 1 плательщ.; исходящие не выгружались (обрыв обхода), нужна доп. выгрузка",4,False,True,1,0,94760.0,0.0,1,0,0.0,0.00032104071150795133,0.0,2.758273854900145e-06,0.0,0,0,7,0,False,0.0,1,1
100000002289937100,peripheral,0.7,1,0.2124,получил 20 000 ₸ (1 перев.) и дальше не переводил; сумма мала для роли,1,False,False,1,0,20000.0,0.0,1,0,0.0,0.0002897670599476741,0.0,5.95500058530398e-11,0.0,1,1,1,0,False,0.0,1,1
100000002838519100,peripheral,0.7,14,0.2124,получил 46 900 ₸ (1 перев.) и дальше не переводил; сумма мала для роли,3,False,False,1,0,46900.0,0.0,1,0,0.0,0.0002988256561865499,0.0,2.4413789354590045e-05,0.0,0,0,7,0,False,0.0,1,1
100000008575624100,transit,0.45,46,0.2124,seed: отправил 89 500 ₸ 3 получ.; входящие вне выгрузки — роль по исходящим,0,True,False,0,3,0.0,89500.0,0,5,-1.0,0.0002855692942172909,2.4504290923355864e-283,0.0,0.0,0,0,0,0,False,0.0,0,4
100000008693069100,peripheral,0.7,1,0.2124,получил 20 000 ₸ (1 перев.) и дальше не переводил; сумма мала для роли,1,False,False,1,0,20000.0,0.0,1,0,0.0,0.0002897670599476741,0.0,5.95500058530398e-11,0.0,1,1,1,0,False,0.0,1,1
100000004403641100,peripheral,0.3,13,0.2122,"4-е колено: получил 171 500 ₸ от 1 плательщ.; исходящие не выгружались (обрыв обхода), нужна доп. выгрузка",4,False,True,1,0,171500.0,0.0,1,0,0.0,0.0003005494163305608,0.0,2.1191697184202844e-07,0.0,0,0,8,0,False,0.0,1,1
100000004549591100,peripheral,0.3,43,0.2122,"4-е колено: получил 49 000 ₸ от 1 плательщ.; исходящие не выгружались (обрыв обхода), нужна доп. выгрузка",4,False,True,1,0,49000.0,0.0,1,0,0.0,0.000444321168333405,0.0,7.983534595344914e-303,0.0,0,0,7,0,False,0.0,1,1
100000001549194100,peripheral,0.7,14,0.2119,получил 46 500 ₸ (1 перев.) и дальше не переводил; сумма мала для роли,3,False,False,1,0,46500.0,0.0,1,0,0.0,0.0002987125955300956,0.0,2.4413789354590045e-05,0.0,0,0,7,0,False,0.0,1,1
100000008405209100,peripheral,0.7,16,0.2119,получил 54 400 ₸ (1 перев.) и дальше не переводил; сумма мала для роли,3,False,False,1,0,54400.0,0.0,1,0,0.0,0.00029413180237518533,0.0,0.000233344615948652,0.0,0,0,7,0,False,0.0,1,1
100000005567828100,peripheral,0.3,9,0.2116,"4-е колено: получил 94 000 ₸ от 1 плательщ.; исходящие не выгружались (обрыв обхода), нужна доп. выгрузка",4,False,True,1,0,94000.0,0.0,1,0,0.0,0.0003207562214579207,0.0,2.758273854900145e-06,0.0,0,0,7,0,False,0.0,1,1
100000003336565100,peripheral,0.7,1,0.2112,получил 16 550 ₸ (1 перев.) и дальше не переводил; сумма мала для роли,2,False,False,1,0,16550.0,0.0,1,0,0.0,0.0002911902917077186,0.0,7.619950610759462e-13,0.0,0,1,1,0,False,0.0,1,1
100000004596284100,peripheral,0.3,4,0.211,"4-е колено: получил 30 000 ₸ от 1 плательщ.; исходящие не выгружались (обрыв обхода), нужна доп. выгрузка",4,False,True,1,0,30000.0,0.0,1,0,0.0,0.0005914888430857142,0.0,0.0,0.0,0,0,7,0,False,0.0,1,1
100000002734815100,peripheral,0.3,5,0.2108,"4-е колено: получил 110 000 ₸ от 1 плательщ.; исходящие не выгружались (обрыв обхода), нужна доп. выгрузка",4,False,True,1,0,110000.0,0.0,1,0,0.0,0.00031219587687641694,0.0,3.090697396070124e-08,0.0,0,0,8,0,False,0.0,1,1
100000008771627100,peripheral,0.7,1,0.2108,получил 16 500 ₸ (1 перев.) и дальше не переводил; сумма мала для роли,2,False,False,1,0,16500.0,0.0,1,0,0.0,0.0002911733098421886,0.0,7.619950610759462e-13,0.0,0,1,1,0,False,0.0,1,1
100000003711830100,peripheral,0.7,7,0.2107,получил 50 000 ₸ (1 перев.) и дальше не переводил; сумма мала для роли,3,False,False,1,0,50000.0,0.0,1,0,0.0,0.00029574224412010574,0.0,0.0016044117305492448,0.0,0,0,7,0,False,0.0,1,1
100000000795374100,peripheral,0.7,7,0.2107,получил 50 000 ₸ (1 перев.) и дальше не переводил; сумма мала для роли,3,False,False,1,0,50000.0,0.0,1,0,0.0,0.00029574224412010574,0.0,0.0016044117305492448,0.0,0,0,7,0,False,0.0,1,1
100000004979283100,peripheral,0.7,9,0.2106,получил 40 132 ₸ (1 перев.) и дальше не переводил; сумма мала для роли,3,False,False,1,0,40132.0,0.0,1,0,0.0,0.0003005217649950165,0.0,6.407022137400362e-07,0.0,0,0,7,0,False,0.0,1,1
100000003671721100,peripheral,0.7,9,0.2101,получил 5 000 ₸ (1 перев.) и дальше не переводил; сумма мала для роли,3,False,False,1,0,5000.0,0.0,1,0,0.0,0.000558742155523584,0.0,0.0,0.0,0,0,9,0,False,0.0,1,1
100000008638859100,peripheral,0.3,17,0.21,"4-е колено: получил 34 000 ₸ от 1 плательщ.; исходящие не выгружались (обрыв обхода), нужна доп. выгрузка",4,False,True,1,0,34000.0,0.0,1,0,0.0,0.0005396486131466575,0.0,3.5536461203501896e-05,0.0,0,0,9,0,False,0.0,1,1
100000004797167100,peripheral,0.3,20,0.2093,"4-е колено: получил 31 000 ₸ от 1 плательщ.; исходящие не выгружались (обрыв обхода), нужна доп. выгрузка",4,False,True,1,0,31000.0,0.0,1,0,0.0,0.0005516247027029544,0.0,0.0,0.0,0,0,1,0,False,0.0,1,1
100000004750897100,peripheral,0.7,15,0.2091,получил 10 000 ₸ (1 перев.) и дальше не переводил; сумма мала для роли,3,False,False,1,0,10000.0,0.0,1,0,0.0,0.000490375874781195,0.0,9.023756758629543e-290,0.0,0,0,7,0,False,0.0,1,1
100000008560263100,peripheral,0.3,6,0.2088,"4-е колено: получил 100 000 ₸ от 1 плательщ.; исходящие не выгружались (обрыв обхода), нужна доп. выгрузка",4,False,True,1,0,100000.0,0.0,1,0,0.0,0.0003131893168807817,0.0,3.8798761239758137e-256,0.0,0,0,7,0,False,0.0,1,1
100000008736394100,peripheral,0.7,1,0.2087,получил 16 000 ₸ (1 перев.) и дальше не переводил; сумма мала для роли,2,False,False,1,0,16000.0,0.0,1,0,0.0,0.00029100349118688865,0.0,7.619950610759462e-13,0.0,0,1,1,0,False,0.0,1,1
100000000557536100,peripheral,0.3,38,0.2087,"4-е колено: получил 153 000 ₸ от 1 плательщ.; исходящие не выгружались (обрыв обхода), нужна доп. выгрузка",4,False,True,1,0,153000.0,0.0,7,0,0.0,0.00030077248827335636,0.0,2.3749511394193016e-243,0.0,0,0,7,0,False,0.0,1,6
100000008749989100,peripheral,0.7,1,0.2087,получил 16 000 ₸ (1 перев.) и дальше не переводил; сумма мала для роли,2,False,False,1,0,16000.0,0.0,1,0,0.0,0.00029100349118688865,0.0,7.619950610759462e-13,0.0,0,1,1,0,False,0.0,1,1
100000003900547100,peripheral,0.7,4,0.2087,получил 23 700 ₸ (1 перев.) и дальше не переводил; сумма мала для роли,1,False,False,1,0,23700.0,0.0,1,0,0.0,0.00028811747208587257,0.0,0.0002952416008836587,0.0,1,1,7,0,False,0.0,1,1
100000005392290100,transit,0.45,67,0.2086,seed: отправил 81 465 ₸ 1 получ.; входящие вне выгрузки — роль по исходящим,0,True,False,0,1,0.0,81465.0,0,1,-1.0,0.0002855692942172909,0.0,0.0,0.0,0,0,0,0,False,0.0,0,1
100000004066647100,peripheral,0.7,17,0.2086,получил 51 000 ₸ (1 перев.) и дальше не переводил; сумма мала для роли,3,False,False,1,0,51000.0,0.0,1,0,0.0,0.0002942910761084242,0.0,8.448073037865009e-05,0.0,0,0,7,0,False,0.0,1,1
100000007303047100,peripheral,0.7,1,0.2084,получил 52 250 ₸ (1 перев.) и дальше не переводил; сумма мала для роли,3,False,False,1,0,52250.0,0.0,1,0,0.0,0.00029372435817959507,0.0,3.0588951023382876e-10,0.0,0,0,1,0,False,0.0,1,1
100000003187359100,peripheral,0.7,1,0.2083,получил 19 072 ₸ (1 перев.) и дальше не переводил; сумма мала для роли,1,False,False,1,0,19072.0,0.0,1,0,0.0,0.0002895722836177843,0.0,5.95500058530398e-11,0.0,1,1,1,0,False,0.0,1,1
100000002727288100,peripheral,0.7,15,0.2081,получил 16 000 ₸ (1 перев.) и дальше не переводил; сумма мала для роли,3,False,False,1,0,16000.0,0.0,1,0,0.0,0.00036616923373624543,0.0,4.9968235834670635e-298,0.0,0,0,7,0,False,0.0,1,1
100000004257714100,peripheral,0.7,1,0.208,получил 52 220 ₸ (1 перев.) и дальше не переводил; сумма мала для роли,3,False,False,1,0,52220.0,0.0,1,0,0.0,0.0002937196758462196,0.0,3.0588951023382876e-10,0.0,0,0,1,0,False,0.0,1,1
100000003962994100,peripheral,0.7,43,0.208,получил 10 000 ₸ (1 перев.) и дальше не переводил; сумма мала для роли,3,False,False,1,0,10000.0,0.0,1,0,0.0,0.00048122982573492164,0.0,1.23619985386e-313,0.0,0,0,7,0,False,0.0,1,1
100000008679986100,peripheral,0.7,1,0.2079,получил 19 000 ₸ (1 перев.) и дальше не переводил; сумма мала для роли,1,False,False,1,0,19000.0,0.0,1,0,0.0,0.00028955717166115493,0.0,5.95500058530398e-11,0.0,1,1,1,0,False,0.0,1,1
100000008749063100,peripheral,0.7,1,0.2079,получил 19 000 ₸ (1 перев.) и дальше не переводил; сумма мала для роли,1,False,False,1,0,19000.0,0.0,1,0,0.0,0.00028955717166115493,0.0,5.95500058530398e-11,0.0,1,1,1,0,False,0.0,1,1
100000002229615100,peripheral,0.3,22,0.2078,"4-е колено: получил 25 000 ₸ от 1 плательщ.; исходящие не выгружались (обрыв обхода), нужна доп. выгрузка",4,False,True,1,0,25000.0,0.0,1,0,0.0,0.0007184983881728359,0.0,0.0,0.0,0,0,7,0,False,0.0,1,1
100000001145749100,peripheral,0.7,3,0.2078,получил 10 000 ₸ (1 перев.) и дальше не переводил; сумма мала для роли,3,False,False,1,0,10000.0,0.0,1,0,0.0,0.0004785089150229722,0.0,0.0,0.0,0,0,10,0,False,0.0,1,1
100000002015633100,peripheral,0.7,6,0.2075,получил 94 970 ₸ (1 перев.) и дальше не переводил; сумма мала для роли,3,False,False,1,0,94970.0,0.0,1,0,0.0,0.0002886471934791066,0.0,0.0029401739563140994,0.0,0,0,7,0,False,0.0,1,1
100000008684452100,peripheral,0.7,1,0.2074,получил 51 800 ₸ (1 перев.) и дальше не переводил; сумма мала для роли,3,False,False,1,0,51800.0,0.0,1,0,0.0,0.0002936541231789628,0.0,3.0588951023382876e-10,0.0,0,0,1,0,False,0.0,1,1
100000005049404100,peripheral,0.3,6,0.2071,"4-е колено: получил 98 000 ₸ от 1 плательщ.; исходящие не выгружались (обрыв обхода), нужна доп. выгрузка",4,False,True,1,0,98000.0,0.0,2,0,0.0,0.0003126369164275119,0.0,3.8798761239758137e-256,0.0,0,0,7,0,False,0.0,1,2
100000002558173100,peripheral,0.7,33,0.207,получил 9 300 ₸ (1 перев.) и дальше не переводил; сумма мала для роли,2,False,False,1,0,9300.0,0.0,1,0,0.0,0.0002958286804649773,0.0,4.870880269675223e-241,0.0,0,1,8,0,False,0.0,1,1
100000004564736100,peripheral,0.7,23,0.2066,получил 15 000 ₸ (2 перев.) и дальше не переводил; сумма мала для роли,3,False,False,1,0,15000.0,0.0,2,0,0.0,0.00037675536447064306,0.0,1.23619985386e-313,0.0,0,0,7,0,False,0.0,1,2
100000002621434100,peripheral,0.7,5,0.2066,получил 81 000 ₸ (1 перев.) и дальше не переводил; сумма мала для роли,3,False,False,1,0,81000.0,0.0,1,0,0.0,0.0002897423900896509,0.0,3.220733583683774e-06,0.0,0,0,9,0,False,0.0,1,1
100000005940652100,peripheral,0.7,39,0.2066,получил 8 395 ₸ (1 перев.) и дальше не переводил; сумма мала для роли,1,False,False,1,0,8395.0,0.0,1,0,0.0,0.00028808836221548404,0.0,1.4226681178871096e-08,0.0,1,3,10,0,False,0.0,1,1
100000007867364100,peripheral,0.3,17,0.2065,"4-е колено: получил 41 852 ₸ от 1 плательщ.; исходящие не выгружались (обрыв обхода), нужна доп. выгрузка",4,False,True,1,0,41852.0,0.0,1,0,0.0,0.0004487382371459403,0.0,1.23619985386e-313,0.0,0,0,7,0,False,0.0,1,1
100000002809896100,peripheral,0.7,9,0.2064,получил 38 000 ₸ (1 перев.) и дальше не переводил; сумма мала для роли,3,False,False,1,0,38000.0,0.0,1,0,0.0,0.0002997274196422279,0.0,6.407022137400362e-07,0.0,0,0,7,0,False,0.0,1,1
100000008745676100,peripheral,0.3,1,0.2064,"4-е колено: получил 34 547 ₸ от 1 плательщ.; исходящие не выгружались (обрыв обхода), нужна доп. выгрузка",4,False,True,1,0,34547.0,0.0,1,0,0.0,0.0005303236661827129,0.0,0.0,0.0,0,0,1,0,False,0.0,1,1
100000008686247100,peripheral,0.5,24,0.2063,"получил 22 000 ₸, отдал дальше 23% полученного; ни сбора, ни веера, ни чистого транзита",3,False,False,1,1,22000.0,5000.0,2,1,0.22727272727272727,0.0003136737677799251,0.0,2.063413074803692e-248,0.0,0,0,1,1,False,0.0,1,3
100000002791494100,peripheral,0.3,9,0.2062,"4-е колено: получил 85 860 ₸ от 1 плательщ.; исходящие не выгружались (обрыв обхода), нужна доп. выгрузка",4,False,True,1,0,85860.0,0.0,1,0,0.0,0.00031770918329048745,0.0,2.758273854900145e-06,0.0,0,0,7,0,False,0.0,1,1
100000008066326100,peripheral,0.7,2,0.2061,получил 19 320 ₸ (1 перев.) и дальше не переводил; сумма мала для роли,1,False,False,1,0,19320.0,0.0,1,0,0.0,0.00028919473903313297,0.0,0.0021516815362503513,0.0,1,1,7,0,False,0.0,1,1
100000003133045100,peripheral,0.3,5,0.2058,"4-е колено: получил 68 000 ₸ от 1 плательщ.; исходящие не выгружались (обрыв обхода), нужна доп. выгрузка",4,False,True,1,0,68000.0,0.0,1,0,0.0,0.00033304955989506193,0.0,1.4075358594693281e-08,0.0,0,0,7,0,False,0.0,1,1
100000001822650100,peripheral,0.3,5,0.2058,"4-е колено: получил 112 000 ₸ от 1 плательщ.; исходящие не выгружались (обрыв обхода), нужна доп. выгрузка",4,False,True,1,0,112000.0,0.0,1,0,0.0,0.00030590273887598653,0.0,3.309598923107044e-07,0.0,0,0,8,0,False,0.0,1,1
100000008043184100,peripheral,0.7,16,0.2056,получил 50 564 ₸ (1 перев.) и дальше не переводил; сумма мала для роли,3,False,False,1,0,50564.0,0.0,1,0,0.0,0.00029352801963081616,0.0,0.000233344615948652,0.0,0,0,7,0,False,0.0,1,1
100000001103905100,peripheral,0.7,1,0.2055,получил 18 000 ₸ (1 перев.) и дальше не переводил; сумма мала для роли,1,False,False,1,0,18000.0,0.0,1,0,0.0,0.00028934728337463573,0.0,5.95500058530398e-11,0.0,1,1,1,0,False,0.0,1,1
100000008777088100,peripheral,0.7,1,0.2055,получил 18 000 ₸ (1 перев.) и дальше не переводил; сумма мала для роли,1,False,False,1,0,18000.0,0.0,1,0,0.0,0.00028934728337463573,0.0,5.95500058530398e-11,0.0,1,1,1,0,False,0.0,1,1
100000008716222100,peripheral,0.7,1,0.2055,получил 18 000 ₸ (1 перев.) и дальше не переводил; сумма мала для роли,1,False,False,1,0,18000.0,0.0,1,0,0.0,0.00028934728337463573,0.0,5.95500058530398e-11,0.0,1,1,1,0,False,0.0,1,1
100000004747154100,peripheral,0.3,5,0.2053,"4-е колено: получил 67 000 ₸ от 1 плательщ.; исходящие не выгружались (обрыв обхода), нужна доп. выгрузка",4,False,True,1,0,67000.0,0.0,1,0,0.0,0.0003323513206939182,0.0,1.4075358594693281e-08,0.0,0,0,7,0,False,0.0,1,1
100000008050986100,peripheral,0.3,6,0.2052,"4-е колено: получил 95 000 ₸ от 1 плательщ.; исходящие не выгружались (обрыв обхода), нужна доп. выгрузка",4,False,True,1,0,95000.0,0.0,2,0,0.0,0.00031180831574760716,0.0,3.8798761239758137e-256,0.0,0,0,7,0,False,0.0,1,2
100000000608031100,peripheral,0.3,16,0.2048,"4-е колено: получил 30 000 ₸ от 1 плательщ.; исходящие не выгружались (обрыв обхода), нужна доп. выгрузка",4,False,True,1,0,30000.0,0.0,1,0,0.0,0.0005386366709608574,0.0,0.0,0.0,0,0,7,0,False,0.0,1,1
100000002748581100,peripheral,0.7,14,0.2041,получил 41 180 ₸ (1 перев.) и дальше не переводил; сумма мала для роли,3,False,False,1,0,41180.0,0.0,1,0,0.0,0.0002972088887992543,0.0,2.4413789354590045e-05,0.0,0,0,7,0,False,0.0,1,1
100000008471634100,peripheral,0.3,27,0.2039,"4-е колено: получил 20 000 ₸ от 1 плательщ.; исходящие не выгружались (обрыв обхода), нужна доп. выгрузка",4,False,True,1,0,20000.0,0.0,1,0,0.0,0.0011246149928916334,0.0,0.0,0.0,0,0,7,0,False,0.0,1,1
100000001138376100,peripheral,0.7,15,0.2039,получил 15 300 ₸ (1 перев.) и дальше не переводил; сумма мала для роли,2,False,False,1,0,15300.0,0.0,1,0,0.0,0.00029043685037690294,0.0,3.5676348106616587e-05,0.0,0,1,7,0,False,0.0,1,1
100000000926766100,peripheral,0.5,27,0.2038,"получил 18 750 ₸, отдал дальше 32% полученного; ни сбора, ни веера, ни чистого транзита",3,False,False,1,1,18750.0,6000.0,1,1,0.32,0.00031794441854413876,8.933928198287818e-09,2.5006816366679155e-06,0.0,0,0,7,1,False,1.0,1,1
100000008297199100,peripheral,0.7,2,0.2036,получил 42 268 ₸ (1 перев.) и дальше не переводил; сумма мала для роли,3,False,False,1,0,42268.0,0.0,1,0,0.0,0.0002965958116631634,0.0,0.001137907385155322,0.0,0,0,7,0,False,0.0,1,1
100000002284426100,peripheral,0.7,6,0.2035,получил 90 000 ₸ (2 перев.) и дальше не переводил; сумма мала для роли,3,False,False,1,0,90000.0,0.0,2,0,0.0,0.00028848611988395835,0.0,0.0029401739563140994,0.0,0,0,7,0,False,0.0,1,2
100000008687492100,peripheral,0.7,1,0.2034,получил 15 000 ₸ (1 перев.) и дальше не переводил; сумма мала для роли,2,False,False,1,0,15000.0,0.0,1,0,0.0,0.0002906638538762888,0.0,7.619950610759462e-13,0.0,0,1,1,0,False,0.0,1,1
100000002369443100,peripheral,0.7,1,0.2033,получил 50 000 ₸ (1 перев.) и дальше не переводил; сумма мала для роли,3,False,False,1,0,50000.0,0.0,1,0,0.0,0.00029337318317643364,0.0,3.0588951023382876e-10,0.0,0,0,1,0,False,0.0,1,1
100000001537524100,peripheral,0.3,13,0.2031,"4-е колено: получил 150 000 ₸ от 1 плательщ.; исходящие не выгружались (обрыв обхода), нужна доп. выгрузка",4,False,True,1,0,150000.0,0.0,1,0,0.0,0.0002986714418382267,0.0,2.1191697184202844e-07,0.0,0,0,8,0,False,0.0,1,1
100000008667058100,peripheral,0.7,1,0.2029,получил 17 534 ₸ (1 перев.) и дальше не переводил; сумма мала для роли,1,False,False,1,0,17534.0,0.0,1,0,0.0,0.00028924947543311784,0.0,5.95500058530398e-11,0.0,1,1,1,0,False,0.0,1,1
100000000907277100,peripheral,0.7,1,0.2029,получил 17 534 ₸ (1 перев.) и дальше не переводил; сумма мала для роли,1,False,False,1,0,17534.0,0.0,1,0,0.0,0.00028924947543311784,0.0,5.95500058530398e-11,0.0,1,1,1,0,False,0.0,1,1
100000008691027100,peripheral,0.7,1,0.2029,получил 17 534 ₸ (1 перев.) и дальше не переводил; сумма мала для роли,1,False,False,1,0,17534.0,0.0,1,0,0.0,0.00028924947543311784,0.0,5.95500058530398e-11,0.0,1,1,1,0,False,0.0,1,1
100000003232675100,peripheral,0.3,11,0.2029,"4-е колено: получил 44 000 ₸ от 1 плательщ.; исходящие не выгружались (обрыв обхода), нужна доп. выгрузка",4,False,True,1,0,44000.0,0.0,2,0,0.0,0.00040104453660487797,0.0,1.23619985386e-313,0.0,0,0,7,0,False,0.0,1,1
100000008729801100,peripheral,0.7,1,0.2029,получил 17 534 ₸ (1 перев.) и дальше не переводил; сумма мала для роли,1,False,False,1,0,17534.0,0.0,1,0,0.0,0.00028924947543311784,0.0,5.95500058530398e-11,0.0,1,1,1,0,False,0.0,1,1
100000005055454100,peripheral,0.7,30,0.2028,получил 6 500 ₸ (1 перев.) и дальше не переводил; сумма мала для роли,3,False,False,1,0,6500.0,0.0,1,0,0.0,0.000505981015832426,0.0,7.942334779703306e-267,0.0,0,0,1,0,False,0.0,1,1
100000006048193100,peripheral,0.7,2,0.2026,получил 41 559 ₸ (1 перев.) и дальше не переводил; сумма мала для роли,3,False,False,1,0,41559.0,0.0,1,0,0.0,0.00029641085375483743,0.0,0.001137907385155322,0.0,0,0,7,0,False,0.0,1,1
100000002752565100,peripheral,0.3,7,0.2024,"4-е колено: получил 57 000 ₸ от 1 плательщ.; исходящие не выгружались (обрыв обхода), нужна доп. выгрузка",4,False,True,1,0,57000.0,0.0,1,0,0.0,0.00033823599365261585,0.0,0.0,0.0,0,0,7,0,False,0.0,1,1
100000004350094100,peripheral,0.3,17,0.2023,"4-е колено: получил 20 000 ₸ от 1 плательщ.; исходящие не выгружались (обрыв обхода), нужна доп. выгрузка",4,False,True,1,0,20000.0,0.0,1,0,0.0,0.0008939457051040855,0.0,1.656170058256313e-06,0.0,0,0,7,0,False,0.0,1,1
100000004400361100,peripheral,0.7,4,0.2016,получил 10 000 ₸ (1 перев.) и дальше не переводил; сумма мала для роли,2,False,False,1,0,10000.0,0.0,1,0,0.0,0.0002872256288669924,0.0,4.0407558618990766e-06,0.0,0,2,7,0,False,0.0,1,1
100000008713685100,peripheral,0.7,1,0.2015,получил 49 700 ₸ (1 перев.) и дальше не переводил; сумма мала для роли,3,False,False,1,0,49700.0,0.0,1,0,0.0,0.0002933263598426788,0.0,3.0588951023382876e-10,0.0,0,0,1,0,False,0.0,1,1
100000002487222100,peripheral,0.3,6,0.2015,"4-е колено: получил 90 000 ₸ от 1 плательщ.; исходящие не выгружались (обрыв обхода), нужна доп. выгрузка",4,False,True,1,0,90000.0,0.0,2,0,0.0,0.0003104273146144327,0.0,3.8798761239758137e-256,0.0,0,0,7,0,False,0.0,1,2
100000003239859100,peripheral,0.7,12,0.2014,получил 18 600 ₸ (1 перев.) и дальше не переводил; сумма мала для роли,1,False,False,1,0,18600.0,0.0,1,0,0.0,0.0002886560582178524,0.0,1.0100033243240566e-05,0.0,1,1,1,0,False,0.0,1,1
100000002881669100,peripheral,0.7,12,0.2014,получил 18 600 ₸ (1 перев.) и дальше не переводил; сумма мала для роли,1,False,False,1,0,18600.0,0.0,1,0,0.0,0.0002886560582178524,0.0,1.0100033243240566e-05,0.0,1,1,1,0,False,0.0,1,1
100000002951898100,peripheral,0.7,14,0.2014,получил 39 990 ₸ (1 перев.) и дальше не переводил; сумма мала для роли,3,False,False,1,0,39990.0,0.0,1,0,0.0,0.00029687253334630294,0.0,2.4413789354590045e-05,0.0,0,0,7,0,False,0.0,1,1
100000002404112100,peripheral,0.3,28,0.2013,"4-е колено: получил 60 000 ₸ от 1 плательщ.; исходящие не выгружались (обрыв обхода), нужна доп. выгрузка",4,False,True,1,0,60000.0,0.0,1,0,0.0,0.0003300834785756558,0.0,4.0337773258533445e-08,0.0,0,0,7,0,False,0.0,1,1
100000002232266100,peripheral,0.7,7,0.2012,получил 45 000 ₸ (1 перев.) и дальше не переводил; сумма мала для роли,3,False,False,1,0,45000.0,0.0,1,0,0.0,0.0002947249491298242,0.0,0.0016044117305492448,0.0,0,0,7,0,False,0.0,1,1
100000003091142100,peripheral,0.3,2,0.2012,"4-е колено: получил 40 000 ₸ от 1 плательщ.; исходящие не выгружались (обрыв обхода), нужна доп. выгрузка",4,False,True,1,0,40000.0,0.0,1,0,0.0,0.00040986444107495766,0.0,9.023756758629543e-290,0.0,0,0,7,0,False,0.0,1,1
100000000404740100,peripheral,0.3,27,0.201,"4-е колено: получил 25 000 ₸ от 1 плательщ.; исходящие не выгружались (обрыв обхода), нужна доп. выгрузка",4,False,True,1,0,25000.0,0.0,1,0,0.0,0.0005579900727464834,0.0,0.0,0.0,0,0,7,0,False,0.0,1,1
100000008749406100,peripheral,0.7,1,0.2009,получил 17 144 ₸ (1 перев.) и дальше не переводил; сумма мала для роли,1,False,False,1,0,17144.0,0.0,1,0,0.0,0.0002891676190013754,0.0,5.95500058530398e-11,0.0,1,1,1,0,False,0.0,1,1
100000004491881100,peripheral,0.7,1,0.2009,получил 17 144 ₸ (1 перев.) и дальше не переводил; сумма мала для роли,1,False,False,1,0,17144.0,0.0,1,0,0.0,0.0002891676190013754,0.0,5.95500058530398e-11,0.0,1,1,1,0,False,0.0,1,1
100000008767925100,peripheral,0.7,1,0.2009,получил 17 144 ₸ (1 перев.) и дальше не переводил; сумма мала для роли,1,False,False,1,0,17144.0,0.0,1,0,0.0,0.0002891676190013754,0.0,5.95500058530398e-11,0.0,1,1,1,0,False,0.0,1,1
100000002968096100,peripheral,0.3,7,0.2009,"4-е колено: получил 70 000 ₸ от 1 плательщ.; исходящие не выгружались (обрыв обхода), нужна доп. выгрузка",4,False,True,1,0,70000.0,0.0,1,0,0.0,0.0003194824114349239,0.0,1.23619985386e-313,0.0,0,0,7,0,False,0.0,1,1
100000001111763100,peripheral,0.7,1,0.2009,получил 17 144 ₸ (1 перев.) и дальше не переводил; сумма мала для роли,1,False,False,1,0,17144.0,0.0,1,0,0.0,0.0002891676190013754,0.0,5.95500058530398e-11,0.0,1,1,1,0,False,0.0,1,1
100000006490615100,peripheral,0.3,11,0.2008,"4-е колено: получил 41 600 ₸ от 1 плательщ.; исходящие не выгружались (обрыв обхода), нужна доп. выгрузка",4,False,True,1,0,41600.0,0.0,6,0,0.0,0.00039474588702010044,0.0,1.23619985386e-313,0.0,0,0,7,0,False,0.0,1,5
100000004979264100,peripheral,0.3,5,0.2008,"4-е колено: получил 39 800 ₸ от 1 плательщ.; исходящие не выгружались (обрыв обхода), нужна доп. выгрузка",4,False,True,1,0,39800.0,0.0,1,0,0.0,0.00041137922183340155,0.0,0.0,0.0,0,0,8,0,False,0.0,1,1
100000006476758100,peripheral,0.7,10,0.2006,получил 5 200 ₸ (1 перев.) и дальше не переводил; сумма мала для роли,3,False,False,1,0,5200.0,0.0,1,0,0.0,0.0005168074362570573,0.0,9.897390083166396e-07,0.0,0,0,8,0,False,0.0,1,1
100000004158362100,peripheral,0.7,2,0.2003,получил 12 000 ₸ (1 перев.) и дальше не переводил; сумма мала для роли,2,False,False,1,0,12000.0,0.0,1,0,0.0,0.0002913822339326508,0.0,9.275512440433417e-05,0.0,0,1,7,0,False,0.0,1,1
100000008289539100,peripheral,0.7,15,0.2003,получил 14 912 ₸ (1 перев.) и дальше не переводил; сумма мала для роли,2,False,False,1,0,14912.0,0.0,1,0,0.0,0.0002903134116978226,0.0,3.5676348106616587e-05,0.0,0,1,7,0,False,0.0,1,1
100000002653948100,peripheral,0.7,6,0.2001,получил 85 200 ₸ (1 перев.) и дальше не переводил; сумма мала для роли,3,False,False,1,0,85200.0,0.0,1,0,0.0,0.0002883305558484028,0.0,0.0029401739563140994,0.0,0,0,7,0,False,0.0,1,1
100000008677518100,peripheral,0.7,1,0.2001,получил 48 700 ₸ (1 перев.) и дальше не переводил; сумма мала для роли,3,False,False,1,0,48700.0,0.0,1,0,0.0,0.000293170282063496,0.0,3.0588951023382876e-10,0.0,0,0,1,0,False,0.0,1,1
100000005979037100,peripheral,0.3,7,0.2,"4-е колено: получил 60 300 ₸ от 1 плательщ.; исходящие не выгружались (обрыв обхода), нужна доп. выгрузка",4,False,True,1,0,60300.0,0.0,1,0,0.0,0.0003248463424153593,0.0,9.023756758629543e-290,0.0,0,0,7,0,False,0.0,1,1
100000000408846100,peripheral,0.7,28,0.1999,получил 40 500 ₸ (1 перев.) и дальше не переводил; сумма мала для роли,3,False,False,1,0,40500.0,0.0,1,0,0.0,0.0002957255734808806,0.0,2.8321519604650354e-232,0.0,0,0,7,0,False,0.0,1,1
100000008727982100,peripheral,0.3,26,0.1996,"4-е колено: получил 30 000 ₸ от 1 плательщ.; исходящие не выгружались (обрыв обхода), нужна доп. выгрузка",4,False,True,1,0,30000.0,0.0,2,0,0.0,0.0005138489258762212,0.0,3.088206810369692e-298,0.0,0,0,1,0,False,0.0,1,1
100000000307908100,peripheral,0.7,44,0.1994,получил 5 000 ₸ (1 перев.) и дальше не переводил; сумма мала для роли,2,False,False,1,0,5000.0,0.0,1,0,0.0,0.0002964337747494595,0.0,3.259989328808774e-220,0.0,0,1,1,0,False,0.0,1,1
100000002729875100,peripheral,0.3,9,0.1991,"4-е колено: получил 76 000 ₸ от 1 плательщ.; исходящие не выгружались (обрыв обхода), нужна доп. выгрузка",4,False,True,1,0,76000.0,0.0,1,0,0.0,0.00031401829922035325,0.0,2.758273854900145e-06,0.0,0,0,7,0,False,0.0,1,1
100000004655046100,peripheral,0.3,9,0.1989,"4-е колено: получил 24 000 ₸ от 1 плательщ.; исходящие не выгружались (обрыв обхода), нужна доп. выгрузка",4,False,True,1,0,24000.0,0.0,1,0,0.0,0.0005575082914139779,0.0,0.0,0.0,0,0,9,0,False,0.0,1,1
100000000634341100,peripheral,0.3,2,0.1984,"4-е колено: получил 24 000 ₸ от 1 плательщ.; исходящие не выгружались (обрыв обхода), нужна доп. выгрузка",4,False,True,1,0,24000.0,0.0,2,0,0.0,0.00055493827193886,0.0,0.0,0.0,0,0,7,0,False,0.0,1,2
100000003486846100,peripheral,0.3,4,0.1984,"4-е колено: получил 27 000 ₸ от 1 плательщ.; исходящие не выгружались (обрыв обхода), нужна доп. выгрузка",4,False,True,1,0,27000.0,0.0,2,0,0.0,0.0005311359663531782,0.0,0.0,0.0,0,0,7,0,False,0.0,1,2
100000001389255100,peripheral,0.7,1,0.1983,получил 16 136 ₸ (1 перев.) и дальше не переводил; сумма мала для роли,1,False,False,1,0,16136.0,0.0,1,0,0.0,0.00028895605160856404,0.0,5.95500058530398e-11,0.0,1,1,1,0,False,0.0,1,1
100000004241142100,peripheral,0.3,2,0.1979,"4-е колено: получил 27 102 ₸ от 1 плательщ.; исходящие не выгружались (обрыв обхода), нужна доп. выгрузка",4,False,True,1,0,27102.0,0.0,1,0,0.0,0.0005301329725055737,0.0,0.0,0.0,0,0,7,0,False,0.0,1,1
100000003888197100,peripheral,0.7,6,0.1978,получил 83 167 ₸ (1 перев.) и дальше не переводил; сумма мала для роли,3,False,False,1,0,83167.0,0.0,1,0,0.0,0.00028826466799751016,0.0,0.0029401739563140994,0.0,0,0,7,0,False,0.0,1,1
100000003230329100,peripheral,0.3,5,0.1977,"4-е колено: получил 110 000 ₸ от 1 плательщ.; исходящие не выгружались (обрыв обхода), нужна доп. выгрузка",4,False,True,1,0,110000.0,0.0,1,0,0.0,0.00030004064309052897,0.0,1.276147972494963e-06,0.0,0,0,8,0,False,0.0,1,1
100000005685783100,peripheral,0.3,1,0.1973,"4-е колено: получил 26 150 ₸ от 1 плательщ.; исходящие не выгружались (обрыв обхода), нужна доп. выгрузка",4,False,True,1,0,26150.0,0.0,1,0,0.0,0.0005320610913052177,0.0,0.0,0.0,0,0,1,0,False,0.0,1,1
100000008654653100,transit,0.45,4,0.1973,seed: отправил 54 000 ₸ 1 получ.; входящие вне выгрузки — роль по исходящим,0,True,False,0,1,0.0,54000.0,0,1,-1.0,0.0002855692942172909,1.135280671152267e-08,0.0,0.0,0,0,0,0,False,0.0,0,1
100000004261340100,peripheral,0.3,2,0.1973,"4-е колено: получил 48 500 ₸ от 1 плательщ.; исходящие не выгружались (обрыв обхода), нужна доп. выгрузка",4,False,True,1,0,48500.0,0.0,4,0,0.0,0.00034738504920153653,0.0,2.07017589941017e-05,0.0,0,0,7,0,False,0.0,1,4
100000003252446100,peripheral,0.3,5,0.1972,"4-е колено: получил 108 600 ₸ от 1 плательщ.; исходящие не выгружались (обрыв обхода), нужна доп. выгрузка",4,False,True,1,0,108600.0,0.0,1,0,0.0,0.00029998773072103645,0.0,4.916414278360674e-07,0.0,0,0,8,0,False,0.0,1,1
100000001299323100,peripheral,0.3,5,0.1971,"4-е колено: получил 109 000 ₸ от 1 плательщ.; исходящие не выгружались (обрыв обхода), нужна доп. выгрузка",4,False,True,1,0,109000.0,0.0,1,0,0.0,0.0002999090853734995,0.0,1.276147972494963e-06,0.0,0,0,8,0,False,0.0,1,1
100000002301828100,peripheral,0.7,16,0.1971,получил 46 977 ₸ (1 перев.) и дальше не переводил; сумма мала для роли,3,False,False,1,0,46977.0,0.0,1,0,0.0,0.00029296342924915497,0.0,0.000233344615948652,0.0,0,0,7,0,False,0.0,1,1
100000004445291100,peripheral,0.7,27,0.1968,получил 19 500 ₸ (2 перев.) и дальше не переводил; сумма мала для роли,3,False,False,1,0,19500.0,0.0,2,0,0.0,0.0003192394235172127,0.0,2.5006816366679155e-06,0.0,0,0,7,0,False,0.0,1,2
100000003370425100,peripheral,0.3,11,0.1966,"4-е колено: получил 20 000 ₸ от 1 плательщ.; исходящие не выгружались (обрыв обхода), нужна доп. выгрузка",4,False,True,1,0,20000.0,0.0,1,0,0.0,0.000647950480560365,0.0,0.0,0.0,0,0,7,0,False,0.0,1,1
100000007618425100,peripheral,0.7,16,0.1962,получил 39 348 ₸ (1 перев.) и дальше не переводил; сумма мала для роли,3,False,False,1,0,39348.0,0.0,1,0,0.0,0.0002950732143281281,0.0,0.0004659017954226318,0.0,0,0,7,0,False,0.0,1,1
100000008732098100,peripheral,0.7,1,0.1962,получил 15 677 ₸ (1 перев.) и дальше не переводил; сумма мала для роли,1,False,False,1,0,15677.0,0.0,1,0,0.0,0.00028885971288505175,0.0,5.95500058530398e-11,0.0,1,1,1,0,False,0.0,1,1
100000008716773100,peripheral,0.7,1,0.1962,получил 15 677 ₸ (1 перев.) и дальше не переводил; сумма мала для роли,1,False,False,1,0,15677.0,0.0,1,0,0.0,0.00028885971288505175,0.0,5.95500058530398e-11,0.0,1,1,1,0,False,0.0,1,1
100000000912487100,peripheral,0.7,3,0.1961,получил 10 000 ₸ (1 перев.) и дальше не переводил; сумма мала для роли,2,False,False,1,0,10000.0,0.0,1,0,0.0,0.00029168015431879206,0.0,0.0001427672909306537,0.0,0,1,9,0,False,0.0,1,1
100000008764436100,peripheral,0.7,1,0.1961,получил 13 100 ₸ (1 перев.) и дальше не переводил; сумма мала для роли,2,False,False,1,0,13100.0,0.0,1,0,0.0,0.00029001854298614906,0.0,7.619950610759462e-13,0.0,0,1,1,0,False,0.0,1,1
100000007731977100,peripheral,0.3,2,0.1959,"4-е колено: получил 50 000 ₸ от 1 плательщ.; исходящие не выгружались (обрыв обхода), нужна доп. выгрузка",4,False,True,1,0,50000.0,0.0,1,0,0.0,0.0003367721755154738,0.0,3.148497900522947e-05,0.0,0,0,7,0,False,0.0,1,1
100000005807278100,peripheral,0.7,47,0.1959,получил 8 385 ₸ (1 перев.) и дальше не переводил; сумма мала для роли,1,False,False,1,0,8385.0,0.0,1,0,0.0,0.0002929553322377627,0.0,2.91876993847384e-271,0.0,1,1,1,0,False,0.0,1,1
100000003736419100,peripheral,0.5,2,0.1958,"получил 23 300 ₸, отдал дальше 43% полученного; ни сбора, ни веера, ни чистого транзита",3,False,False,1,1,23300.0,10000.0,1,1,0.4291845493562232,0.0002916476006545207,0.0,0.001137907385155322,1.922024458454748e-05,0,0,7,0,False,1.0,1,1
100000001953577100,peripheral,0.7,1,0.1956,получил 15 600 ₸ (1 перев.) и дальше не переводил; сумма мала для роли,1,False,False,1,0,15600.0,0.0,1,0,0.0,0.00028884355148698975,0.0,5.95500058530398e-11,0.0,1,1,1,0,False,0.0,1,1
100000004991593100,peripheral,0.3,7,0.1955,"4-е колено: получил 45 000 ₸ от 1 плательщ.; исходящие не выгружались (обрыв обхода), нужна доп. выгрузка",4,False,True,1,0,45000.0,0.0,2,0,0.0,0.00035489105110696656,0.0,2.995296467708153e-05,0.0,0,0,7,0,False,0.0,1,2
100000008672762100,peripheral,0.7,1,0.1954,получил 13 000 ₸ (1 перев.) и дальше не переводил; сумма мала для роли,2,False,False,1,0,13000.0,0.0,1,0,0.0,0.0002899845792550891,0.0,7.619950610759462e-13,0.0,0,1,1,0,False,0.0,1,1
100000008672480100,peripheral,0.7,1,0.1954,получил 13 000 ₸ (1 перев.) и дальше не переводил; сумма мала для роли,2,False,False,1,0,13000.0,0.0,1,0,0.0,0.0002899845792550891,0.0,7.619950610759462e-13,0.0,0,1,1,0,False,0.0,1,1
100000008583971100,peripheral,0.3,2,0.1953,"4-е колено: получил 51 000 ₸ от 2 плательщ.; исходящие не выгружались (обрыв обхода), нужна доп. выгрузка",4,False,True,2,0,51000.0,0.0,2,0,0.0,0.00032971602313587925,0.0,3.832291789534168e-05,0.0,0,0,7,0,False,0.0,1,2
100000008672162100,peripheral,0.7,1,0.1953,получил 15 550 ₸ (1 перев.) и дальше не переводил; сумма мала для роли,1,False,False,1,0,15550.0,0.0,1,0,0.0,0.0002888330570726638,0.0,5.95500058530398e-11,0.0,1,1,1,0,False,0.0,1,1
100000005127767100,peripheral,0.7,43,0.1951,получил 7 000 ₸ (1 перев.) и дальше не переводил; сумма мала для роли,3,False,False,1,0,7000.0,0.0,1,0,0.0,0.0004225316662796324,0.0,1.23619985386e-313,0.0,0,0,7,0,False,0.0,1,1
100000003819173100,peripheral,0.3,7,0.1951,"4-е колено: получил 143 777 ₸ от 1 плательщ.; исходящие не выгружались (обрыв обхода), нужна доп. выгрузка",4,False,True,1,0,143777.0,0.0,1,0,0.0,0.0002952095652766993,0.0,0.00011365723210704084,0.0,0,0,7,0,False,0.0,1,1
100000006706519100,peripheral,0.3,2,0.195,"4-е колено: получил 36 000 ₸ от 1 плательщ.; исходящие не выгружались (обрыв обхода), нужна доп. выгрузка",4,False,True,1,0,36000.0,0.0,3,0,0.0,0.00039071092103657676,0.0,0.0,0.0,0,0,7,0,False,0.0,1,3
100000003074515100,peripheral,0.3,5,0.195,"4-е колено: получил 105 000 ₸ от 1 плательщ.; исходящие не выгружались (обрыв обхода), нужна доп. выгрузка",4,False,True,1,0,105000.0,0.0,1,0,0.0,0.00029938285450538176,0.0,1.276147972494963e-06,0.0,0,0,8,0,False,0.0,1,1
100000008754747100,peripheral,0.7,1,0.1949,получил 45 500 ₸ (1 перев.) и дальше не переводил; сумма мала для роли,3,False,False,1,0,45500.0,0.0,1,0,0.0,0.0002926708331701108,0.0,3.0588951023382876e-10,0.0,0,0,1,0,False,0.0,1,1
100000008670667100,peripheral,0.7,1,0.1948,получил 15 534 ₸ (1 перев.) и дальше не переводил; сумма мала для роли,1,False,False,1,0,15534.0,0.0,1,0,0.0,0.0002888296988600795,0.0,5.95500058530398e-11,0.0,1,1,1,0,False,0.0,1,1
100000008718089100,peripheral,0.7,1,0.1948,получил 15 534 ₸ (1 перев.) и дальше не переводил; сумма мала для роли,1,False,False,1,0,15534.0,0.0,1,0,0.0,0.0002888296988600795,0.0,5.95500058530398e-11,0.0,1,1,1,0,False,0.0,1,1
100000004497606100,peripheral,0.7,1,0.1948,получил 15 534 ₸ (1 перев.) и дальше не переводил; сумма мала для роли,1,False,False,1,0,15534.0,0.0,1,0,0.0,0.0002888296988600795,0.0,5.95500058530398e-11,0.0,1,1,1,0,False,0.0,1,1
100000008720798100,peripheral,0.7,1,0.1948,получил 15 534 ₸ (1 перев.) и дальше не переводил; сумма мала для роли,1,False,False,1,0,15534.0,0.0,1,0,0.0,0.0002888296988600795,0.0,5.95500058530398e-11,0.0,1,1,1,0,False,0.0,1,1
100000003622955100,peripheral,0.3,10,0.1945,"4-е колено: получил 15 000 ₸ от 1 плательщ.; исходящие не выгружались (обрыв обхода), нужна доп. выгрузка",4,False,True,1,0,15000.0,0.0,1,0,0.0,0.001334263775828019,0.0,0.0,0.0,0,0,11,0,False,0.0,1,1
100000003927792100,peripheral,0.7,15,0.1944,получил 13 067 ₸ (1 перев.) и дальше не переводил; сумма мала для роли,2,False,False,1,0,13067.0,0.0,1,0,0.0,0.00028972644169034,0.0,3.5676348106616587e-05,0.0,0,1,7,0,False,0.0,1,1
100000004286573100,peripheral,0.7,12,0.1944,получил 16 590 ₸ (1 перев.) и дальше не переводил; сумма мала для роли,1,False,False,1,0,16590.0,0.0,1,0,0.0,0.0002883224885597272,0.0,1.0100033243240566e-05,0.0,1,1,1,0,False,0.0,1,1
100000001845505100,peripheral,0.3,7,0.1943,"4-е колено: получил 20 000 ₸ от 1 плательщ.; исходящие не выгружались (обрыв обхода), нужна доп. выгрузка",4,False,True,1,0,20000.0,0.0,1,0,0.0,0.0005923838494805277,0.0,0.0,0.0,0,0,7,0,False,0.0,1,1
100000002095257100,peripheral,0.7,12,0.1941,получил 8 500 ₸ (1 перев.) и дальше не переводил; сумма мала для роли,3,False,False,1,0,8500.0,0.0,1,0,0.0,0.0003967338202422219,0.0,1.0252342405126814e-06,0.0,0,0,8,0,False,0.0,1,1
100000005744674100,transit,0.45,19,0.194,seed: отправил 50 066 ₸ 1 получ.; входящие вне выгрузки — роль по исходящим,0,True,False,0,1,0.0,50066.0,0,2,-1.0,0.0002855692942172909,4.605582209465205e-07,0.0,0.0,0,0,0,0,False,0.0,0,2
100000006894637100,peripheral,0.7,2,0.1938,получил 52 831 ₸ (1 перев.) и дальше не переводил; сумма мала для роли,3,False,False,1,0,52831.0,0.0,1,0,0.0,0.0002902544663373193,0.0,0.0011319383959652314,0.0,0,0,7,0,False,0.0,1,1
100000007631637100,peripheral,0.7,1,0.1938,получил 15 341 ₸ (1 перев.) и дальше не переводил; сумма мала для роли,1,False,False,1,0,15341.0,0.0,1,0,0.0,0.0002887891904207813,0.0,5.95500058530398e-11,0.0,1,1,1,0,False,0.0,1,1
100000001415126100,peripheral,0.7,19,0.1938,получил 27 000 ₸ (1 перев.) и дальше не переводил; сумма мала для роли,0,True,False,1,0,27000.0,0.0,1,0,0.0,0.00040961890543080487,0.0,2.8874363102964077e-07,0.0,0,0,7,0,False,0.0,1,1
100000006416061100,peripheral,0.3,7,0.1938,"4-е колено: получил 30 000 ₸ от 1 плательщ.; исходящие не выгружались (обрыв обхода), нужна доп. выгрузка",4,False,True,1,0,30000.0,0.0,1,0,0.0,0.0004348563786213132,0.0,1.23619985386e-313,0.0,0,0,7,0,False,0.0,1,1
100000002713974100,peripheral,0.3,7,0.1937,"4-е колено: получил 50 000 ₸ от 1 плательщ.; исходящие не выгружались (обрыв обхода), нужна доп. выгрузка",4,False,True,1,0,50000.0,0.0,1,0,0.0,0.0003299501883700874,0.0,0.0,0.0,0,0,7,0,False,0.0,1,1
100000002299948100,peripheral,0.7,33,0.1937,получил 6 750 ₸ (1 перев.) и дальше не переводил; сумма мала для роли,2,False,False,1,0,6750.0,0.0,1,0,0.0,0.00029301562294545036,0.0,4.870880269675223e-241,0.0,0,1,8,0,False,0.0,1,1
100000004064431100,peripheral,0.5,25,0.1935,"получил 26 000 ₸, отдал дальше 38% полученного; ни сбора, ни веера, ни чистого транзита",3,False,False,1,1,26000.0,10000.0,1,1,0.38461538461538464,0.0002910534469463005,0.0,3.403941910066223e-179,9.90734256935437e-07,0,0,1,0,False,1.0,1,2
100000003180820100,peripheral,0.3,5,0.1931,"4-е колено: получил 101 000 ₸ от 1 плательщ.; исходящие не выгружались (обрыв обхода), нужна доп. выгрузка",4,False,True,1,0,101000.0,0.0,1,0,0.0,0.0002988566236372641,0.0,1.276147972494963e-06,0.0,0,0,8,0,False,0.0,1,1
100000002748511100,peripheral,0.3,4,0.1928,"4-е колено: получил 20 000 ₸ от 1 плательщ.; исходящие не выгружались (обрыв обхода), нужна доп. выгрузка",4,False,True,1,0,20000.0,0.0,1,0,0.0,0.0005674892808776474,0.0,2.1155338218666927e-08,0.0,0,0,7,0,False,0.0,1,1
100000003097947100,peripheral,0.3,7,0.1927,"4-е колено: получил 52 980 ₸ от 1 плательщ.; исходящие не выгружались (обрыв обхода), нужна доп. выгрузка",4,False,True,1,0,52980.0,0.0,1,0,0.0,0.0003200783823355938,0.0,9.023756758629543e-290,0.0,0,0,7,0,False,0.0,1,1
100000002742067100,peripheral,0.7,15,0.1925,получил 12 730 ₸ (1 перев.) и дальше не переводил; сумма мала для роли,2,False,False,1,0,12730.0,0.0,1,0,0.0,0.0002896192281984583,0.0,3.5676348106616587e-05,0.0,0,1,7,0,False,0.0,1,1
100000002478829100,peripheral,0.3,22,0.1924,"4-е колено: получил 34 000 ₸ от 1 плательщ.; исходящие не выгружались (обрыв обхода), нужна доп. выгрузка",4,False,True,1,0,34000.0,0.0,1,0,0.0,0.0003873344502833008,0.0,7.577905051749476e-255,0.0,0,0,7,0,False,0.0,1,1
100000008772246100,peripheral,0.7,1,0.1924,получил 44 500 ₸ (1 перев.) и дальше не переводил; сумма мала для роли,3,False,False,1,0,44500.0,0.0,1,0,0.0,0.00029251475539092793,0.0,3.0588951023382876e-10,0.0,0,0,1,0,False,0.0,1,1
100000002908521100,peripheral,0.7,1,0.1924,получил 44 500 ₸ (1 перев.) и дальше не переводил; сумма мала для роли,3,False,False,1,0,44500.0,0.0,1,0,0.0,0.00029251475539092793,0.0,3.0588951023382876e-10,0.0,0,0,1,0,False,0.0,1,1
100000001835625100,peripheral,0.7,6,0.1919,получил 75 130 ₸ (1 перев.) и дальше не переводил; сумма мала для роли,3,False,False,1,0,75130.0,0.0,1,0,0.0,0.0002880041954654767,0.0,0.0029401739563140994,0.0,0,0,7,0,False,0.0,1,1
100000003134550100,peripheral,0.3,5,0.1919,"4-е колено: получил 100 000 ₸ от 1 плательщ.; исходящие не выгружались (обрыв обхода), нужна доп. выгрузка",4,False,True,1,0,100000.0,0.0,1,0,0.0,0.0002988459392483642,0.0,4.916414278360674e-07,0.0,0,0,8,0,False,0.0,1,1
100000000968253100,peripheral,0.7,1,0.1918,получил 15 000 ₸ (1 перев.) и дальше не переводил; сумма мала для роли,1,False,False,1,0,15000.0,0.0,1,0,0.0,0.00028871761851507826,0.0,5.95500058530398e-11,0.0,1,1,1,0,False,0.0,1,1
100000008669310100,peripheral,0.7,2,0.1909,получил 59 567 ₸ (2 перев.) и дальше не переводил; сумма мала для роли,3,False,False,1,0,59567.0,0.0,2,0,0.0,0.00028892410569473836,0.0,0.0029057815328092595,0.0,0,0,7,0,False,0.0,1,2
100000002578653100,peripheral,0.7,50,0.1908,получил 20 000 ₸ (1 перев.) и дальше не переводил; сумма мала для роли,3,False,False,1,0,20000.0,0.0,1,0,0.0,0.0003113100744475735,0.0,0.0,0.0,0,0,7,0,False,0.0,1,1
100000008687617100,peripheral,0.7,1,0.1908,получил 43 350 ₸ (2 перев.) и дальше не переводил; сумма мала для роли,3,False,False,1,0,43350.0,0.0,2,0,0.0,0.0002923352659448677,0.0,3.0588951023382876e-10,0.0,0,0,1,0,False,0.0,1,2
100000005233755100,peripheral,0.5,16,0.1906,"получил 25 000 ₸, отдал дальше 20% полученного; ни сбора, ни веера, ни чистого транзита",3,False,False,1,1,25000.0,5000.0,1,1,0.2,0.0002916076698087042,0.0,0.0004659017954226318,1.922024458454748e-05,0,0,7,0,False,1.0,1,1
100000007267915100,peripheral,0.5,16,0.1904,"получил 21 000 ₸, отдал дальше 48% полученного; ни сбора, ни веера, ни чистого транзита",3,False,False,2,1,21000.0,10000.0,3,1,0.47619047619047616,0.00029139460697907583,0.00012843542843703006,0.0008761602734965341,1.6729898929614312e-06,0,0,7,0,False,1.0,1,4
100000001270470100,peripheral,0.3,2,0.1904,"4-е колено: получил 28 300 ₸ от 1 плательщ.; исходящие не выгружались (обрыв обхода), нужна доп. выгрузка",4,False,True,1,0,28300.0,0.0,2,0,0.0,0.000429741305607408,0.0,0.0,0.0,0,0,7,0,False,0.0,1,2
100000004488265100,peripheral,0.7,7,0.1903,получил 38 740 ₸ (1 перев.) и дальше не переводил; сумма мала для роли,3,False,False,1,0,38740.0,0.0,1,0,0.0,0.0002934512958019918,0.0,0.0016044117305492448,0.0,0,0,7,0,False,0.0,1,1
100000002737980100,peripheral,0.7,4,0.1901,получил 32 900 ₸ (1 перев.) и дальше не переводил; сумма мала для роли,3,False,False,1,0,32900.0,0.0,1,0,0.0,0.00029542388166028027,0.0,5.2569834314297354e-05,0.0,0,0,7,0,False,0.0,1,1
100000008776576100,peripheral,0.7,1,0.19,получил 14 765 ₸ (1 перев.) и дальше не переводил; сумма мала для роли,1,False,False,1,0,14765.0,0.0,1,0,0.0,0.00028866829476774624,0.0,5.95500058530398e-11,0.0,1,1,1,0,False,0.0,1,1
100000004099450100,peripheral,0.7,7,0.1899,получил 31 000 ₸ (1 перев.) и дальше не переводил; сумма мала для роли,3,False,False,1,0,31000.0,0.0,1,0,0.0,0.00029616586394753193,0.0,0.00016105425266535616,0.0,0,0,7,0,False,0.0,1,1
100000000481716100,peripheral,0.7,9,0.1894,получил 8 000 ₸ (1 перев.) и дальше не переводил; сумма мала для роли,3,False,False,1,0,8000.0,0.0,1,0,0.0,0.0003771539261882796,0.0,2.2795668875118483e-08,0.0,0,0,7,0,False,0.0,1,1
100000008755361100,peripheral,0.7,1,0.1893,получил 14 627 ₸ (1 перев.) и дальше не переводил; сумма мала для роли,1,False,False,1,0,14627.0,0.0,1,0,0.0,0.0002886393301842066,0.0,5.95500058530398e-11,0.0,1,1,1,0,False,0.0,1,1
100000008717341100,peripheral,0.7,1,0.1893,получил 14 627 ₸ (1 перев.) и дальше не переводил; сумма мала для роли,1,False,False,1,0,14627.0,0.0,1,0,0.0,0.0002886393301842066,0.0,5.95500058530398e-11,0.0,1,1,1,0,False,0.0,1,1
100000002992171100,peripheral,0.7,1,0.1893,получил 14 627 ₸ (1 перев.) и дальше не переводил; сумма мала для роли,1,False,False,1,0,14627.0,0.0,1,0,0.0,0.0002886393301842066,0.0,5.95500058530398e-11,0.0,1,1,1,0,False,0.0,1,1
100000004791226100,peripheral,0.3,2,0.189,"4-е колено: получил 20 000 ₸ от 1 плательщ.; исходящие не выгружались (обрыв обхода), нужна доп. выгрузка",4,False,True,1,0,20000.0,0.0,1,0,0.0,0.0005414836607379305,0.0,0.0,0.0,0,0,7,0,False,0.0,1,1
100000001745217100,peripheral,0.7,2,0.1889,получил 50 000 ₸ (1 перев.) и дальше не переводил; сумма мала для роли,3,False,False,1,0,50000.0,0.0,1,0,0.0,0.0002900034068784448,0.0,0.0011319383959652314,0.0,0,0,7,0,False,0.0,1,1
100000006471232100,peripheral,0.7,1,0.1888,получил 41 800 ₸ (1 перев.) и дальше не переводил; сумма мала для роли,3,False,False,1,0,41800.0,0.0,1,0,0.0,0.00029209334538713425,0.0,3.0588951023382876e-10,0.0,0,0,1,0,False,0.0,1,1
100000003610172100,peripheral,0.7,6,0.1887,получил 70 000 ₸ (1 перев.) и дальше не переводил; сумма мала для роли,3,False,False,1,0,70000.0,0.0,1,0,0.0,0.0002878379364024767,0.0,0.0029401739563140994,0.0,0,0,7,0,False,0.0,1,1
100000001816678100,peripheral,0.3,3,0.1885,"4-е колено: получил 60 000 ₸ от 1 плательщ.; исходящие не выгружались (обрыв обхода), нужна доп. выгрузка",4,False,True,1,0,60000.0,0.0,1,0,0.0,0.0003096552220398208,0.0,2.3085824487559636e-05,0.0,0,0,7,0,False,0.0,1,1
100000005497148100,peripheral,0.3,6,0.1881,"4-е колено: получил 24 000 ₸ от 1 плательщ.; исходящие не выгружались (обрыв обхода), нужна доп. выгрузка",4,False,True,1,0,24000.0,0.0,2,0,0.0,0.0004900139425044355,0.0,0.0,0.0,0,0,7,0,False,0.0,1,2
100000004691350100,peripheral,0.3,54,0.188,"4-е колено: получил 13 300 ₸ от 1 плательщ.; исходящие не выгружались (обрыв обхода), нужна доп. выгрузка",4,False,True,1,0,13300.0,0.0,1,0,0.0,0.0008870591048616337,0.0,0.0,0.0,0,0,7,0,False,0.0,1,1
100000002723439100,peripheral,0.3,34,0.1877,"4-е колено: получил 18 000 ₸ от 1 плательщ.; исходящие не выгружались (обрыв обхода), нужна доп. выгрузка",4,False,True,1,0,18000.0,0.0,2,0,0.0,0.0005526233540248644,0.0,6.728017735336456e-282,0.0,0,0,8,0,False,0.0,1,2
100000003500764100,peripheral,0.3,16,0.1873,"4-е колено: получил 21 000 ₸ от 1 плательщ.; исходящие не выгружались (обрыв обхода), нужна доп. выгрузка",4,False,True,1,0,21000.0,0.0,1,0,0.0,0.0005301918184248244,0.0,0.0,0.0,0,0,7,0,False,0.0,1,1
100000008663007100,peripheral,0.7,1,0.1872,получил 14 000 ₸ (1 перев.) и дальше не переводил; сумма мала для роли,1,False,False,1,0,14000.0,0.0,1,0,0.0,0.0002885077302285591,0.0,5.95500058530398e-11,0.0,1,1,1,0,False,0.0,1,1
100000002830055100,peripheral,0.7,1,0.1872,получил 14 000 ₸ (1 перев.) и дальше не переводил; сумма мала для роли,1,False,False,1,0,14000.0,0.0,1,0,0.0,0.0002885077302285591,0.0,5.95500058530398e-11,0.0,1,1,1,0,False,0.0,1,1
100000006746688100,peripheral,0.7,1,0.1872,получил 41 000 ₸ (1 перев.) и дальше не переводил; сумма мала для роли,3,False,False,1,0,41000.0,0.0,1,0,0.0,0.000291968483163788,0.0,3.0588951023382876e-10,0.0,0,0,1,0,False,0.0,1,1
100000005189258100,peripheral,0.3,6,0.1868,"4-е колено: получил 50 000 ₸ от 1 плательщ.; исходящие не выгружались (обрыв обхода), нужна доп. выгрузка",4,False,True,1,0,50000.0,0.0,1,0,0.0,0.00031597643294580327,0.0,4.837478286409815e-05,0.0,0,0,7,0,False,0.0,1,1
100000001716579100,peripheral,0.7,1,0.1867,получил 13 916 ₸ (1 перев.) и дальше не переводил; сумма мала для роли,1,False,False,1,0,13916.0,0.0,1,0,0.0,0.0002884900996124915,0.0,5.95500058530398e-11,0.0,1,1,1,0,False,0.0,1,1
100000004991812100,peripheral,0.7,23,0.1863,получил 10 000 ₸ (1 перев.) и дальше не переводил; сумма мала для роли,3,False,False,1,0,10000.0,0.0,1,0,0.0,0.0003463600077195257,0.0,1.23619985386e-313,0.0,0,0,7,0,False,0.0,1,1
100000003713616100,peripheral,0.7,4,0.1861,получил 15 893 ₸ (1 перев.) и дальше не переводил; сумма мала для роли,1,False,False,1,0,15893.0,0.0,1,0,0.0,0.00028727807864198997,0.0,0.0002952416008836587,0.0,1,1,7,0,False,0.0,1,1
100000008461217100,peripheral,0.3,53,0.1861,"4-е колено: получил 18 000 ₸ от 1 плательщ.; исходящие не выгружались (обрыв обхода), нужна доп. выгрузка",4,False,True,1,0,18000.0,0.0,1,0,0.0,0.0005455897895490721,0.0,0.0,0.0,0,0,10,0,False,0.0,1,1
100000005362848100,peripheral,0.7,9,0.186,получил 29 000 ₸ (1 перев.) и дальше не переводил; сумма мала для роли,3,False,False,1,0,29000.0,0.0,1,0,0.0,0.00029637417941000597,0.0,6.407022137400362e-07,0.0,0,0,7,0,False,0.0,1,1
100000003036198100,peripheral,0.7,3,0.1858,получил 15 000 ₸ (1 перев.) и дальше не переводил; сумма мала для роли,2,False,False,1,0,15000.0,0.0,1,0,0.0,0.0002879340067316298,0.0,0.0001421681899391104,0.0,0,1,7,0,False,0.0,1,1
100000001130553100,peripheral,0.3,6,0.1858,"4-е колено: получил 18 000 ₸ от 1 плательщ.; исходящие не выгружались (обрыв обхода), нужна доп. выгрузка",4,False,True,1,0,18000.0,0.0,2,0,0.0,0.0005436529519802218,0.0,1.23619985386e-313,0.0,0,0,7,0,False,0.0,1,1
100000007653094100,peripheral,0.3,11,0.1857,"4-е колено: получил 16 000 ₸ от 1 плательщ.; исходящие не выгружались (обрыв обхода), нужна доп. выгрузка",4,False,True,1,0,16000.0,0.0,1,0,0.0,0.0005754742432917503,0.0,0.0,0.0,0,0,7,0,False,0.0,1,1
100000002369454100,peripheral,0.3,7,0.1852,"4-е колено: получил 25 000 ₸ от 1 плательщ.; исходящие не выгружались (обрыв обхода), нужна доп. выгрузка",4,False,True,1,0,25000.0,0.0,1,0,0.0,0.00042888184355224774,0.0,0.0,0.0,0,0,7,0,False,0.0,1,1
100000001598625100,peripheral,0.3,7,0.1852,"4-е колено: получил 25 000 ₸ от 1 плательщ.; исходящие не выгружались (обрыв обхода), нужна доп. выгрузка",4,False,True,1,0,25000.0,0.0,1,0,0.0,0.00042888184355224774,0.0,0.0,0.0,0,0,7,0,False,0.0,1,1
100000000737152100,peripheral,0.3,2,0.1847,"4-е колено: получил 35 000 ₸ от 1 плательщ.; исходящие не выгружались (обрыв обхода), нужна доп. выгрузка",4,False,True,1,0,35000.0,0.0,1,0,0.0,0.0003445071691804116,0.0,0.0,0.0,0,0,7,0,False,0.0,1,1
100000005723580100,peripheral,0.3,5,0.1846,"4-е колено: получил 35 000 ₸ от 1 плательщ.; исходящие не выгружались (обрыв обхода), нужна доп. выгрузка",4,False,True,1,0,35000.0,0.0,1,0,0.0,0.00034433622437463404,0.0,1.23619985386e-313,0.0,0,0,8,0,False,0.0,1,1
100000002832753100,peripheral,0.3,15,0.1845,"4-е колено: получил 12 500 ₸ от 1 плательщ.; исходящие не выгружались (обрыв обхода), нужна доп. выгрузка",4,False,True,1,0,12500.0,0.0,1,0,0.0,0.0007555331214190867,0.0,0.0,0.0,0,0,7,0,False,0.0,1,1
100000001530709100,peripheral,0.7,2,0.1845,получил 53 961 ₸ (1 перев.) и дальше не переводил; сумма мала для роли,3,False,False,1,0,53961.0,0.0,1,0,0.0,0.00028860837595943913,0.0,0.0029057815328092595,0.0,0,0,7,0,False,0.0,1,1
100000006512787100,peripheral,0.3,2,0.1844,"4-е колено: получил 20 000 ₸ от 1 плательщ.; исходящие не выгружались (обрыв обхода), нужна доп. выгрузка",4,False,True,1,0,20000.0,0.0,2,0,0.0,0.0005300461906110881,0.0,0.0,0.0,0,0,7,0,False,0.0,1,2
100000004988240100,peripheral,0.3,2,0.1842,"4-е колено: получил 20 000 ₸ от 1 плательщ.; исходящие не выгружались (обрыв обхода), нужна доп. выгрузка",4,False,True,1,0,20000.0,0.0,1,0,0.0,0.0005299271891403068,0.0,0.0,0.0,0,0,7,0,False,0.0,1,1
100000004400480100,peripheral,0.3,13,0.184,"4-е колено: получил 21 700 ₸ от 1 плательщ.; исходящие не выгружались (обрыв обхода), нужна доп. выгрузка",4,False,True,1,0,21700.0,0.0,1,0,0.0,0.0004845728560785352,0.0,0.0,0.0,0,0,2,0,False,0.0,1,1
100000008130868100,peripheral,0.3,13,0.1826,"4-е колено: получил 22 782 ₸ от 1 плательщ.; исходящие не выгружались (обрыв обхода), нужна доп. выгрузка",4,False,True,1,0,22782.0,0.0,1,0,0.0,0.0004516044976627326,0.0,0.0,0.0,0,0,1,0,False,0.0,1,1
100000001860090100,peripheral,0.7,8,0.1821,получил 5 000 ₸ (1 перев.) и дальше не переводил; сумма мала для роли,3,False,False,1,0,5000.0,0.0,1,0,0.0,0.00037803658179597294,0.0,1.23619985386e-313,0.0,0,0,1,0,False,0.0,1,1
100000005079473100,peripheral,0.3,7,0.182,"4-е колено: получил 39 312 ₸ от 1 плательщ.; исходящие не выгружались (обрыв обхода), нужна доп. выгрузка",4,False,True,1,0,39312.0,0.0,1,0,0.0,0.00032600590088597723,0.0,1.7212113966392227e-06,0.0,0,0,7,0,False,0.0,1,1
100000008478414100,peripheral,0.7,1,0.1819,получил 10 000 ₸ (1 перев.) и дальше не переводил; сумма мала для роли,2,False,False,1,0,10000.0,0.0,1,0,0.0,0.00028896566732328953,0.0,7.619950610759462e-13,0.0,0,1,1,0,False,0.0,1,1
100000000625169100,peripheral,0.7,1,0.1819,получил 10 000 ₸ (1 перев.) и дальше не переводил; сумма мала для роли,2,False,False,1,0,10000.0,0.0,1,0,0.0,0.00028896566732328953,0.0,7.619950610759462e-13,0.0,0,1,1,0,False,0.0,1,1
100000008686214100,peripheral,0.7,7,0.1816,получил 25 000 ₸ (1 перев.) и дальше не переводил; сумма мала для роли,3,False,False,1,0,25000.0,0.0,1,0,0.0,0.00029772792993778554,0.0,0.00012159927962597201,0.0,0,0,7,0,False,0.0,1,1
100000003072676100,peripheral,0.7,16,0.1816,получил 31 545 ₸ (1 перев.) и дальше не переводил; сумма мала для роли,3,False,False,1,0,31545.0,0.0,1,0,0.0,0.00029318851653853617,0.0,0.0004659017954226318,0.0,0,0,7,0,False,0.0,1,1
100000008503177100,peripheral,0.7,7,0.1814,получил 33 951 ₸ (1 перев.) и дальше не переводил; сумма мала для роли,3,False,False,1,0,33951.0,0.0,1,0,0.0,0.0002924769306603002,0.0,0.0016044117305492448,0.0,0,0,7,0,False,0.0,1,1
100000004788983100,peripheral,0.3,2,0.1813,"4-е колено: получил 27 000 ₸ от 1 плательщ.; исходящие не выгружались (обрыв обхода), нужна доп. выгрузка",4,False,True,1,0,27000.0,0.0,1,0,0.0,0.000369468518346216,0.0,9.023756758629543e-290,0.0,0,0,7,0,False,0.0,1,1
100000002514975100,peripheral,0.3,28,0.1813,"4-е колено: получил 17 920 ₸ от 1 плательщ.; исходящие не выгружались (обрыв обхода), нужна доп. выгрузка",4,False,True,1,0,17920.0,0.0,1,0,0.0,0.0005310425183631422,0.0,0.0,0.0,0,0,7,0,False,0.0,1,1
100000001429930100,peripheral,0.7,11,0.1811,получил 26 000 ₸ (1 перев.) и дальше не переводил; сумма мала для роли,0,True,False,1,0,26000.0,0.0,1,0,0.0,0.00035079789147407785,0.0,4.259945964858586e-08,0.0,0,0,7,0,False,0.0,1,1
100000008671081100,peripheral,0.7,1,0.1811,получил 37 200 ₸ (1 перев.) и дальше не переводил; сумма мала для роли,3,False,False,1,0,37200.0,0.0,1,0,0.0,0.0002913753876028931,0.0,3.0588951023382876e-10,0.0,0,0,1,0,False,0.0,1,1
100000008716439100,peripheral,0.7,1,0.1811,получил 12 267 ₸ (1 перев.) и дальше не переводил; сумма мала для роли,1,False,False,1,0,12267.0,0.0,1,0,0.0,0.00028814399382802143,0.0,5.95500058530398e-11,0.0,1,1,1,0,False,0.0,1,1
100000002369510100,peripheral,0.7,1,0.1808,получил 37 150 ₸ (1 перев.) и дальше не переводил; сумма мала для роли,3,False,False,1,0,37150.0,0.0,1,0,0.0,0.000291367583713934,0.0,3.0588951023382876e-10,0.0,0,0,1,0,False,0.0,1,1
100000008749405100,peripheral,0.7,1,0.1808,получил 37 150 ₸ (1 перев.) и дальше не переводил; сумма мала для роли,3,False,False,1,0,37150.0,0.0,1,0,0.0,0.000291367583713934,0.0,3.0588951023382876e-10,0.0,0,0,1,0,False,0.0,1,1
100000005496254100,peripheral,0.7,2,0.1807,получил 12 700 ₸ (1 перев.) и дальше не переводил; сумма мала для роли,1,False,False,1,0,12700.0,0.0,1,0,0.0,0.0002879524799916799,0.0,0.0021516815362503513,0.0,1,1,7,0,False,0.0,1,1
100000004260869100,peripheral,0.3,4,0.1807,"4-е колено: получил 10 000 ₸ от 1 плательщ.; исходящие не выгружались (обрыв обхода), нужна доп. выгрузка",4,False,True,1,0,10000.0,0.0,1,0,0.0,0.000842208480336415,0.0,0.0,0.0,0,0,7,0,False,0.0,1,1
100000004714705100,transit,0.45,19,0.1806,seed: отправил 36 550 ₸ 1 получ.; входящие вне выгрузки — роль по исходящим,0,True,False,0,1,0.0,36550.0,0,1,-1.0,0.0002855692942172909,0.0,0.0,0.0,0,0,0,0,False,0.0,0,1
100000003109805100,peripheral,0.7,16,0.1806,получил 36 929 ₸ (1 перев.) и дальше не переводил; сумма мала для роли,3,False,False,1,0,36929.0,0.0,1,0,0.0,0.00029138188362469686,0.0,0.000233344615948652,0.0,0,0,7,0,False,0.0,1,1
100000004222274100,peripheral,0.3,2,0.1801,"4-е колено: получил 15 500 ₸ от 1 плательщ.; исходящие не выгружались (обрыв обхода), нужна доп. выгрузка",4,False,True,1,0,15500.0,0.0,1,0,0.0,0.0005454170226679215,0.0,0.0,0.0,0,0,7,0,False,0.0,1,1
100000005495211100,peripheral,0.3,2,0.18,"4-е колено: получил 14 500 ₸ от 1 плательщ.; исходящие не выгружались (обрыв обхода), нужна доп. выгрузка",4,False,True,1,0,14500.0,0.0,1,0,0.0,0.0005599644833584307,0.0,0.0,0.0,0,0,7,0,False,0.0,1,1
100000008695133100,peripheral,0.7,1,0.18,получил 36 610 ₸ (1 перев.) и дальше не переводил; сумма мала для роли,3,False,False,1,0,36610.0,0.0,1,0,0.0,0.00029128330171317526,0.0,3.0588951023382876e-10,0.0,0,0,1,0,False,0.0,1,1
100000008733049100,peripheral,0.7,15,0.1799,получил 10 000 ₸ (1 перев.) и дальше не переводил; сумма мала для роли,2,False,False,1,0,10000.0,0.0,1,0,0.0,0.0002887507034719393,0.0,3.5676348106616587e-05,0.0,0,1,7,0,False,0.0,1,1
100000005030592100,peripheral,0.7,15,0.1799,получил 10 000 ₸ (1 перев.) и дальше не переводил; сумма мала для роли,2,False,False,1,0,10000.0,0.0,1,0,0.0,0.0002887507034719393,0.0,3.5676348106616587e-05,0.0,0,1,7,0,False,0.0,1,1
100000008331280100,peripheral,0.3,28,0.1798,"4-е колено: получил 41 000 ₸ от 1 плательщ.; исходящие не выгружались (обрыв обхода), нужна доп. выгрузка",4,False,True,1,0,41000.0,0.0,2,0,0.0,0.00031806648242539286,0.0,1.23619985386e-313,0.0,0,0,7,0,False,0.0,1,2
100000002896506100,peripheral,0.3,6,0.1795,"4-е колено: получил 45 000 ₸ от 1 плательщ.; исходящие не выгружались (обрыв обхода), нужна доп. выгрузка",4,False,True,1,0,45000.0,0.0,1,0,0.0,0.0003136296448083371,0.0,0.0,0.0,0,0,7,0,False,0.0,1,1
100000004386286100,peripheral,0.3,12,0.1794,"4-е колено: получил 12 500 ₸ от 1 плательщ.; исходящие не выгружались (обрыв обхода), нужна доп. выгрузка",4,False,True,1,0,12500.0,0.0,1,0,0.0,0.0005972866869113222,0.0,9.023756758629543e-290,0.0,0,0,9,0,False,0.0,1,1
100000004388209100,peripheral,0.7,1,0.1793,получил 11 800 ₸ (1 перев.) и дальше не переводил; сумма мала для роли,1,False,False,1,0,11800.0,0.0,1,0,0.0,0.000288045975998217,0.0,5.95500058530398e-11,0.0,1,1,1,0,False,0.0,1,1
100000002671806100,peripheral,0.7,12,0.1792,получил 12 440 ₸ (1 перев.) и дальше не переводил; сумма мала для роли,1,False,False,1,0,12440.0,0.0,1,0,0.0,0.00028763377508648363,0.0,1.0100033243240566e-05,0.0,1,1,1,0,False,0.0,1,1
100000007510567100,peripheral,0.3,9,0.179,"4-е колено: получил 52 000 ₸ от 1 плательщ.; исходящие не выгружались (обрыв обхода), нужна доп. выгрузка",4,False,True,1,0,52000.0,0.0,1,0,0.0,0.00030503440290359675,0.0,2.758273854900145e-06,0.0,0,0,7,0,False,0.0,1,1
100000005087923100,peripheral,0.3,26,0.1785,"4-е колено: получил 20 000 ₸ от 1 плательщ.; исходящие не выгружались (обрыв обхода), нужна доп. выгрузка",4,False,True,1,0,20000.0,0.0,1,0,0.0,0.0004605791647030636,0.0,0.0,0.0,0,0,1,0,False,0.0,1,1
100000006126743100,peripheral,0.7,6,0.1782,получил 55 000 ₸ (1 перев.) и дальше не переводил; сумма мала для роли,3,False,False,1,0,55000.0,0.0,1,0,0.0,0.00028735179879136544,0.0,0.0029401739563140994,0.0,0,0,7,0,False,0.0,1,1
100000008619857100,peripheral,0.5,2,0.1778,"получил 29 000 ₸, отдал дальше 45% полученного; ни сбора, ни веера, ни чистого транзита",3,False,False,1,2,29000.0,13000.0,1,2,0.4482758620689655,0.0002872025732618286,0.0004040542825894074,0.0029057815328092595,1.75823270987009e-06,0,0,7,0,False,0.6153846153846154,1,2
100000002807334100,peripheral,0.7,6,0.1777,получил 54 715 ₸ (1 перев.) и дальше не переводил; сумма мала для роли,3,False,False,1,0,54715.0,0.0,1,0,0.0,0.00028734256217675437,0.0,0.0029401739563140994,0.0,0,0,7,0,False,0.0,1,1
100000008586731100,peripheral,0.7,12,0.1775,получил 12 000 ₸ (1 перев.) и дальше не переводил; сумма мала для роли,1,False,False,1,0,12000.0,0.0,1,0,0.0,0.00028756075486281447,0.0,1.0100033243240566e-05,0.0,1,1,1,0,False,0.0,1,1
100000000981693100,peripheral,0.3,2,0.1773,"4-е колено: получил 16 500 ₸ от 1 плательщ.; исходящие не выгружались (обрыв обхода), нужна доп. выгрузка",4,False,True,1,0,16500.0,0.0,1,0,0.0,0.000529081521154152,0.0,0.0,0.0,0,0,7,0,False,0.0,1,1
100000005370580100,peripheral,0.7,11,0.1769,получил 24 075 ₸ (1 перев.) и дальше не переводил; сумма мала для роли,0,True,False,1,0,24075.0,0.0,1,0,0.0,0.0003459684664848734,0.0,4.259945964858586e-08,0.0,0,0,7,0,False,0.0,1,1
100000002916006100,transit,0.45,19,0.1767,seed: отправил 32 000 ₸ 1 получ.; входящие вне выгрузки — роль по исходящим,0,True,False,0,1,0.0,32000.0,0,1,-1.0,0.0002855692942172909,8.203488390521243e-303,0.0,0.0,0,0,0,0,False,0.0,0,1
100000005187208100,peripheral,0.7,6,0.1761,получил 14 160 ₸ (1 перев.) и дальше не переводил; сумма мала для роли,3,False,False,1,0,14160.0,0.0,1,0,0.0,0.0003119707842377321,0.0,0.00010694238652270059,0.0,0,0,7,0,False,0.0,1,1
100000007510875100,peripheral,0.7,9,0.1761,получил 5 000 ₸ (1 перев.) и дальше не переводил; сумма мала для роли,3,False,False,1,0,5000.0,0.0,1,0,0.0,0.00035624626017075875,0.0,1.8482032690973996e-07,0.0,0,0,1,0,False,0.0,1,1
100000000870121100,peripheral,0.7,11,0.1759,получил 12 000 ₸ (1 перев.) и дальше не переводил; сумма мала для роли,3,False,False,1,0,12000.0,0.0,1,0,0.0,0.00031567480064350023,0.0,4.259945964858586e-08,0.0,0,0,7,0,False,0.0,1,1
100000005849862100,peripheral,0.3,8,0.1758,"4-е колено: получил 13 000 ₸ от 1 плательщ.; исходящие не выгружались (обрыв обхода), нужна доп. выгрузка",4,False,True,1,0,13000.0,0.0,2,0,0.0,0.0005484355639203493,0.0,0.0,0.0,0,0,7,0,False,0.0,1,2
100000002706810100,peripheral,0.3,18,0.1756,"4-е колено: получил 45 000 ₸ от 1 плательщ.; исходящие не выгружались (обрыв обхода), нужна доп. выгрузка",4,False,True,1,0,45000.0,0.0,1,0,0.0,0.0003096510269579332,0.0,3.6873817911951947e-06,0.0,0,0,1,0,False,0.0,1,1
100000004379306100,peripheral,0.3,7,0.1752,"4-е колено: получил 15 000 ₸ от 1 плательщ.; исходящие не выгружались (обрыв обхода), нужна доп. выгрузка",4,False,True,1,0,15000.0,0.0,1,0,0.0,0.0005320511103436067,0.0,0.0,0.0,0,0,7,0,False,0.0,1,1
100000008703533100,peripheral,0.3,5,0.1751,"4-е колено: получил 75 000 ₸ от 1 плательщ.; исходящие не выгружались (обрыв обхода), нужна доп. выгрузка",4,False,True,1,0,75000.0,0.0,1,0,0.0,0.00029552677799059583,0.0,4.916414278360674e-07,0.0,0,0,8,0,False,0.0,1,1
100000005367180100,peripheral,0.3,7,0.1749,"4-е колено: получил 7 700 ₸ от 1 плательщ.; исходящие не выгружались (обрыв обхода), нужна доп. выгрузка",4,False,True,1,0,7700.0,0.0,1,0,0.0,0.0007828047220453434,0.0,0.0,0.0,0,0,7,0,False,0.0,1,1
100000008667799100,peripheral,0.7,1,0.1745,получил 34 000 ₸ (1 перев.) и дальше не переводил; сумма мала для роли,3,False,False,1,0,34000.0,0.0,1,0,0.0,0.000290875938709508,0.0,3.0588951023382876e-10,0.0,0,0,1,0,False,0.0,1,1
100000008667795100,peripheral,0.7,1,0.1745,получил 34 000 ₸ (1 перев.) и дальше не переводил; сумма мала для роли,3,False,False,1,0,34000.0,0.0,1,0,0.0,0.000290875938709508,0.0,3.0588951023382876e-10,0.0,0,0,1,0,False,0.0,1,1
100000002540033100,peripheral,0.3,21,0.1741,"4-е колено: получил 10 000 ₸ от 1 плательщ.; исходящие не выгружались (обрыв обхода), нужна доп. выгрузка",4,False,True,1,0,10000.0,0.0,1,0,0.0,0.0005960851621180808,0.0,0.0,0.0,0,0,9,0,False,0.0,1,1
100000008695566100,peripheral,0.7,1,0.1738,получил 33 700 ₸ (1 перев.) и дальше не переводил; сумма мала для роли,3,False,False,1,0,33700.0,0.0,1,0,0.0,0.0002908291153757531,0.0,3.0588951023382876e-10,0.0,0,0,1,0,False,0.0,1,1
100000008680061100,peripheral,0.3,6,0.1738,"4-е колено: получил 41 300 ₸ от 1 плательщ.; исходящие не выгружались (обрыв обхода), нужна доп. выгрузка",4,False,True,1,0,41300.0,0.0,2,0,0.0,0.0003106855908070421,0.0,4.837478286409815e-05,0.0,0,0,7,0,False,0.0,1,2
100000002990675100,peripheral,0.7,6,0.1737,получил 51 143 ₸ (1 перев.) и дальше не переводил; сумма мала для роли,3,False,False,1,0,51143.0,0.0,1,0,0.0,0.00028722679660696173,0.0,0.0029401739563140994,0.0,0,0,7,0,False,0.0,1,1
100000002320495100,peripheral,0.3,16,0.1736,"4-е колено: получил 13 526 ₸ от 1 плательщ.; исходящие не выгружались (обрыв обхода), нужна доп. выгрузка",4,False,True,1,0,13526.27,0.0,1,0,0.0,0.0005354179344206217,0.0,0.0,0.0,0,0,7,0,False,0.0,1,1
100000003200071100,transit,0.45,68,0.1736,seed: отправил 30 000 ₸ 1 получ.; входящие вне выгрузки — роль по исходящим,0,True,False,0,1,0.0,30000.0,0,1,-1.0,0.0002855692942172909,0.0,0.0,0.0,0,0,0,0,False,0.0,0,1
100000002646887100,peripheral,0.7,5,0.1736,получил 24 354 ₸ (1 перев.) и дальше не переводил; сумма мала для роли,3,False,False,1,0,24354.0,0.0,1,0,0.0,0.00029518757307712165,0.0,4.867829327536486e-08,0.0,0,0,7,0,False,0.0,1,1
100000008724279100,peripheral,0.7,4,0.1735,получил 11 750 ₸ (1 перев.) и дальше не переводил; сумма мала для роли,1,False,False,1,0,11750.0,0.0,1,0,0.0,0.00028683263134622903,0.0,0.0002952416008836587,0.0,1,1,7,0,False,0.0,1,1
100000008588665100,peripheral,0.3,2,0.1733,"4-е колено: получил 25 000 ₸ от 1 плательщ.; исходящие не выгружались (обрыв обхода), нужна доп. выгрузка",4,False,True,1,0,25000.0,0.0,1,0,0.0,0.0003524909066556901,0.0,5.04730745361861e-07,0.0,0,0,7,0,False,0.0,1,1
100000002723674100,peripheral,0.3,22,0.1732,"4-е колено: получил 30 000 ₸ от 1 плательщ.; исходящие не выгружались (обрыв обхода), нужна доп. выгрузка",4,False,True,1,0,30000.0,0.0,1,0,0.0,0.00032717446121334877,0.0,2.3749511394193016e-243,0.0,0,0,7,0,False,0.0,1,1
100000008677368100,peripheral,0.3,8,0.1732,"4-е колено: получил 13 500 ₸ от 1 плательщ.; исходящие не выгружались (обрыв обхода), нужна доп. выгрузка",4,False,True,1,0,13500.0,0.0,1,0,0.0,0.0005340288694748735,0.0,0.0,0.0,0,0,7,0,False,0.0,1,1
100000002750332100,peripheral,0.7,9,0.1731,получил 11 360 ₸ (1 перев.) и дальше не переводил; сумма мала для роли,1,False,False,1,0,11360.0,0.0,1,0,0.0,0.00028678928253129574,0.0,2.274780450186003e-05,0.0,1,1,1,0,False,0.0,1,1
100000002567887100,peripheral,0.7,6,0.1731,получил 50 915 ₸ (1 перев.) и дальше не переводил; сумма мала для роли,3,False,False,1,0,50915.0,0.0,1,0,0.0,0.00028721940731527283,0.0,0.0029401739563140994,0.0,0,0,7,0,False,0.0,1,1
100000003996562100,peripheral,0.7,7,0.173,получил 7 700 ₸ (1 перев.) и дальше не переводил; сумма мала для роли,3,False,False,1,0,7700.0,0.0,1,0,0.0,0.0003281736881837659,0.0,2.350941696846872e-06,0.0,0,0,7,0,False,0.0,1,1
100000002689717100,peripheral,0.3,9,0.1727,"4-е колено: получил 47 500 ₸ от 1 плательщ.; исходящие не выгружались (обрыв обхода), нужна доп. выгрузка",4,False,True,1,0,47500.0,0.0,1,0,0.0,0.0003033499223442049,0.0,2.758273854900145e-06,0.0,0,0,7,0,False,0.0,1,1
100000004206046100,peripheral,0.7,4,0.1727,получил 11 075 ₸ (1 перев.) и дальше не переводил; сумма мала для роли,1,False,False,1,0,11075.0,0.0,1,0,0.0,0.00028676005666009854,0.0,0.0002952416008836587,0.0,1,1,7,0,False,0.0,1,1
100000002554175100,peripheral,0.7,9,0.1727,получил 24 621 ₸ (1 перев.) и дальше не переводил; сумма мала для роли,3,False,False,1,0,24621.0,0.0,1,0,0.0,0.000294742641745906,0.0,6.407022137400362e-07,0.0,0,0,7,0,False,0.0,1,1
100000002793851100,peripheral,0.7,4,0.1726,получил 11 052 ₸ (1 перев.) и дальше не переводил; сумма мала для роли,1,False,False,1,0,11052.0,0.0,1,0,0.0,0.0002867575837448675,0.0,0.0002952416008836587,0.0,1,1,7,0,False,0.0,1,1
100000004291560100,peripheral,0.7,2,0.1726,получил 47 190 ₸ (1 перев.) и дальше не переводил; сумма мала для роли,3,False,False,1,0,47190.0,0.0,1,0,0.0,0.00028822703346252307,0.0,0.0029057815328092595,0.0,0,0,7,0,False,0.0,1,1
100000008473765100,peripheral,0.7,7,0.1725,получил 30 000 ₸ (1 перев.) и дальше не переводил; сумма мала для роли,3,False,False,1,0,30000.0,0.0,1,0,0.0,0.0002916730641589798,0.0,0.0016044117305492448,0.0,0,0,7,0,False,0.0,1,1
100000005588444100,peripheral,0.7,8,0.1725,получил 12 300 ₸ (1 перев.) и дальше не переводил; сумма мала для роли,1,False,False,1,0,12300.0,0.0,1,0,0.0,0.00028627460375392564,0.0,4.341414826156218e-06,0.0,1,1,1,0,False,0.0,1,1
100000002227989100,peripheral,0.3,22,0.1725,"4-е колено: получил 20 000 ₸ от 1 плательщ.; исходящие не выгружались (обрыв обхода), нужна доп. выгрузка",4,False,True,1,0,20000.0,0.0,1,0,0.0,0.00039446042046132154,0.0,5.122433452555066e-255,0.0,0,0,7,0,False,0.0,1,1
100000005532138100,peripheral,0.7,8,0.1724,получил 25 046 ₸ (1 перев.) и дальше не переводил; сумма мала для роли,3,False,False,1,0,25046.0,0.0,1,0,0.0,0.00029379367547638114,0.0,0.00010831189501834011,0.0,0,0,7,0,False,0.0,1,1
100000002534091100,peripheral,0.7,7,0.1723,получил 22 200 ₸ (1 перев.) и дальше не переводил; сумма мала для роли,3,False,False,1,0,22200.0,0.0,1,0,0.0,0.00029636616273709014,0.0,0.00012159927962597201,0.0,0,0,7,0,False,0.0,1,1
100000005709551100,peripheral,0.7,11,0.1722,получил 24 560 ₸ (1 перев.) и дальше не переводил; сумма мала для роли,3,False,False,1,0,24560.0,0.0,1,0,0.0,0.0002946608436289569,0.0,0.00025946007686321234,0.0,0,0,7,0,False,0.0,1,1
100000008748795100,peripheral,0.7,2,0.1722,получил 47 057 ₸ (1 перев.) и дальше не переводил; сумма мала для роли,3,False,False,1,0,47057.0,0.0,1,0,0.0,0.000288219542906905,0.0,0.0029057815328092595,0.0,0,0,7,0,False,0.0,1,1
100000004584730100,peripheral,0.3,49,0.1722,"4-е колено: получил 47 000 ₸ от 1 плательщ.; исходящие не выгружались (обрыв обхода), нужна доп. выгрузка",4,False,True,1,0,47000.0,0.0,1,0,0.0,0.00030383982641037343,0.0,7.661109122360097e-07,0.0,0,0,7,0,False,0.0,1,1
100000007487729100,peripheral,0.7,7,0.172,получил 25 000 ₸ (1 перев.) и дальше не переводил; сумма мала для роли,3,False,False,1,0,25000.0,0.0,1,0,0.0,0.0002941149149674853,0.0,0.00016105425266535616,0.0,0,0,7,0,False,0.0,1,1
100000002844897100,peripheral,0.7,9,0.1717,получил 10 800 ₸ (1 перев.) и дальше не переводил; сумма мала для роли,1,False,False,1,0,10800.0,0.0,1,0,0.0,0.00028672914226229553,0.0,2.274780450186003e-05,0.0,1,1,1,0,False,0.0,1,1
100000003449074100,peripheral,0.7,2,0.1715,получил 10 000 ₸ (1 перев.) и дальше не переводил; сумма мала для роли,1,False,False,1,0,10000.0,0.0,1,0,0.0,0.0002874458184490932,0.0,0.0021516815362503513,0.0,1,1,7,0,False,0.0,1,1
100000002809568100,peripheral,0.7,2,0.1715,получил 10 000 ₸ (1 перев.) и дальше не переводил; сумма мала для роли,1,False,False,1,0,10000.0,0.0,1,0,0.0,0.0002874458184490932,0.0,0.0021516815362503513,0.0,1,1,7,0,False,0.0,1,1
100000003134937100,peripheral,0.7,4,0.1712,получил 10 286 ₸ (1 перев.) и дальше не переводил; сумма мала для роли,1,False,False,1,0,10286.0,0.0,1,0,0.0,0.000286675224915866,0.0,0.0002952416008836587,0.0,1,1,7,0,False,0.0,1,1
100000002371892100,peripheral,0.3,66,0.1712,"4-е колено: получил 43 830 ₸ от 1 плательщ.; исходящие не выгружались (обрыв обхода), нужна доп. выгрузка",4,False,True,1,0,43830.0,0.0,1,0,0.0,0.00030653262004379635,0.0,0.0,0.0,0,0,7,0,False,0.0,1,1
100000007988344100,peripheral,0.3,2,0.171,"4-е колено: получил 20 000 ₸ от 1 плательщ.; исходящие не выгружались (обрыв обхода), нужна доп. выгрузка",4,False,True,1,0,20000.0,0.0,3,0,0.0,0.00038745764148945846,0.0,0.0,0.0,0,0,7,0,False,0.0,1,3
100000003293377100,peripheral,0.7,6,0.1709,получил 50 000 ₸ (1 перев.) и дальше не переводил; сумма мала для роли,3,False,False,1,0,50000.0,0.0,1,0,0.0,0.000287189752920995,0.0,0.0029401739563140994,0.0,0,0,7,0,False,0.0,1,1
100000004265639100,peripheral,0.3,7,0.1707,"4-е колено: получил 10 000 ₸ от 1 плательщ.; исходящие не выгружались (обрыв обхода), нужна доп. выгрузка",4,False,True,1,0,10000.0,0.0,1,0,0.0,0.0005523205956514877,0.0,0.0,0.0,0,0,7,0,False,0.0,1,1
100000008327791100,peripheral,0.3,16,0.1704,"4-е колено: получил 11 000 ₸ от 1 плательщ.; исходящие не выгружались (обрыв обхода), нужна доп. выгрузка",4,False,True,1,0,11000.0,0.0,1,0,0.0,0.0005367685704661637,0.0,0.0,0.0,0,0,7,0,False,0.0,1,1
100000008628818100,peripheral,0.3,9,0.1702,"4-е колено: получил 46 310 ₸ от 1 плательщ.; исходящие не выгружались (обрыв обхода), нужна доп. выгрузка",4,False,True,1,0,46310.0,0.0,1,0,0.0,0.00030290447081849904,0.0,2.758273854900145e-06,0.0,0,0,7,0,False,0.0,1,1
100000005010159100,peripheral,0.3,7,0.1701,"4-е колено: получил 7 092 ₸ от 1 плательщ.; исходящие не выгружались (обрыв обхода), нужна доп. выгрузка",4,False,True,1,0,7092.0,0.0,1,0,0.0,0.0006143684568259249,0.0,0.0,0.0,0,0,7,0,False,0.0,1,1
100000001280798100,peripheral,0.7,9,0.17,получил 23 785 ₸ (1 перев.) и дальше не переводил; сумма мала для роли,3,False,False,1,0,23785.0,0.0,1,0,0.0,0.0002944311629865574,0.0,6.407022137400362e-07,0.0,0,0,7,0,False,0.0,1,1
100000001202637100,peripheral,0.3,9,0.1699,"4-е колено: получил 10 000 ₸ от 1 плательщ.; исходящие не выгружались (обрыв обхода), нужна доп. выгрузка",4,False,True,1,0,10000.0,0.0,1,0,0.0,0.0005487659443752247,0.0,0.0,0.0,0,0,9,0,False,0.0,1,1
100000008769097100,peripheral,0.7,1,0.1692,получил 31 100 ₸ (1 перев.) и дальше не переводил; сумма мала для роли,3,False,False,1,0,31100.0,0.0,1,0,0.0,0.0002904233131498777,0.0,3.0588951023382876e-10,0.0,0,0,1,0,False,0.0,1,1
100000003095610100,peripheral,0.7,9,0.1692,получил 23 665 ₸ (1 перев.) и дальше не переводил; сумма мала для роли,3,False,False,1,0,23665.0,0.0,1,0,0.0,0.00029438645311679446,0.0,6.407022137400362e-07,0.0,0,0,7,0,False,0.0,1,1
100000008684767100,peripheral,0.7,1,0.1692,получил 31 100 ₸ (1 перев.) и дальше не переводил; сумма мала для роли,3,False,False,1,0,31100.0,0.0,1,0,0.0,0.0002904233131498777,0.0,3.0588951023382876e-10,0.0,0,0,1,0,False,0.0,1,1
100000001065481100,peripheral,0.3,11,0.169,"4-е колено: получил 16 000 ₸ от 1 плательщ.; исходящие не выгружались (обрыв обхода), нужна доп. выгрузка",4,False,True,1,0,16000.0,0.0,2,0,0.0,0.00043226569249872176,0.0,4.153092959529905e-06,0.0,0,0,7,0,False,0.0,1,2
100000002653187100,peripheral,0.3,12,0.1689,"4-е колено: получил 15 000 ₸ от 1 плательщ.; исходящие не выгружались (обрыв обхода), нужна доп. выгрузка",4,False,True,1,0,15000.0,0.0,1,0,0.0,0.0004732789140150342,0.0,3.088206810369692e-298,0.0,0,0,8,0,False,0.0,1,1
100000004571634100,peripheral,0.3,10,0.1689,"4-е колено: получил 20 000 ₸ от 1 плательщ.; исходящие не выгружались (обрыв обхода), нужна доп. выгрузка",4,False,True,1,0,20000.0,0.0,1,0,0.0,0.0003741773489468036,0.0,1.23619985386e-313,0.0,0,0,8,0,False,0.0,1,1
100000004232712100,peripheral,0.3,6,0.1689,"4-е колено: получил 12 500 ₸ от 1 плательщ.; исходящие не выгружались (обрыв обхода), нужна доп. выгрузка",4,False,True,1,0,12500.0,0.0,1,0,0.0,0.0005292762077277109,0.0,0.0,0.0,0,0,7,0,False,0.0,1,1
100000007173936100,peripheral,0.7,31,0.1688,получил 10 000 ₸ (1 перев.) и дальше не переводил; сумма мала для роли,2,False,False,1,0,10000.0,0.0,1,0,0.0,0.00028681863055512655,0.0,3.8766877888989646e-07,0.0,0,1,7,0,False,0.0,1,1
100000005395727100,peripheral,0.7,15,0.1687,получил 17 000 ₸ (1 перев.) и дальше не переводил; сумма мала для роли,0,True,False,1,0,17000.0,0.0,1,0,0.0,0.0003712067299561801,0.0,4.9968235834670635e-298,0.0,0,0,7,0,False,0.0,1,1
100000004800452100,peripheral,0.3,6,0.1687,"4-е колено: получил 6 545 ₸ от 1 плательщ.; исходящие не выгружались (обрыв обхода), нужна доп. выгрузка",4,False,True,1,0,6544.53,0.0,1,0,0.0,0.000607979765974599,0.0,0.0,0.0,0,0,7,0,False,0.0,1,1
100000003173783100,peripheral,0.3,31,0.1686,"4-е колено: получил 23 500 ₸ от 1 плательщ.; исходящие не выгружались (обрыв обхода), нужна доп. выгрузка",4,False,True,1,0,23500.0,0.0,2,0,0.0,0.0003468224290716631,0.0,4.5006020958930306e-05,0.0,0,0,7,0,False,0.0,1,2
100000006693788100,peripheral,0.3,2,0.1683,"4-е колено: получил 10 764 ₸ от 1 плательщ.; исходящие не выгружались (обрыв обхода), нужна доп. выгрузка",4,False,True,1,0,10764.0,0.0,1,0,0.0,0.0005320949120369108,0.0,0.0,0.0,0,0,7,0,False,0.0,1,1
100000003001138100,peripheral,0.3,29,0.1681,"4-е колено: получил 30 000 ₸ от 1 плательщ.; исходящие не выгружались (обрыв обхода), нужна доп. выгрузка",4,False,True,1,0,30000.0,0.0,1,0,0.0,0.0003173266522535839,0.0,3.0386804526261044e-11,0.0,0,0,7,0,False,0.0,1,1
100000008432942100,peripheral,0.7,2,0.1678,получил 44 542 ₸ (2 перев.) и дальше не переводил; сумма мала для роли,3,False,False,1,0,44542.0,0.0,2,0,0.0,0.0002880778981897667,0.0,0.0029057815328092595,0.0,0,0,7,0,False,0.0,1,2
100000002728246100,peripheral,0.3,6,0.1677,"4-е колено: получил 10 000 ₸ от 1 плательщ.; исходящие не выгружались (обрыв обхода), нужна доп. выгрузка",4,False,True,1,0,10000.0,0.0,1,0,0.0,0.0005386393313923881,0.0,0.0,0.0,0,0,7,0,False,0.0,1,1
100000003010908100,peripheral,0.3,9,0.1671,"4-е колено: получил 17 000 ₸ от 1 плательщ.; исходящие не выгружались (обрыв обхода), нужна доп. выгрузка",4,False,True,1,0,17000.0,0.0,1,0,0.0,0.00039940942699817443,0.0,2.167803345925361e-06,0.0,0,0,7,0,False,0.0,1,1
100000008672200100,peripheral,0.7,1,0.1669,получил 8 511 ₸ (1 перев.) и дальше не переводил; сумма мала для роли,1,False,False,1,0,8511.0,0.0,1,0,0.0,0.00028735565342385543,0.0,5.95500058530398e-11,0.0,1,1,1,0,False,0.0,1,1
100000008251939100,peripheral,0.3,9,0.1669,"4-е колено: получил 44 360 ₸ от 1 плательщ.; исходящие не выгружались (обрыв обхода), нужна доп. выгрузка",4,False,True,1,0,44360.0,0.0,1,0,0.0,0.00030217452924276257,0.0,2.758273854900145e-06,0.0,0,0,7,0,False,0.0,1,1
100000003646145100,peripheral,0.3,33,0.1665,"4-е колено: получил 5 000 ₸ от 1 плательщ.; исходящие не выгружались (обрыв обхода), нужна доп. выгрузка",4,False,True,1,0,5000.0,0.0,1,0,0.0,0.0006536813277109187,0.0,9.380458298223593e-242,0.0,0,0,8,0,False,0.0,1,1
100000000878006100,peripheral,0.7,6,0.1664,получил 47 003 ₸ (1 перев.) и дальше не переводил; сумма мала для роли,3,False,False,1,0,47003.0,0.0,1,0,0.0,0.000287092622626295,0.0,0.0029401739563140994,0.0,0,0,7,0,False,0.0,1,1
100000005041147100,peripheral,0.3,2,0.1663,"4-е колено: получил 10 000 ₸ от 1 плательщ.; исходящие не выгружались (обрыв обхода), нужна доп. выгрузка",4,False,True,1,0,10000.0,0.0,1,0,0.0,0.0005337622626216141,0.0,0.0,0.0,0,0,7,0,False,0.0,1,1
100000000782285100,peripheral,0.7,7,0.1662,получил 6 151 ₸ (1 перев.) и дальше не переводил; сумма мала для роли,3,False,False,1,0,6151.0,0.0,1,0,0.0,0.0003196030120468737,0.0,2.350941696846872e-06,0.0,0,0,7,0,False,0.0,1,1
100000000704700100,peripheral,0.3,25,0.1661,"4-е колено: получил 10 000 ₸ от 1 плательщ.; исходящие не выгружались (обрыв обхода), нужна доп. выгрузка",4,False,True,1,0,10000.0,0.0,1,0,0.0,0.000533255171856773,0.0,0.0,0.0,0,0,1,0,False,0.0,1,1
100000005226217100,peripheral,0.3,5,0.1654,"4-е колено: получил 17 500 ₸ от 1 плательщ.; исходящие не выгружались (обрыв обхода), нужна доп. выгрузка",4,False,True,1,0,17500.0,0.0,1,0,0.0,0.0003830224720707795,0.0,9.023756758629543e-290,0.0,0,0,9,0,False,0.0,1,1
100000008349740100,peripheral,0.3,38,0.1654,"4-е колено: получил 70 000 ₸ от 1 плательщ.; исходящие не выгружались (обрыв обхода), нужна доп. выгрузка",4,False,True,1,0,70000.0,0.0,2,0,0.0,0.00029252500391614434,0.0,2.3749511394193016e-243,0.0,0,0,7,0,False,0.0,1,2
100000003581109100,peripheral,0.7,2,0.1654,получил 42 750 ₸ (1 перев.) и дальше не переводил; сумма мала для роли,3,False,False,1,0,42750.0,0.0,1,0,0.0,0.00028797697280880764,0.0,0.0029057815328092595,0.0,0,0,7,0,False,0.0,1,1
100000005910895100,peripheral,0.3,34,0.1654,"4-е колено: получил 5 100 ₸ от 1 плательщ.; исходящие не выгружались (обрыв обхода), нужна доп. выгрузка",4,False,True,1,0,5100.0,0.0,1,0,0.0,0.0005976000607837528,0.0,0.0,0.0,0,0,8,0,False,0.0,1,1
100000002258492100,peripheral,0.3,19,0.1653,"4-е колено: получил 9 000 ₸ от 1 плательщ.; исходящие не выгружались (обрыв обхода), нужна доп. выгрузка",4,False,True,1,0,9000.0,0.0,1,0,0.0,0.0005401265380892354,0.0,0.0,0.0,0,0,8,0,False,0.0,1,1
100000001256409100,peripheral,0.3,20,0.1652,"4-е колено: получил 8 000 ₸ от 1 плательщ.; исходящие не выгружались (обрыв обхода), нужна доп. выгрузка",4,False,True,1,0,8000.0,0.0,1,0,0.0,0.0005471647850140195,0.0,0.0,0.0,0,0,1,0,False,0.0,1,1
100000006444163100,peripheral,0.7,7,0.1649,получил 6 026 ₸ (1 перев.) и дальше не переводил; сумма мала для роли,3,False,False,1,0,6026.0,0.0,1,0,0.0,0.00031891138227469064,0.0,2.350941696846872e-06,0.0,0,0,7,0,False,0.0,1,1
100000001784279100,peripheral,0.7,2,0.1645,получил 35 674 ₸ (1 перев.) и дальше не переводил; сумма мала для роли,3,False,False,1,0,35674.0,0.0,1,0,0.0,0.00028873294491877093,0.0,0.0011319383959652314,0.0,0,0,7,0,False,0.0,1,1
100000008738658100,peripheral,0.7,1,0.1642,получил 29 920 ₸ (1 перев.) и дальше не переводил; сумма мала для роли,3,False,False,1,0,29920.0,0.0,1,0,0.0,0.0002902391413704419,0.0,3.0588951023382876e-10,0.0,0,0,1,0,False,0.0,1,1
100000003838587100,peripheral,0.3,14,0.1641,"4-е колено: получил 6 000 ₸ от 1 плательщ.; исходящие не выгружались (обрыв обхода), нужна доп. выгрузка",4,False,True,1,0,6000.0,0.0,1,0,0.0,0.0005550324069085224,0.0,0.0,0.0,0,0,7,0,False,0.0,1,1
100000006658598100,peripheral,0.7,4,0.164,получил 9 000 ₸ (1 перев.) и дальше не переводил; сумма мала для роли,1,False,False,1,0,9000.0,0.0,1,0,0.0,0.00028653695669903076,0.0,0.0002952416008836587,0.0,1,1,7,0,False,0.0,1,1
100000008454065100,peripheral,0.7,14,0.1639,получил 24 050 ₸ (1 перев.) и дальше не переводил; сумма мала для роли,3,False,False,1,0,24050.0,0.0,1,0,0.0,0.00029236706618660175,0.0,2.4413789354590045e-05,0.0,0,0,7,0,False,0.0,1,1
100000000718427100,peripheral,0.7,1,0.1639,получил 6 000 ₸ (1 перев.) и дальше не переводил; сумма мала для роли,2,False,False,1,0,6000.0,0.0,1,0,0.0,0.00028760711808089006,0.0,7.619950610759462e-13,0.0,0,1,1,0,False,0.0,1,1
100000000287768100,peripheral,0.7,2,0.1636,получил 35 168 ₸ (1 перев.) и дальше не переводил; сумма мала для роли,3,False,False,1,0,35168.0,0.0,1,0,0.0,0.0002886880716986401,0.0,0.0011319383959652314,0.0,0,0,7,0,False,0.0,1,1
100000006177176100,peripheral,0.7,4,0.1635,получил 8 911 ₸ (1 перев.) и дальше не переводил; сумма мала для роли,1,False,False,1,0,8911.0,0.0,1,0,0.0,0.0002865273875922669,0.0,0.0002952416008836587,0.0,1,1,7,0,False,0.0,1,1
100000006171671100,peripheral,0.3,2,0.1635,"4-е колено: получил 10 000 ₸ от 1 плательщ.; исходящие не выгружались (обрыв обхода), нужна доп. выгрузка",4,False,True,1,0,10000.0,0.0,1,0,0.0,0.0005290656990407927,0.0,0.0,0.0,0,0,7,0,False,0.0,1,1
100000001275557100,peripheral,0.3,23,0.1633,"4-е колено: получил 20 000 ₸ от 1 плательщ.; исходящие не выгружались (обрыв обхода), нужна доп. выгрузка",4,False,True,1,0,20000.0,0.0,1,0,0.0,0.0003475117995580225,0.0,0.0,0.0,0,0,7,0,False,0.0,1,1
100000006965162100,peripheral,0.7,29,0.1631,получил 10 000 ₸ (1 перев.) и дальше не переводил; сумма мала для роли,3,False,False,1,0,10000.0,0.0,1,0,0.0,0.0003092890887695541,0.0,2.91876993847384e-271,0.0,0,0,7,0,False,0.0,1,1
100000008708025100,peripheral,0.7,29,0.1631,получил 10 000 ₸ (1 перев.) и дальше не переводил; сумма мала для роли,3,False,False,1,0,10000.0,0.0,1,0,0.0,0.0003092890887695541,0.0,2.91876993847384e-271,0.0,0,0,7,0,False,0.0,1,1
100000004569637100,peripheral,0.3,7,0.1629,"4-е колено: получил 5 500 ₸ от 1 плательщ.; исходящие не выгружались (обрыв обхода), нужна доп. выгрузка",4,False,True,1,0,5500.0,0.0,1,0,0.0,0.0005531603067223192,0.0,0.0,0.0,0,0,7,0,False,0.0,1,1
100000004890713100,peripheral,0.3,9,0.1627,"4-е колено: получил 40 485 ₸ от 1 плательщ.; исходящие не выгружались (обрыв обхода), нужна доп. выгрузка",4,False,True,1,0,40485.0,0.0,1,0,0.0,0.0003007240043166196,0.0,2.758273854900145e-06,0.0,0,0,7,0,False,0.0,1,1
100000000655469100,peripheral,0.3,22,0.1625,"4-е колено: получил 20 000 ₸ от 1 плательщ.; исходящие не выгружались (обрыв обхода), нужна доп. выгрузка",4,False,True,1,0,20000.0,0.0,2,0,0.0,0.0003454311507267085,0.0,7.577905051749476e-255,0.0,0,0,7,0,False,0.0,1,2
100000002835874100,peripheral,0.3,5,0.1625,"4-е колено: получил 58 700 ₸ от 1 плательщ.; исходящие не выгружались (обрыв обхода), нужна доп. выгрузка",4,False,True,1,0,58700.0,0.0,1,0,0.0,0.00029329173220691884,0.0,1.276147972494963e-06,0.0,0,0,8,0,False,0.0,1,1
100000003943247100,peripheral,0.7,2,0.1625,получил 40 000 ₸ (1 перев.) и дальше не переводил; сумма мала для роли,3,False,False,1,0,40000.0,0.0,1,0,0.0,0.0002878220928994118,0.0,0.0029057815328092595,0.0,0,0,7,0,False,0.0,1,1
100000005198498100,peripheral,0.7,1,0.1622,получил 28 800 ₸ (1 перев.) и дальше не переводил; сумма мала для роли,3,False,False,1,0,28800.0,0.0,1,0,0.0,0.00029006433425775714,0.0,3.0588951023382876e-10,0.0,0,0,1,0,False,0.0,1,1
100000003481025100,peripheral,0.3,2,0.1618,"4-е колено: получил 9 000 ₸ от 1 плательщ.; исходящие не выгружались (обрыв обхода), нужна доп. выгрузка",4,False,True,1,0,9000.0,0.0,1,0,0.0,0.0005310260909453555,0.0,0.0,0.0,0,0,7,0,False,0.0,1,1
100000003594472100,peripheral,0.7,32,0.1617,получил 20 000 ₸ (1 перев.) и дальше не переводил; сумма мала для роли,3,False,False,1,0,20000.0,0.0,1,0,0.0,0.0002944536874283026,0.0,4.747355765062003e-05,0.0,0,0,7,0,False,0.0,1,1
100000008507703100,peripheral,0.7,1,0.1617,получил 28 500 ₸ (1 перев.) и дальше не переводил; сумма мала для роли,3,False,False,1,0,28500.0,0.0,1,0,0.0,0.00029001751092400227,0.0,3.0588951023382876e-10,0.0,0,0,1,0,False,0.0,1,1
100000002948492100,peripheral,0.7,14,0.1616,получил 23 660 ₸ (1 перев.) и дальше не переводил; сумма мала для роли,3,False,False,1,0,23660.0,0.0,1,0,0.0,0.00029225683204655884,0.0,2.4413789354590045e-05,0.0,0,0,7,0,False,0.0,1,1
100000008753061100,peripheral,0.7,1,0.1613,получил 28 400 ₸ (2 перев.) и дальше не переводил; сумма мала для роли,3,False,False,1,0,28400.0,0.0,2,0,0.0,0.000290001903146084,0.0,3.0588951023382876e-10,0.0,0,0,1,0,False,0.0,1,2
100000006866831100,peripheral,0.3,7,0.1613,"4-е колено: получил 16 500 ₸ от 1 плательщ.; исходящие не выгружались (обрыв обхода), нужна доп. выгрузка",4,False,True,1,0,16500.0,0.0,1,0,0.0,0.00036767719063950316,0.0,1.23619985386e-313,0.0,0,0,7,0,False,0.0,1,1
100000004592467100,peripheral,0.7,3,0.1613,получил 7 000 ₸ (1 перев.) и дальше не переводил; сумма мала для роли,2,False,False,1,0,7000.0,0.0,1,0,0.0,0.0002866229494599162,0.0,6.211858071745701e-05,0.0,0,1,1,0,False,0.0,1,1
100000007960337100,peripheral,0.3,7,0.1613,"4-е колено: получил 35 500 ₸ от 1 плательщ.; исходящие не выгружались (обрыв обхода), нужна доп. выгрузка",4,False,True,1,0,35500.0,0.0,1,0,0.0,0.00030276808937766193,0.0,1.23619985386e-313,0.0,0,0,7,0,False,0.0,1,1
100000008151098100,peripheral,0.3,28,0.1612,"4-е колено: получил 30 000 ₸ от 1 плательщ.; исходящие не выгружались (обрыв обхода), нужна доп. выгрузка",4,False,True,1,0,30000.0,0.0,1,0,0.0,0.0003093477246134631,0.0,1.23619985386e-313,0.0,0,0,7,0,False,0.0,1,1
100000008055972100,peripheral,0.7,1,0.1611,получил 28 300 ₸ (1 перев.) и дальше не переводил; сумма мала для роли,3,False,False,1,0,28300.0,0.0,1,0,0.0,0.0002899862953681657,0.0,3.0588951023382876e-10,0.0,0,0,1,0,False,0.0,1,1
100000005996909100,peripheral,0.7,15,0.161,получил 5 500 ₸ (1 перев.) и дальше не переводил; сумма мала для роли,3,False,False,1,0,5500.0,0.0,1,0,0.0,0.00031594960600230085,0.0,2.729958207537258e-06,0.0,0,0,7,0,False,0.0,1,1
100000004635886100,peripheral,0.7,4,0.1609,получил 23 000 ₸ (1 перев.) и дальше не переводил; сумма мала для роли,3,False,False,1,0,23000.0,0.0,1,0,0.0,0.00029245851948138683,0.0,5.2569834314297354e-05,0.0,0,0,7,0,False,0.0,1,1
100000002994441100,peripheral,0.3,7,0.1608,"4-е колено: получил 5 000 ₸ от 1 плательщ.; исходящие не выгружались (обрыв обхода), нужна доп. выгрузка",4,False,True,1,0,5000.0,0.0,1,0,0.0,0.0005532703163220673,0.0,0.0,0.0,0,0,7,0,False,0.0,1,1
100000006527156100,peripheral,0.3,50,0.1607,"4-е колено: получил 48 500 ₸ от 1 плательщ.; исходящие не выгружались (обрыв обхода), нужна доп. выгрузка",4,False,True,1,0,48500.0,0.0,1,0,0.0,0.0002960785446390128,0.0,1.23619985386e-313,0.0,0,0,7,0,False,0.0,1,1
100000003650146100,peripheral,0.7,4,0.1603,получил 14 400 ₸ (1 перев.) и дальше не переводил; сумма мала для роли,3,False,False,1,0,14400.0,0.0,1,0,0.0,0.00030012735117663754,0.0,2.447514911523943e-05,0.0,0,0,7,0,False,0.0,1,1
100000003177533100,peripheral,0.3,7,0.1603,"4-е колено: получил 20 000 ₸ от 1 плательщ.; исходящие не выгружались (обрыв обхода), нужна доп. выгрузка",4,False,True,1,0,20000.0,0.0,3,0,0.0,0.0003381973769821903,0.0,0.0,0.0,0,0,7,0,False,0.0,1,1
100000007999728100,peripheral,0.7,14,0.1603,получил 23 250 ₸ (1 перев.) и дальше не переводил; сумма мала для роли,3,False,False,1,0,23250.0,0.0,1,0,0.0,0.00029214094487369326,0.0,2.4413789354590045e-05,0.0,0,0,7,0,False,0.0,1,1
100000008653041100,peripheral,0.7,1,0.1603,получил 28 000 ₸ (1 перев.) и дальше не переводил; сумма мала для роли,3,False,False,1,0,28000.0,0.0,1,0,0.0,0.00028993947203441087,0.0,3.0588951023382876e-10,0.0,0,0,1,0,False,0.0,1,1
100000005661528100,peripheral,0.7,7,0.1602,получил 25 000 ₸ (1 перев.) и дальше не переводил; сумма мала для роли,3,False,False,1,0,25000.0,0.0,1,0,0.0,0.0002910914967995321,0.0,0.0001302803722324665,0.0,0,0,7,0,False,0.0,1,1
100000005621418100,peripheral,0.3,28,0.1601,"4-е колено: получил 30 000 ₸ от 1 плательщ.; исходящие не выгружались (обрыв обхода), нужна доп. выгрузка",4,False,True,1,0,30000.0,0.0,1,0,0.0,0.00030782638639647333,0.0,4.0337773258533445e-08,0.0,0,0,7,0,False,0.0,1,1
100000002871199100,peripheral,0.7,14,0.16,получил 23 186 ₸ (1 перев.) и дальше не переводил; сумма мала для роли,3,False,False,1,0,23186.0,0.0,1,0,0.0,0.00029212285516866057,0.0,2.4413789354590045e-05,0.0,0,0,7,0,False,0.0,1,1
100000004713684100,peripheral,0.7,2,0.1594,получил 37 500 ₸ (1 перев.) и дальше не переводил; сумма мала для роли,3,False,False,1,0,37500.0,0.0,1,0,0.0,0.00028768129298177927,0.0,0.0029057815328092595,0.0,0,0,7,0,False,0.0,1,1
100000002188586100,peripheral,0.3,9,0.1591,"4-е колено: получил 38 310 ₸ от 1 плательщ.; исходящие не выгружались (обрыв обхода), нужна доп. выгрузка",4,False,True,1,0,38310.0,0.0,1,0,0.0,0.0002999098387129135,0.0,2.758273854900145e-06,0.0,0,0,7,0,False,0.0,1,1
100000001550419100,peripheral,0.7,14,0.1591,получил 23 000 ₸ (1 перев.) и дальше не переводил; сумма мала для роли,3,False,False,1,0,23000.0,0.0,1,0,0.0,0.0002920702819634094,0.0,2.4413789354590045e-05,0.0,0,0,7,0,False,0.0,1,1
100000006701983100,peripheral,0.7,1,0.159,получил 27 000 ₸ (1 перев.) и дальше не переводил; сумма мала для роли,3,False,False,1,0,27000.0,0.0,1,0,0.0,0.000289783394255228,0.0,3.0588951023382876e-10,0.0,0,0,1,0,False,0.0,1,1
100000002103448100,peripheral,0.7,1,0.159,получил 27 000 ₸ (1 перев.) и дальше не переводил; сумма мала для роли,3,False,False,1,0,27000.0,0.0,1,0,0.0,0.000289783394255228,0.0,3.0588951023382876e-10,0.0,0,0,1,0,False,0.0,1,1
100000008715513100,peripheral,0.3,18,0.1587,"4-е колено: получил 32 500 ₸ от 1 плательщ.; исходящие не выгружались (обрыв обхода), нужна доп. выгрузка",4,False,True,1,0,32500.0,0.0,1,0,0.0,0.00030296165675219926,0.0,3.6873817911951947e-06,0.0,0,0,1,0,False,0.0,1,1
100000003377795100,peripheral,0.7,8,0.1585,получил 7 000 ₸ (1 перев.) и дальше не переводил; сумма мала для роли,1,False,False,1,0,7000.0,0.0,1,0,0.0,0.00028597068988854644,0.0,4.341414826156218e-06,0.0,1,1,1,0,False,0.0,1,1
100000001969496100,peripheral,0.7,14,0.1583,получил 22 740 ₸ (1 перев.) и дальше не переводил; сумма мала для роли,3,False,False,1,0,22740.0,0.0,1,0,0.0,0.0002919967925367141,0.0,2.4413789354590045e-05,0.0,0,0,7,0,False,0.0,1,1
100000007382152100,peripheral,0.7,2,0.1582,получил 5 860 ₸ (1 перев.) и дальше не переводил; сумма мала для роли,2,False,False,1,0,5860.0,0.0,1,0,0.0,0.0002864808806193007,0.0,5.172134115335331e-05,0.0,0,1,7,0,False,0.0,1,1
100000004013952100,peripheral,0.3,2,0.1581,"4-е колено: получил 5 500 ₸ от 1 плательщ.; исходящие не выгружались (обрыв обхода), нужна доп. выгрузка",4,False,True,1,0,5500.0,0.0,1,0,0.0,0.0005331412160251213,0.0,0.0,0.0,0,0,7,0,False,0.0,1,1
100000008173359100,peripheral,0.7,4,0.158,получил 6 110 ₸ (1 перев.) и дальше не переводил; сумма мала для роли,1,False,False,1,0,6110.0,0.0,1,0,0.0,0.00028622622952433876,0.0,0.0002952416008836587,0.0,1,1,7,0,False,0.0,1,1
100000008690762100,peripheral,0.7,1,0.1579,получил 26 750 ₸ (1 перев.) и дальше не переводил; сумма мала для роли,3,False,False,1,0,26750.0,0.0,1,0,0.0,0.00028974437481043224,0.0,3.0588951023382876e-10,0.0,0,0,1,0,False,0.0,1,1
100000000299820100,peripheral,0.3,7,0.1577,"4-е колено: получил 10 000 ₸ от 1 плательщ.; исходящие не выгружались (обрыв обхода), нужна доп. выгрузка",4,False,True,1,0,10000.0,0.0,1,0,0.0,0.0004501620352243437,0.0,0.0,0.0,0,0,7,0,False,0.0,1,1
100000008491390100,peripheral,0.7,2,0.1575,получил 36 000 ₸ (1 перев.) и дальше не переводил; сумма мала для роли,3,False,False,1,0,36000.0,0.0,1,0,0.0,0.00028759681303119975,0.0,0.0029057815328092595,0.0,0,0,7,0,False,0.0,1,1
100000002231144100,peripheral,0.3,22,0.1573,"4-е колено: получил 15 000 ₸ от 1 плательщ.; исходящие не выгружались (обрыв обхода), нужна доп. выгрузка",4,False,True,1,0,15000.0,0.0,1,0,0.0,0.0003672376389003139,0.0,5.122433452555066e-255,0.0,0,0,7,0,False,0.0,1,1
100000004908173100,peripheral,0.3,5,0.1568,"4-е колено: получил 21 000 ₸ от 1 плательщ.; исходящие не выгружались (обрыв обхода), нужна доп. выгрузка",4,False,True,1,0,21000.0,0.0,1,0,0.0,0.0003208294523116968,0.0,1.23619985386e-313,0.0,0,0,8,0,False,0.0,1,1
100000002670463100,peripheral,0.3,18,0.1568,"4-е колено: получил 31 500 ₸ от 1 плательщ.; исходящие не выгружались (обрыв обхода), нужна доп. выгрузка",4,False,True,1,0,31500.0,0.0,1,0,0.0,0.0003024265071357405,0.0,3.6873817911951947e-06,0.0,0,0,1,0,False,0.0,1,1
100000005674387100,peripheral,0.7,1,0.1567,получил 26 200 ₸ (1 перев.) и дальше не переводил; сумма мала для роли,3,False,False,1,0,26200.0,0.0,1,0,0.0,0.00028965853203188175,0.0,3.0588951023382876e-10,0.0,0,0,1,0,False,0.0,1,1
100000008707810100,peripheral,0.7,1,0.1567,получил 26 200 ₸ (1 перев.) и дальше не переводил; сумма мала для роли,3,False,False,1,0,26200.0,0.0,1,0,0.0,0.00028965853203188175,0.0,3.0588951023382876e-10,0.0,0,0,1,0,False,0.0,1,1
100000008255655100,peripheral,0.3,16,0.1567,"4-е колено: получил 5 400 ₸ от 1 плательщ.; исходящие не выгружались (обрыв обхода), нужна доп. выгрузка",4,False,True,1,0,5400.0,0.0,1,0,0.0,0.0005311928331096004,0.0,0.0,0.0,0,0,7,0,False,0.0,1,1
100000008695689100,peripheral,0.7,1,0.1567,получил 26 200 ₸ (1 перев.) и дальше не переводил; сумма мала для роли,3,False,False,1,0,26200.0,0.0,1,0,0.0,0.00028965853203188175,0.0,3.0588951023382876e-10,0.0,0,0,1,0,False,0.0,1,1
100000008671129100,peripheral,0.7,1,0.1567,получил 26 200 ₸ (1 перев.) и дальше не переводил; сумма мала для роли,3,False,False,1,0,26200.0,0.0,1,0,0.0,0.00028965853203188175,0.0,3.0588951023382876e-10,0.0,0,0,1,0,False,0.0,1,1
100000008662216100,peripheral,0.7,1,0.1567,получил 26 200 ₸ (1 перев.) и дальше не переводил; сумма мала для роли,3,False,False,1,0,26200.0,0.0,1,0,0.0,0.00028965853203188175,0.0,3.0588951023382876e-10,0.0,0,0,1,0,False,0.0,1,1
100000004167082100,peripheral,0.3,11,0.1567,"4-е колено: получил 13 300 ₸ от 1 плательщ.; исходящие не выгружались (обрыв обхода), нужна доп. выгрузка",4,False,True,1,0,13300.0,0.0,1,0,0.0,0.00038491480925942914,0.0,3.088206810369692e-298,0.0,0,0,7,0,False,0.0,1,1
100000006491272100,peripheral,0.7,1,0.1567,получил 26 200 ₸ (1 перев.) и дальше не переводил; сумма мала для роли,3,False,False,1,0,26200.0,0.0,1,0,0.0,0.00028965853203188175,0.0,3.0588951023382876e-10,0.0,0,0,1,0,False,0.0,1,1
100000005293969100,peripheral,0.3,2,0.1561,"4-е колено: получил 5 467 ₸ от 1 плательщ.; исходящие не выгружались (обрыв обхода), нужна доп. выгрузка",4,False,True,1,0,5466.97,0.0,1,0,0.0,0.0005304901604905838,0.0,0.0,0.0,0,0,7,0,False,0.0,1,1
100000008649416100,peripheral,0.3,16,0.1561,"4-е колено: получил 5 000 ₸ от 1 плательщ.; исходящие не выгружались (обрыв обхода), нужна доп. выгрузка",4,False,True,1,0,5000.0,0.0,1,0,0.0,0.000533726717629368,0.0,0.0,0.0,0,0,7,0,False,0.0,1,1
100000005589319100,peripheral,0.3,3,0.1559,"4-е колено: получил 26 000 ₸ от 1 плательщ.; исходящие не выгружались (обрыв обхода), нужна доп. выгрузка",4,False,True,1,0,26000.0,0.0,1,0,0.0,0.00030995557415139477,0.0,5.078517869942799e-05,0.0,0,0,7,0,False,0.0,1,1
100000003632533100,peripheral,0.3,6,0.1559,"4-е колено: получил 10 000 ₸ от 1 плательщ.; исходящие не выгружались (обрыв обхода), нужна доп. выгрузка",4,False,True,1,0,10000.0,0.0,1,0,0.0,0.00042894910408558583,0.0,1.23619985386e-313,0.0,0,0,7,0,False,0.0,1,1
100000008734279100,peripheral,0.3,7,0.1558,"4-е колено: получил 31 650 ₸ от 1 плательщ.; исходящие не выгружались (обрыв обхода), нужна доп. выгрузка",4,False,True,1,0,31650.0,0.0,1,0,0.0,0.0003013329445693454,0.0,3.1784521125680773e-09,0.0,0,0,7,0,False,0.0,1,1
100000004634420100,peripheral,0.7,1,0.1557,получил 26 150 ₸ (1 перев.) и дальше не переводил; сумма мала для роли,3,False,False,1,0,26150.0,0.0,1,0,0.0,0.0002896507281429226,0.0,3.0588951023382876e-10,0.0,0,0,1,0,False,0.0,1,1
100000008717802100,peripheral,0.7,1,0.1557,получил 26 150 ₸ (1 перев.) и дальше не переводил; сумма мала для роли,3,False,False,1,0,26150.0,0.0,1,0,0.0,0.0002896507281429226,0.0,3.0588951023382876e-10,0.0,0,0,1,0,False,0.0,1,1
100000008652094100,peripheral,0.7,2,0.1557,получил 35 000 ₸ (1 перев.) и дальше не переводил; сумма мала для роли,3,False,False,1,0,35000.0,0.0,1,0,0.0,0.0002875404930641467,0.0,0.0029057815328092595,0.0,0,0,7,0,False,0.0,1,1
100000008776720100,peripheral,0.7,1,0.1557,получил 26 150 ₸ (1 перев.) и дальше не переводил; сумма мала для роли,3,False,False,1,0,26150.0,0.0,1,0,0.0,0.0002896507281429226,0.0,3.0588951023382876e-10,0.0,0,0,1,0,False,0.0,1,1
100000008764654100,peripheral,0.7,1,0.1557,получил 26 150 ₸ (1 перев.) и дальше не переводил; сумма мала для роли,3,False,False,1,0,26150.0,0.0,1,0,0.0,0.0002896507281429226,0.0,3.0588951023382876e-10,0.0,0,0,1,0,False,0.0,1,1
100000000369781100,peripheral,0.3,6,0.1556,"4-е колено: получил 5 000 ₸ от 1 плательщ.; исходящие не выгружались (обрыв обхода), нужна доп. выгрузка",4,False,True,1,0,5000.0,0.0,1,0,0.0,0.0005324777910582564,0.0,0.0,0.0,0,0,7,0,False,0.0,1,1
100000004472936100,peripheral,0.3,11,0.1552,"4-е колено: получил 5 000 ₸ от 1 плательщ.; исходящие не выгружались (обрыв обхода), нужна доп. выгрузка",4,False,True,1,0,5000.0,0.0,1,0,0.0,0.0005318955309395101,0.0,0.0,0.0,0,0,7,0,False,0.0,1,1
100000004291663100,peripheral,0.3,2,0.1551,"4-е колено: получил 25 000 ₸ от 1 плательщ.; исходящие не выгружались (обрыв обхода), нужна доп. выгрузка",4,False,True,1,0,25000.0,0.0,1,0,0.0,0.00031117073486638236,0.0,3.148497900522947e-05,0.0,0,0,7,0,False,0.0,1,1
100000003626268100,peripheral,0.3,7,0.1546,"4-е колено: получил 5 000 ₸ от 1 плательщ.; исходящие не выгружались (обрыв обхода), нужна доп. выгрузка",4,False,True,1,0,5000.0,0.0,1,0,0.0,0.0005308903791336683,0.0,0.0,0.0,0,0,7,0,False,0.0,1,1
100000005782886100,peripheral,0.3,5,0.1539,"4-е колено: получил 14 000 ₸ от 1 плательщ.; исходящие не выгружались (обрыв обхода), нужна доп. выгрузка",4,False,True,1,0,14000.0,0.0,1,0,0.0,0.00036353183650008177,0.0,9.023756758629543e-290,0.0,0,0,9,0,False,0.0,1,1
100000008677215100,peripheral,0.7,23,0.1538,получил 9 000 ₸ (1 перев.) и дальше не переводил; сумма мала для роли,3,False,False,1,0,9000.0,0.0,1,0,0.0,0.0003043767156368611,0.0,3.197873561503488e-06,0.0,0,0,7,0,False,0.0,1,1
100000008697670100,peripheral,0.7,1,0.1536,получил 25 350 ₸ (1 перев.) и дальше не переводил; сумма мала для роли,3,False,False,1,0,25350.0,0.0,1,0,0.0,0.0002895258659195763,0.0,3.0588951023382876e-10,0.0,0,0,1,0,False,0.0,1,1
100000004674389100,peripheral,0.3,10,0.1535,"4-е колено: получил 15 000 ₸ от 1 плательщ.; исходящие не выгружались (обрыв обхода), нужна доп. выгрузка",4,False,True,1,0,15000.0,0.0,1,0,0.0,0.0003520253352644254,0.0,1.23619985386e-313,0.0,0,0,8,0,False,0.0,1,1
100000006522972100,peripheral,0.7,6,0.1534,получил 9 515 ₸ (1 перев.) и дальше не переводил; сумма мала для роли,3,False,False,1,0,9515.0,0.0,1,0,0.0,0.00030331012596478374,0.0,0.00010694238652270059,0.0,0,0,7,0,False,0.0,1,1
100000003047800100,peripheral,0.3,13,0.1533,"4-е колено: получил 12 212 ₸ от 1 плательщ.; исходящие не выгружались (обрыв обхода), нужна доп. выгрузка",4,False,True,1,0,12212.0,0.0,1,0,0.0,0.00037457034348758035,0.0,0.0,0.0,0,0,1,0,False,0.0,1,1
100000006490557100,peripheral,0.7,8,0.1532,получил 5 000 ₸ (1 перев.) и дальше не переводил; сумма мала для роли,2,False,False,1,0,5000.0,0.0,1,0,0.0,0.0002861622896167226,0.0,1.23619985386e-313,0.0,0,1,1,0,False,0.0,1,1
100000001298099100,peripheral,0.7,9,0.1527,получил 19 000 ₸ (1 перев.) и дальше не переводил; сумма мала для роли,3,False,False,1,0,19000.0,0.0,1,0,0.0,0.0002926483569297594,0.0,6.407022137400362e-07,0.0,0,0,7,0,False,0.0,1,1
100000007005380100,peripheral,0.7,6,0.1525,получил 9 400 ₸ (1 перев.) и дальше не переводил; сумма мала для роли,3,False,False,1,0,9400.0,0.0,1,0,0.0,0.000303095707083968,0.0,0.00010694238652270059,0.0,0,0,7,0,False,0.0,1,1
100000001202787100,peripheral,0.3,2,0.1523,"4-е колено: получил 14 850 ₸ от 2 плательщ.; исходящие не выгружались (обрыв обхода), нужна доп. выгрузка",4,False,True,2,0,14850.0,0.0,2,0,0.0,0.00035114494940795553,0.0,1.2658184091880164e-05,0.0,0,0,7,0,False,0.0,1,2
100000002893020100,peripheral,0.7,9,0.1512,получил 18 340 ₸ (1 перев.) и дальше не переводил; сумма мала для роли,3,False,False,1,0,18340.0,0.0,1,0,0.0,0.00029240245264606314,0.0,6.407022137400362e-07,0.0,0,0,7,0,False,0.0,1,1
100000007997939100,peripheral,0.3,5,0.1511,"4-е колено: получил 13 000 ₸ от 1 плательщ.; исходящие не выгружались (обрыв обхода), нужна доп. выгрузка",4,False,True,1,0,13000.0,0.0,1,0,0.0,0.00035796308347988245,0.0,9.023756758629543e-290,0.0,0,0,9,0,False,0.0,1,1
100000002546921100,peripheral,0.7,14,0.1496,получил 20 000 ₸ (1 перев.) и дальше не переводил; сумма мала для роли,3,False,False,1,0,20000.0,0.0,1,0,0.0,0.0002912223270400026,0.0,2.4413789354590045e-05,0.0,0,0,7,0,False,0.0,1,1
100000008416433100,peripheral,0.7,14,0.1496,получил 20 000 ₸ (1 перев.) и дальше не переводил; сумма мала для роли,3,False,False,1,0,20000.0,0.0,1,0,0.0,0.0002912223270400026,0.0,2.4413789354590045e-05,0.0,0,0,7,0,False,0.0,1,1
100000008682426100,peripheral,0.7,14,0.1496,получил 20 000 ₸ (1 перев.) и дальше не переводил; сумма мала для роли,3,False,False,1,0,20000.0,0.0,1,0,0.0,0.0002912223270400026,0.0,2.4413789354590045e-05,0.0,0,0,7,0,False,0.0,1,1
100000004981068100,peripheral,0.3,7,0.1495,"4-е колено: получил 10 000 ₸ от 1 плательщ.; исходящие не выгружались (обрыв обхода), нужна доп. выгрузка",4,False,True,1,0,10000.0,0.0,1,0,0.0,0.0003788472368268382,0.0,6.342137165769189e-08,0.0,0,0,7,0,False,0.0,1,1
100000008753897100,peripheral,0.7,1,0.149,получил 24 050 ₸ (1 перев.) и дальше не переводил; сумма мала для роли,3,False,False,1,0,24050.0,0.0,1,0,0.0,0.00028932296480663856,0.0,3.0588951023382876e-10,0.0,0,0,1,0,False,0.0,1,1
100000003338583100,peripheral,0.7,25,0.1489,получил 21 765 ₸ (1 перев.) и дальше не переводил; сумма мала для роли,3,False,False,1,0,21765.0,0.0,1,0,0.0,0.00029016016283832526,0.0,3.403941910066223e-179,0.0,0,0,1,0,False,0.0,1,1
100000003792647100,peripheral,0.3,6,0.1488,"4-е колено: получил 8 000 ₸ от 1 плательщ.; исходящие не выгружались (обрыв обхода), нужна доп. выгрузка",4,False,True,1,0,8000.0,0.0,1,0,0.0,0.0004002731421119268,0.0,1.23619985386e-313,0.0,0,0,7,0,False,0.0,1,1
100000002702968100,peripheral,0.3,9,0.1487,"4-е колено: получил 31 600 ₸ от 1 плательщ.; исходящие не выгружались (обрыв обхода), нужна доп. выгрузка",4,False,True,1,0,31600.0,0.0,1,0,0.0,0.00029739809103435365,0.0,2.758273854900145e-06,0.0,0,0,7,0,False,0.0,1,1
100000002373386100,peripheral,0.7,1,0.1483,получил 24 000 ₸ (1 перев.) и дальше не переводил; сумма мала для роли,3,False,False,1,0,24000.0,0.0,1,0,0.0,0.0002893151609176794,0.0,3.0588951023382876e-10,0.0,0,0,1,0,False,0.0,1,1
100000002305477100,peripheral,0.3,22,0.1482,"4-е колено: получил 20 000 ₸ от 1 плательщ.; исходящие не выгружались (обрыв обхода), нужна доп. выгрузка",4,False,True,1,0,20000.0,0.0,1,0,0.0,0.0003133060722146628,0.0,2.3749511394193016e-243,0.0,0,0,7,0,False,0.0,1,1
100000006288612100,peripheral,0.3,12,0.1479,"4-е колено: получил 30 805 ₸ от 1 плательщ.; исходящие не выгружались (обрыв обхода), нужна доп. выгрузка",4,False,True,1,0,30805.0,0.0,3,0,0.0,0.0002976242451746879,0.0,2.369785348115211e-06,0.0,0,0,7,0,False,0.0,1,3
100000008524903100,peripheral,0.3,2,0.1476,"4-е колено: получил 15 000 ₸ от 1 плательщ.; исходящие не выгружались (обрыв обхода), нужна доп. выгрузка",4,False,True,1,0,15000.0,0.0,1,0,0.0,0.0003317732501869909,0.0,0.0,0.0,0,0,7,0,False,0.0,1,1
100000008744364100,peripheral,0.7,1,0.1475,получил 23 700 ₸ (1 перев.) и дальше не переводил; сумма мала для роли,3,False,False,1,0,23700.0,0.0,1,0,0.0,0.00028926833758392454,0.0,3.0588951023382876e-10,0.0,0,0,1,0,False,0.0,1,1
100000004502048100,peripheral,0.3,17,0.1475,"4-е колено: получил 13 888 ₸ от 1 плательщ.; исходящие не выгружались (обрыв обхода), нужна доп. выгрузка",4,False,True,1,0,13888.0,0.0,1,0,0.0,0.00033971462250251223,0.0,1.23619985386e-313,0.0,0,0,7,0,False,0.0,1,1
100000002660298100,peripheral,0.3,9,0.1472,"4-е колено: получил 30 900 ₸ от 1 плательщ.; исходящие не выгружались (обрыв обхода), нужна доп. выгрузка",4,False,True,1,0,30900.0,0.0,1,0,0.0,0.00029713606072511497,0.0,2.758273854900145e-06,0.0,0,0,7,0,False,0.0,1,1
100000006714366100,peripheral,0.5,11,0.1471,"получил 10 500 ₸, отдал дальше 48% полученного; ни сбора, ни веера, ни чистого транзита",3,False,False,1,1,10500.0,5000.0,1,1,0.47619047619047616,0.0002894561536970341,0.0,0.00025946007686321234,1.922024458454748e-05,0,0,7,0,False,1.0,1,1
100000002216999100,peripheral,0.7,1,0.1471,получил 23 677 ₸ (1 перев.) и дальше не переводил; сумма мала для роли,3,False,False,1,0,23677.0,0.0,1,0,0.0,0.0002892647477950034,0.0,3.0588951023382876e-10,0.0,0,0,1,0,False,0.0,1,1
100000007737775100,peripheral,0.7,34,0.147,получил 6 000 ₸ (1 перев.) и дальше не переводил; сумма мала для роли,3,False,False,1,0,6000.0,0.0,1,0,0.0,0.00030312962676534933,0.0,9.977809130351899e-07,0.0,0,0,8,0,False,0.0,1,1
100000003561031100,peripheral,0.5,7,0.1467,"получил 13 300 ₸, отдал дальше 38% полученного; ни сбора, ни веера, ни чистого транзита",3,False,False,1,1,13300.0,5000.0,1,1,0.37593984962406013,0.00028827529889143965,0.0,0.0016044117305492448,1.922024458454748e-05,0,0,7,0,False,0.0,1,2
100000002913340100,peripheral,0.7,1,0.1463,получил 23 600 ₸ (1 перев.) и дальше не переводил; сумма мала для роли,3,False,False,1,0,23600.0,0.0,1,0,0.0,0.00028925272980600625,0.0,3.0588951023382876e-10,0.0,0,0,1,0,False,0.0,1,1
100000008688155100,peripheral,0.7,1,0.1463,получил 23 600 ₸ (1 перев.) и дальше не переводил; сумма мала для роли,3,False,False,1,0,23600.0,0.0,1,0,0.0,0.00028925272980600625,0.0,3.0588951023382876e-10,0.0,0,0,1,0,False,0.0,1,1
100000006831291100,transit,0.45,51,0.1461,seed: отправил 15 000 ₸ 1 получ.; входящие вне выгрузки — роль по исходящим,0,True,False,0,1,0.0,15000.0,0,3,-1.0,0.0002855692942172909,4.805492240397117e-303,0.0,0.0,0,0,0,0,False,0.0,0,3
100000001248999100,peripheral,0.7,16,0.1459,получил 23 425 ₸ (1 перев.) и дальше не переводил; сумма мала для роли,3,False,False,1,0,23425.0,0.0,1,0,0.0,0.0002892563668937372,0.0,0.000233344615948652,0.0,0,0,7,0,False,0.0,1,1
100000003950749100,peripheral,0.3,4,0.1447,"4-е колено: получил 7 000 ₸ от 1 плательщ.; исходящие не выгружались (обрыв обхода), нужна доп. выгрузка",4,False,True,1,0,7000.0,0.0,1,0,0.0,0.00038424128954841564,0.0,2.1155338218666927e-08,0.0,0,0,7,0,False,0.0,1,1
100000003214786100,peripheral,0.3,2,0.1445,"4-е колено: получил 5 000 ₸ от 1 плательщ.; исходящие не выгружались (обрыв обхода), нужна доп. выгрузка",4,False,True,1,0,5000.0,0.0,1,0,0.0,0.00042028195414468963,0.0,0.0,0.0,0,0,7,0,False,0.0,1,1
100000005209352100,peripheral,0.3,2,0.1445,"4-е колено: получил 5 000 ₸ от 1 плательщ.; исходящие не выгружались (обрыв обхода), нужна доп. выгрузка",4,False,True,1,0,5000.0,0.0,1,0,0.0,0.00042028195414468963,0.0,0.0,0.0,0,0,7,0,False,0.0,1,1
100000003814002100,peripheral,0.7,6,0.1443,получил 30 000 ₸ (1 перев.) и дальше не переводил; сумма мала для роли,3,False,False,1,0,30000.0,0.0,1,0,0.0,0.00028654156943951336,0.0,0.0029401739563140994,0.0,0,0,7,0,False,0.0,1,1
100000004553349100,peripheral,0.7,6,0.1443,получил 7 755 ₸ (1 перев.) и дальше не переводил; сумма мала для роли,3,False,False,1,0,7755.0,0.0,1,0,0.0,0.0003000285848322995,0.0,0.00010694238652270059,0.0,0,0,7,0,False,0.0,1,1
100000001677389100,peripheral,0.5,16,0.1439,"получил 11 000 ₸, отдал дальше 49% полученного; ни сбора, ни веера, ни чистого транзита",3,False,False,1,1,11000.0,5400.0,1,1,0.4909090909090909,0.00028863096954467773,0.0,1.8692187265548473e-05,1.922024458454748e-05,0,0,7,0,False,0.0,1,2
100000008745863100,peripheral,0.7,1,0.1437,получил 22 900 ₸ (1 перев.) и дальше не переводил; сумма мала для роли,3,False,False,1,0,22900.0,0.0,1,0,0.0,0.00028914347536057827,0.0,3.0588951023382876e-10,0.0,0,0,1,0,False,0.0,1,1
100000008661550100,peripheral,0.7,1,0.1434,получил 22 800 ₸ (1 перев.) и дальше не переводил; сумма мала для роли,3,False,False,1,0,22800.0,0.0,1,0,0.0,0.00028912786758266,0.0,3.0588951023382876e-10,0.0,0,0,1,0,False,0.0,1,1
100000003635660100,peripheral,0.7,2,0.1431,получил 18 985 ₸ (1 перев.) и дальше не переводил; сумма мала для роли,3,False,False,1,0,18985.0,0.0,1,0,0.0,0.0002905219400417891,0.0,0.001137907385155322,0.0,0,0,7,0,False,0.0,1,1
100000001089055100,peripheral,0.3,16,0.1428,"4-е колено: получил 13 000 ₸ от 1 плательщ.; исходящие не выгружались (обрыв обхода), нужна доп. выгрузка",4,False,True,1,0,13000.0,0.0,1,0,0.0,0.00032930768290614026,0.0,2.8374851247119553e-05,0.0,0,0,7,0,False,0.0,1,1
100000003040087100,peripheral,0.3,9,0.1425,"4-е колено: получил 29 000 ₸ от 1 плательщ.; исходящие не выгружались (обрыв обхода), нужна доп. выгрузка",4,False,True,1,0,29000.0,0.0,1,0,0.0,0.0002964248356000384,0.0,2.758273854900145e-06,0.0,0,0,7,0,False,0.0,1,1
100000001155773100,peripheral,0.7,1,0.1415,получил 21 500 ₸ (1 перев.) и дальше не переводил; сумма мала для роли,3,False,False,1,0,21500.0,0.0,1,0,0.0,0.0002889249664697223,0.0,3.0588951023382876e-10,0.0,0,0,1,0,False,0.0,1,1
100000000500040100,peripheral,0.3,2,0.1415,"4-е колено: получил 20 000 ₸ от 1 плательщ.; исходящие не выгружались (обрыв обхода), нужна доп. выгрузка",4,False,True,1,0,20000.0,0.0,1,0,0.0,0.00030605044673656407,0.0,3.148497900522947e-05,0.0,0,0,7,0,False,0.0,1,1
100000000581662100,peripheral,0.3,13,0.1414,"4-е колено: получил 21 160 ₸ от 1 плательщ.; исходящие не выгружались (обрыв обхода), нужна доп. выгрузка",4,False,True,1,0,21160.0,0.0,1,0,0.0,0.00030291662853066217,0.0,0.0,0.0,0,0,2,0,False,0.0,1,1
100000003009900100,peripheral,0.7,9,0.1412,получил 15 998 ₸ (1 перев.) и дальше не переводил; сумма мала для роли,3,False,False,1,0,15998.0,0.0,1,0,0.0,0.0002915298650211894,0.0,6.407022137400362e-07,0.0,0,0,7,0,False,0.0,1,1
100000003904497100,peripheral,0.3,5,0.1412,"4-е колено: получил 10 000 ₸ от 1 плательщ.; исходящие не выгружались (обрыв обхода), нужна доп. выгрузка",4,False,True,1,0,10000.0,0.0,1,0,0.0,0.0003412568244192844,0.0,9.023756758629543e-290,0.0,0,0,9,0,False,0.0,1,1
100000002726055100,peripheral,0.3,22,0.1407,"4-е колено: получил 10 000 ₸ от 1 плательщ.; исходящие не выгружались (обрыв обхода), нужна доп. выгрузка",4,False,True,1,0,10000.0,0.0,1,0,0.0,0.00034001485733930624,0.0,5.122433452555066e-255,0.0,0,0,7,0,False,0.0,1,1
100000002506987100,peripheral,0.3,9,0.1407,"4-е колено: получил 28 200 ₸ от 1 плательщ.; исходящие не выгружались (обрыв обхода), нужна доп. выгрузка",4,False,True,1,0,28200.0,0.0,1,0,0.0,0.0002961253723894798,0.0,2.758273854900145e-06,0.0,0,0,7,0,False,0.0,1,1
100000008576528100,peripheral,0.7,6,0.1401,получил 28 000 ₸ (1 перев.) и дальше не переводил; сумма мала для роли,3,False,False,1,0,28000.0,0.0,1,0,0.0,0.0002864767510913652,0.0,0.0029401739563140994,0.0,0,0,7,0,False,0.0,1,1
100000005172860100,peripheral,0.7,2,0.14,получил 15 209 ₸ (1 перев.) и дальше не переводил; сумма мала для роли,3,False,False,1,0,15209.2,0.0,1,0,0.0,0.00029179582395841264,0.0,0.0006428156575478821,0.0,0,0,7,0,False,0.0,1,1
100000008740793100,peripheral,0.7,1,0.14,получил 21 000 ₸ (1 перев.) и дальше не переводил; сумма мала для роли,3,False,False,1,0,21000.0,0.0,1,0,0.0,0.00028884692758013086,0.0,3.0588951023382876e-10,0.0,0,0,1,0,False,0.0,1,1
100000008712036100,peripheral,0.7,1,0.14,получил 21 000 ₸ (1 перев.) и дальше не переводил; сумма мала для роли,3,False,False,1,0,21000.0,0.0,1,0,0.0,0.00028884692758013086,0.0,3.0588951023382876e-10,0.0,0,0,1,0,False,0.0,1,1
100000008763688100,peripheral,0.7,1,0.14,получил 21 000 ₸ (1 перев.) и дальше не переводил; сумма мала для роли,3,False,False,1,0,21000.0,0.0,1,0,0.0,0.00028884692758013086,0.0,3.0588951023382876e-10,0.0,0,0,1,0,False,0.0,1,1
100000006918814100,peripheral,0.3,3,0.1399,"4-е колено: получил 20 000 ₸ от 1 плательщ.; исходящие не выгружались (обрыв обхода), нужна доп. выгрузка",4,False,True,1,0,20000.0,0.0,2,0,0.0,0.0003043279710896785,0.0,5.078517869942799e-05,0.0,0,0,7,0,False,0.0,1,2
100000004177936100,peripheral,0.3,7,0.1395,"4-е колено: получил 10 000 ₸ от 1 плательщ.; исходящие не выгружались (обрыв обхода), нужна доп. выгрузка",4,False,True,1,0,10000.0,0.0,1,0,0.0,0.00033700711990315843,0.0,1.964772812673273e-05,0.0,0,0,7,0,False,0.0,1,1
100000006351075100,peripheral,0.3,41,0.1394,"4-е колено: получил 40 000 ₸ от 1 плательщ.; исходящие не выгружались (обрыв обхода), нужна доп. выгрузка",4,False,True,1,0,40000.0,0.0,2,0,0.0,0.0002910853306876047,0.0,3.8798761239758137e-256,0.0,0,0,7,0,False,0.0,1,1
100000004377043100,peripheral,0.3,29,0.1391,"4-е колено: получил 5 700 ₸ от 1 плательщ.; исходящие не выгружались (обрыв обхода), нужна доп. выгрузка",4,False,True,1,0,5700.0,0.0,1,0,0.0,0.0003635495256865643,0.0,2.4980708508529283e-257,0.0,0,0,7,0,False,0.0,1,1
100000004674178100,peripheral,0.3,27,0.1381,"4-е колено: получил 20 000 ₸ от 1 плательщ.; исходящие не выгружались (обрыв обхода), нужна доп. выгрузка",4,False,True,1,0,20000.0,0.0,1,0,0.0,0.00030274344180862404,0.0,2.0657129242753332e-08,0.0,0,0,7,0,False,0.0,1,1
100000002194329100,peripheral,0.7,2,0.1378,получил 25 170 ₸ (1 перев.) и дальше не переводил; сумма мала для роли,3,False,False,1,0,25170.0,0.0,1,0,0.0,0.00028698686778801547,0.0,0.0029057815328092595,0.0,0,0,7,0,False,0.0,1,1
100000004403548100,peripheral,0.3,7,0.1376,"4-е колено: получил 5 000 ₸ от 1 плательщ.; исходящие не выгружались (обрыв обхода), нужна доп. выгрузка",4,False,True,1,0,5000.0,0.0,1,0,0.0,0.0003678656647208173,0.0,0.0,0.0,0,0,7,0,False,0.0,1,1
100000008629504100,peripheral,0.3,2,0.1371,"4-е колено: получил 20 000 ₸ от 1 плательщ.; исходящие не выгружались (обрыв обхода), нужна доп. выгрузка",4,False,True,1,0,20000.0,0.0,1,0,0.0,0.00030201034173378495,0.0,6.837938890112211e-06,0.0,0,0,7,0,False,0.0,1,1
100000003078839100,peripheral,0.3,7,0.1369,"4-е колено: получил 14 000 ₸ от 1 плательщ.; исходящие не выгружались (обрыв обхода), нужна доп. выгрузка",4,False,True,1,0,14000.0,0.0,2,0,0.0,0.0003147926722848661,0.0,0.0,0.0,0,0,7,0,False,0.0,1,2
100000006919124100,peripheral,0.7,2,0.1364,получил 25 000 ₸ (1 перев.) и дальше не переводил; сумма мала для роли,3,False,False,1,0,25000.0,0.0,1,0,0.0,0.0002869772933936165,0.0,0.0029057815328092595,0.0,0,0,7,0,False,0.0,1,1
100000005543136100,transit,0.45,11,0.1364,seed: отправил 10 000 ₸ 1 получ.; входящие вне выгрузки — роль по исходящим,0,True,False,0,1,0.0,10000.0,0,1,-1.0,0.0002855692942172909,1.842487578118373e-08,0.0,0.0,0,0,0,0,False,0.0,0,1
100000003084870100,peripheral,0.3,13,0.1359,"4-е колено: получил 6 500 ₸ от 1 плательщ.; исходящие не выгружались (обрыв обхода), нужна доп. выгрузка",4,False,True,1,0,6500.0,0.0,1,0,0.0,0.00034517865606512906,0.0,0.0,0.0,0,0,2,0,False,0.0,1,1
100000003241965100,peripheral,0.7,9,0.1357,получил 15 000 ₸ (1 перев.) и дальше не переводил; сумма мала для роли,3,False,False,1,0,15000.0,0.0,1,0,0.0,0.0002911580279376608,0.0,6.407022137400362e-07,0.0,0,0,7,0,False,0.0,1,1
100000002945031100,peripheral,0.7,11,0.1356,получил 15 000 ₸ (1 перев.) и дальше не переводил; сумма мала для роли,3,False,False,1,0,15000.0,0.0,1,0,0.0,0.000291121950616924,0.0,0.00025946007686321234,0.0,0,0,7,0,False,0.0,1,1
100000004049912100,peripheral,0.3,17,0.1353,"4-е колено: получил 10 000 ₸ от 1 плательщ.; исходящие не выгружались (обрыв обхода), нужна доп. выгрузка",4,False,True,1,0,10000.0,0.0,1,0,0.0,0.0003245564257590689,0.0,1.23619985386e-313,0.0,0,0,7,0,False,0.0,1,1
100000006710485100,peripheral,0.7,1,0.135,получил 20 000 ₸ (1 перев.) и дальше не переводил; сумма мала для роли,3,False,False,1,0,20000.0,0.0,1,0,0.0,0.000288690849800948,0.0,3.0588951023382876e-10,0.0,0,0,1,0,False,0.0,1,1
100000008745884100,peripheral,0.7,1,0.135,получил 20 000 ₸ (1 перев.) и дальше не переводил; сумма мала для роли,3,False,False,1,0,20000.0,0.0,1,0,0.0,0.000288690849800948,0.0,3.0588951023382876e-10,0.0,0,0,1,0,False,0.0,1,1
100000006573438100,peripheral,0.7,40,0.1346,получил 5 000 ₸ (1 перев.) и дальше не переводил; сумма мала для роли,3,False,False,1,0,5000.0,0.0,1,0,0.0,0.000299086879906217,0.0,2.4284365594566553e-05,0.0,0,0,7,0,False,0.0,1,1
100000000957746100,peripheral,0.3,16,0.1344,"4-е колено: получил 5 300 ₸ от 1 плательщ.; исходящие не выгружались (обрыв обхода), нужна доп. выгрузка",4,False,True,1,0,5300.0,0.0,1,0,0.0,0.00034730735985062075,0.0,0.0,0.0,0,0,7,0,False,0.0,1,1
100000008755754100,peripheral,0.7,13,0.1339,получил 7 000 ₸ (1 перев.) и дальше не переводил; сумма мала для роли,3,False,False,1,0,7000.0,0.0,1,0,0.0,0.0002958990020703291,0.0,0.0,0.0,0,0,1,0,False,0.0,1,1
100000004856746100,peripheral,0.3,35,0.1339,"4-е колено: получил 20 000 ₸ от 1 плательщ.; исходящие не выгружались (обрыв обхода), нужна доп. выгрузка",4,False,True,1,0,20000.0,0.0,1,0,0.0,0.0003000473060624518,0.0,1.4683800802737826e-07,0.0,0,0,7,0,False,0.0,1,1
100000007863304100,peripheral,0.7,6,0.1336,получил 25 000 ₸ (1 перев.) и дальше не переводил; сумма мала для роли,3,False,False,1,0,25000.0,0.0,1,0,0.0,0.000286379523569143,0.0,0.0029401739563140994,0.0,0,0,7,0,False,0.0,1,1
100000006989232100,peripheral,0.7,2,0.1326,получил 22 194 ₸ (1 перев.) и дальше не переводил; сумма мала для роли,3,False,False,1,0,22194.0,0.0,1,0,0.0,0.00028753750814532387,0.0,0.0011319383959652314,0.0,0,0,7,0,False,0.0,1,1
100000008071749100,peripheral,0.3,9,0.1323,"4-е колено: получил 24 943 ₸ от 1 плательщ.; исходящие не выгружались (обрыв обхода), нужна доп. выгрузка",4,False,True,1,0,24943.0,0.0,1,0,0.0,0.0002949061827934933,0.0,2.758273854900145e-06,0.0,0,0,7,0,False,0.0,1,1
100000003006633100,peripheral,0.7,36,0.132,получил 10 000 ₸ (1 перев.) и дальше не переводил; сумма мала для роли,3,False,False,1,0,10000.0,0.0,1,0,0.0,0.0002931965366687916,0.0,2.3749511394193016e-243,0.0,0,0,7,0,False,0.0,1,1
100000004041294100,peripheral,0.3,27,0.1314,"4-е колено: получил 17 800 ₸ от 1 плательщ.; исходящие не выгружались (обрыв обхода), нужна доп. выгрузка",4,False,True,1,0,17800.0,0.0,2,0,0.0,0.0003008542855735774,0.0,2.0657129242753332e-08,0.0,0,0,7,0,False,0.0,1,1
100000008776310100,peripheral,0.7,1,0.1314,получил 19 200 ₸ (1 перев.) и дальше не переводил; сумма мала для роли,3,False,False,1,0,19200.0,0.0,1,0,0.0,0.00028856598757760174,0.0,3.0588951023382876e-10,0.0,0,0,1,0,False,0.0,1,1
100000002130400100,peripheral,0.3,37,0.1311,"4-е колено: получил 10 000 ₸ от 1 плательщ.; исходящие не выгружались (обрыв обхода), нужна доп. выгрузка",4,False,True,1,0,10000.0,0.0,1,0,0.0,0.00031754580623604263,0.0,1.6242871664535976e-281,0.0,0,0,1,0,False,0.0,1,1
100000002304943100,peripheral,0.3,22,0.1311,"4-е колено: получил 15 000 ₸ от 1 плательщ.; исходящие не выгружались (обрыв обхода), нужна доп. выгрузка",4,False,True,1,0,15000.0,0.0,1,0,0.0,0.00030637187771531986,0.0,2.3749511394193016e-243,0.0,0,0,7,0,False,0.0,1,1
100000001991973100,peripheral,0.3,18,0.1304,"4-е колено: получил 20 800 ₸ от 1 плательщ.; исходящие не выгружались (обрыв обхода), нужна доп. выгрузка",4,False,True,1,0,20800.0,0.0,1,0,0.0,0.00029670040623963227,0.0,3.6873817911951947e-06,0.0,0,0,1,0,False,0.0,1,1
100000008074304100,peripheral,0.3,6,0.1303,"4-е колено: получил 5 500 ₸ от 1 плательщ.; исходящие не выгружались (обрыв обхода), нужна доп. выгрузка",4,False,True,1,0,5500.0,0.0,1,0,0.0,0.00033242119278309483,0.0,0.0,0.0,0,0,7,0,False,0.0,1,1
100000004140994100,peripheral,0.7,1,0.1301,получил 18 650 ₸ (1 перев.) и дальше не переводил; сумма мала для роли,3,False,False,1,0,18650.0,0.0,1,0,0.0,0.00028848014479905114,0.0,3.0588951023382876e-10,0.0,0,0,1,0,False,0.0,1,1
100000004611571100,peripheral,0.7,2,0.1298,получил 22 550 ₸ (1 перев.) и дальше не переводил; сумма мала для роли,3,False,False,1,0,22550.0,0.0,1,0,0.0,0.00028683930947433656,0.0,0.0029057815328092595,0.0,0,0,7,0,False,0.0,1,1
100000008029279100,peripheral,0.7,7,0.1298,получил 17 000 ₸ (1 перев.) и дальше не переводил; сумма мала для роли,3,False,False,1,0,17000.0,0.0,1,0,0.0,0.0002890280971842479,0.0,0.0016044117305492448,0.0,0,0,7,0,False,0.0,1,1
100000004526651100,peripheral,0.3,5,0.1286,"4-е колено: получил 33 000 ₸ от 1 плательщ.; исходящие не выгружались (обрыв обхода), нужна доп. выгрузка",4,False,True,1,0,33000.0,0.0,1,0,0.0,0.0002899106988792623,0.0,1.276147972494963e-06,0.0,0,0,8,0,False,0.0,1,1
100000008754997100,peripheral,0.7,1,0.1286,получил 18 000 ₸ (1 перев.) и дальше не переводил; сумма мала для роли,3,False,False,1,0,18000.0,0.0,1,0,0.0,0.0002883786942425823,0.0,3.0588951023382876e-10,0.0,0,0,1,0,False,0.0,1,1
100000008712184100,peripheral,0.7,1,0.1286,получил 18 000 ₸ (1 перев.) и дальше не переводил; сумма мала для роли,3,False,False,1,0,18000.0,0.0,1,0,0.0,0.0002883786942425823,0.0,3.0588951023382876e-10,0.0,0,0,1,0,False,0.0,1,1
100000008715887100,peripheral,0.7,1,0.1286,получил 18 000 ₸ (1 перев.) и дальше не переводил; сумма мала для роли,3,False,False,1,0,18000.0,0.0,1,0,0.0,0.0002883786942425823,0.0,3.0588951023382876e-10,0.0,0,0,1,0,False,0.0,1,1
100000000018102100,peripheral,0.3,7,0.1281,"4-е колено: получил 7 000 ₸ от 1 плательщ.; исходящие не выгружались (обрыв обхода), нужна доп. выгрузка",4,False,True,1,0,7000.0,0.0,1,0,0.0,0.0003204029472448961,0.0,1.23619985386e-313,0.0,0,0,7,0,False,0.0,1,1
100000004850609100,peripheral,0.3,2,0.1275,"4-е колено: получил 10 000 ₸ от 1 плательщ.; исходящие не выгружались (обрыв обхода), нужна доп. выгрузка",4,False,True,1,0,10000.0,0.0,1,0,0.0,0.00031302949674031055,0.0,5.553943429951723e-06,0.0,0,0,7,0,False,0.0,1,1
100000002116705100,peripheral,0.7,1,0.1268,получил 17 600 ₸ (1 перев.) и дальше не переводил; сумма мала для роли,3,False,False,1,0,17600.0,0.0,1,0,0.0,0.00028831626313090915,0.0,3.0588951023382876e-10,0.0,0,0,1,0,False,0.0,1,1
100000008735832100,peripheral,0.7,1,0.1268,получил 17 600 ₸ (1 перев.) и дальше не переводил; сумма мала для роли,3,False,False,1,0,17600.0,0.0,1,0,0.0,0.00028831626313090915,0.0,3.0588951023382876e-10,0.0,0,0,1,0,False,0.0,1,1
100000008755168100,peripheral,0.7,1,0.1268,получил 17 600 ₸ (1 перев.) и дальше не переводил; сумма мала для роли,3,False,False,1,0,17600.0,0.0,1,0,0.0,0.00028831626313090915,0.0,3.0588951023382876e-10,0.0,0,0,1,0,False,0.0,1,1
100000002511581100,peripheral,0.7,1,0.1268,получил 17 600 ₸ (1 перев.) и дальше не переводил; сумма мала для роли,3,False,False,1,0,17600.0,0.0,1,0,0.0,0.00028831626313090915,0.0,3.0588951023382876e-10,0.0,0,0,1,0,False,0.0,1,1
100000008687990100,peripheral,0.7,1,0.1268,получил 17 600 ₸ (1 перев.) и дальше не переводил; сумма мала для роли,3,False,False,1,0,17600.0,0.0,1,0,0.0,0.00028831626313090915,0.0,3.0588951023382876e-10,0.0,0,0,1,0,False,0.0,1,1
100000003146511100,peripheral,0.3,11,0.1264,"4-е колено: получил 10 000 ₸ от 1 плательщ.; исходящие не выгружались (обрыв обхода), нужна доп. выгрузка",4,False,True,1,0,10000.0,0.0,1,0,0.0,0.000311813667487197,0.0,1.23619985386e-313,0.0,0,0,7,0,False,0.0,1,1
100000004911971100,peripheral,0.3,38,0.1261,"4-е колено: получил 35 000 ₸ от 1 плательщ.; исходящие не выгружались (обрыв обхода), нужна доп. выгрузка",4,False,True,1,0,35000.0,0.0,3,0,0.0,0.00028904714906671764,0.0,2.3749511394193016e-243,0.0,0,0,7,0,False,0.0,1,2
100000000424935100,peripheral,0.3,29,0.1257,"4-е колено: получил 15 000 ₸ от 1 плательщ.; исходящие не выгружались (обрыв обхода), нужна доп. выгрузка",4,False,True,1,0,15000.0,0.0,1,0,0.0,0.0003014479732354374,0.0,3.0386804526261044e-11,0.0,0,0,7,0,False,0.0,1,1
100000008767950100,peripheral,0.7,1,0.1256,получил 17 350 ₸ (1 перев.) и дальше не переводил; сумма мала для роли,3,False,False,1,0,17350.0,0.0,1,0,0.0,0.0002882772436861134,0.0,3.0588951023382876e-10,0.0,0,0,1,0,False,0.0,1,1
100000008011573100,peripheral,0.7,16,0.1251,получил 15 000 ₸ (1 перев.) и дальше не переводил; сумма мала для роли,3,False,False,1,0,15000.0,0.0,1,0,0.0,0.00028919231957213884,0.0,0.0004659017954226318,0.0,0,0,7,0,False,0.0,1,1
100000002975287100,peripheral,0.7,16,0.1251,получил 15 000 ₸ (1 перев.) и дальше не переводил; сумма мала для роли,3,False,False,1,0,15000.0,0.0,1,0,0.0,0.00028919231957213884,0.0,0.0004659017954226318,0.0,0,0,7,0,False,0.0,1,1
100000005995391100,peripheral,0.7,1,0.1248,получил 17 200 ₸ (1 перев.) и дальше не переводил; сумма мала для роли,3,False,False,1,0,17200.0,0.0,1,0,0.0,0.000288253832019236,0.0,3.0588951023382876e-10,0.0,0,0,1,0,False,0.0,1,1
100000008684951100,peripheral,0.7,1,0.1248,получил 17 200 ₸ (1 перев.) и дальше не переводил; сумма мала для роли,3,False,False,1,0,17200.0,0.0,1,0,0.0,0.000288253832019236,0.0,3.0588951023382876e-10,0.0,0,0,1,0,False,0.0,1,1
100000008708595100,peripheral,0.7,1,0.1248,получил 17 200 ₸ (1 перев.) и дальше не переводил; сумма мала для роли,3,False,False,1,0,17200.0,0.0,1,0,0.0,0.000288253832019236,0.0,3.0588951023382876e-10,0.0,0,0,1,0,False,0.0,1,1
100000007022818100,peripheral,0.7,1,0.1248,получил 17 200 ₸ (1 перев.) и дальше не переводил; сумма мала для роли,3,False,False,1,0,17200.0,0.0,1,0,0.0,0.000288253832019236,0.0,3.0588951023382876e-10,0.0,0,0,1,0,False,0.0,1,1
100000008706947100,peripheral,0.7,1,0.1248,получил 17 200 ₸ (1 перев.) и дальше не переводил; сумма мала для роли,3,False,False,1,0,17200.0,0.0,1,0,0.0,0.000288253832019236,0.0,3.0588951023382876e-10,0.0,0,0,1,0,False,0.0,1,1
100000008309514100,peripheral,0.7,1,0.1248,получил 17 200 ₸ (1 перев.) и дальше не переводил; сумма мала для роли,3,False,False,1,0,17200.0,0.0,1,0,0.0,0.000288253832019236,0.0,3.0588951023382876e-10,0.0,0,0,1,0,False,0.0,1,1
100000008749900100,peripheral,0.7,1,0.1242,получил 17 150 ₸ (1 перев.) и дальше не переводил; сумма мала для роли,3,False,False,1,0,17150.0,0.0,1,0,0.0,0.00028824602813027684,0.0,3.0588951023382876e-10,0.0,0,0,1,0,False,0.0,1,1
100000008662805100,peripheral,0.7,1,0.1225,получил 16 500 ₸ (1 перев.) и дальше не переводил; сумма мала для роли,3,False,False,1,0,16500.0,0.0,1,0,0.0,0.000288144577573808,0.0,3.0588951023382876e-10,0.0,0,0,1,0,False,0.0,1,1
100000005847078100,peripheral,0.7,1,0.1217,получил 16 300 ₸ (1 перев.) и дальше не переводил; сумма мала для роли,3,False,False,1,0,16300.0,0.0,1,0,0.0,0.0002881133620179714,0.0,3.0588951023382876e-10,0.0,0,0,1,0,False,0.0,1,1
100000008664774100,peripheral,0.7,1,0.1217,получил 16 300 ₸ (1 перев.) и дальше не переводил; сумма мала для роли,3,False,False,1,0,16300.0,0.0,1,0,0.0,0.0002881133620179714,0.0,3.0588951023382876e-10,0.0,0,0,1,0,False,0.0,1,1
100000002597074100,peripheral,0.3,2,0.1209,"4-е колено: получил 8 000 ₸ от 1 плательщ.; исходящие не выгружались (обрыв обхода), нужна доп. выгрузка",4,False,True,1,0,8000.0,0.0,1,0,0.0,0.00031042832358882426,0.0,9.023756758629543e-290,0.0,0,0,7,0,False,0.0,1,1
100000008720668100,peripheral,0.7,1,0.1206,получил 16 000 ₸ (1 перев.) и дальше не переводил; сумма мала для роли,3,False,False,1,0,16000.0,0.0,1,0,0.0,0.0002880665386842166,0.0,3.0588951023382876e-10,0.0,0,0,1,0,False,0.0,1,1
100000008755580100,peripheral,0.7,1,0.1206,получил 16 000 ₸ (1 перев.) и дальше не переводил; сумма мала для роли,3,False,False,1,0,16000.0,0.0,1,0,0.0,0.0002880665386842166,0.0,3.0588951023382876e-10,0.0,0,0,1,0,False,0.0,1,1
100000005025629100,peripheral,0.3,6,0.1202,"4-е колено: получил 5 227 ₸ от 1 плательщ.; исходящие не выгружались (обрыв обхода), нужна доп. выгрузка",4,False,True,1,0,5227.0,0.0,1,0,0.0,0.0003141510108848508,0.0,1.0823443362913924e-05,0.0,0,0,7,0,False,0.0,1,1
100000008668099100,peripheral,0.7,1,0.1195,получил 15 700 ₸ (1 перев.) и дальше не переводил; сумма мала для роли,3,False,False,1,0,15700.0,0.0,1,0,0.0,0.00028801971535046174,0.0,3.0588951023382876e-10,0.0,0,0,1,0,False,0.0,1,1
100000008686494100,peripheral,0.7,1,0.1195,получил 15 700 ₸ (1 перев.) и дальше не переводил; сумма мала для роли,3,False,False,1,0,15700.0,0.0,1,0,0.0,0.00028801971535046174,0.0,3.0588951023382876e-10,0.0,0,0,1,0,False,0.0,1,1
100000002818726100,peripheral,0.7,11,0.1192,получил 10 879 ₸ (1 перев.) и дальше не переводил; сумма мала для роли,3,False,False,1,0,10879.0,0.0,1,0,0.0,0.0002895964508153981,0.0,0.00025946007686321234,0.0,0,0,7,0,False,0.0,1,1
100000000661131100,peripheral,0.7,1,0.1188,получил 15 600 ₸ (1 перев.) и дальше не переводил; сумма мала для роли,3,False,False,1,0,15600.0,0.0,1,0,0.0,0.00028800410757254345,0.0,3.0588951023382876e-10,0.0,0,0,1,0,False,0.0,1,1
100000008663723100,peripheral,0.7,1,0.1188,получил 15 600 ₸ (1 перев.) и дальше не переводил; сумма мала для роли,3,False,False,1,0,15600.0,0.0,1,0,0.0,0.00028800410757254345,0.0,3.0588951023382876e-10,0.0,0,0,1,0,False,0.0,1,1
100000004848236100,peripheral,0.3,2,0.1187,"4-е колено: получил 7 500 ₸ от 1 плательщ.; исходящие не выгружались (обрыв обхода), нужна доп. выгрузка",4,False,True,1,0,7500.0,0.0,1,0,0.0,0.00030887463425310343,0.0,9.023756758629543e-290,0.0,0,0,7,0,False,0.0,1,1
100000008708743100,peripheral,0.7,1,0.1184,получил 15 550 ₸ (1 перев.) и дальше не переводил; сумма мала для роли,3,False,False,1,0,15550.0,0.0,1,0,0.0,0.0002879963036835843,0.0,3.0588951023382876e-10,0.0,0,0,1,0,False,0.0,1,1
100000005553088100,peripheral,0.3,7,0.1177,"4-е колено: получил 17 500 ₸ от 1 плательщ.; исходящие не выгружались (обрыв обхода), нужна доп. выгрузка",4,False,True,1,0,17500.0,0.0,1,0,0.0,0.0002942853726110019,0.0,3.1784521125680773e-09,0.0,0,0,7,0,False,0.0,1,1
100000004433250100,peripheral,0.3,2,0.1174,"4-е колено: получил 8 000 ₸ от 1 плательщ.; исходящие не выгружались (обрыв обхода), нужна доп. выгрузка",4,False,True,1,0,8000.0,0.0,1,0,0.0,0.0003065701457455701,0.0,0.0,0.0,0,0,7,0,False,0.0,1,1
100000008759795100,peripheral,0.3,18,0.1173,"4-е колено: получил 17 000 ₸ от 1 плательщ.; исходящие не выгружались (обрыв обхода), нужна доп. выгрузка",4,False,True,1,0,17000.0,0.0,1,0,0.0,0.0002946668376970891,0.0,3.6873817911951947e-06,0.0,0,0,1,0,False,0.0,1,1
100000006491963100,peripheral,0.3,18,0.1146,"4-е колено: получил 16 000 ₸ от 1 плательщ.; исходящие не выгружались (обрыв обхода), нужна доп. выгрузка",4,False,True,1,0,16000.0,0.0,3,0,0.0,0.0002941316880806304,0.0,3.6873817911951947e-06,0.0,0,0,1,0,False,0.0,1,3
100000002597623100,peripheral,0.7,2,0.1145,получил 16 418 ₸ (1 перев.) и дальше не переводил; сумма мала для роли,3,False,False,1,0,16418.0,0.0,1,0,0.0,0.0002864939554363674,0.0,0.0029057815328092595,0.0,0,0,7,0,False,0.0,1,1
100000008042075100,peripheral,0.7,24,0.1142,получил 5 000 ₸ (1 перев.) и дальше не переводил; сумма мала для роли,3,False,False,1,0,5000.0,0.0,1,0,0.0,0.00029195667457243503,0.0,2.063413074803692e-248,0.0,0,0,1,0,False,0.0,1,1
100000008687733100,peripheral,0.7,1,0.1142,получил 14 650 ₸ (1 перев.) и дальше не переводил; сумма мала для роли,3,False,False,1,0,14650.0,0.0,1,0,0.0,0.00028785583368231974,0.0,3.0588951023382876e-10,0.0,0,0,1,0,False,0.0,1,1
100000004047887100,peripheral,0.3,42,0.1141,"4-е колено: получил 30 000 ₸ от 1 плательщ.; исходящие не выгружались (обрыв обхода), нужна доп. выгрузка",4,False,True,1,0,30000.0,0.0,1,0,0.0,0.00028801399269163874,0.0,3.8798761239758137e-256,0.0,0,0,7,0,False,0.0,1,1
100000001380107100,peripheral,0.7,57,0.1138,получил 6 000 ₸ (1 перев.) и дальше не переводил; сумма мала для роли,3,False,False,1,0,6000.0,0.0,1,0,0.0,0.00029094848350339587,0.0,3.283226523281586e-08,0.0,0,0,10,0,False,0.0,1,1
100000002748040100,peripheral,0.3,9,0.1135,"4-е колено: получил 18 000 ₸ от 1 плательщ.; исходящие не выгружались (обрыв обхода), нужна доп. выгрузка",4,False,True,1,0,18000.0,0.0,1,0,0.0,0.0002923072164548583,0.0,2.758273854900145e-06,0.0,0,0,7,0,False,0.0,1,1
100000008706846100,peripheral,0.7,1,0.1133,получил 14 200 ₸ (1 перев.) и дальше не переводил; сумма мала для роли,3,False,False,1,0,14200.0,0.0,1,0,0.0,0.00028778559868168743,0.0,3.0588951023382876e-10,0.0,0,0,1,0,False,0.0,1,1
100000006903193100,peripheral,0.3,2,0.1133,"4-е колено: получил 9 000 ₸ от 1 плательщ.; исходящие не выгружались (обрыв обхода), нужна доп. выгрузка",4,False,True,1,0,9000.0,0.0,1,0,0.0,0.0003016045268852538,0.0,2.910187022880294e-05,0.0,0,0,7,0,False,0.0,1,1
100000008548853100,peripheral,0.7,1,0.1124,получил 14 000 ₸ (1 перев.) и дальше не переводил; сумма мала для роли,3,False,False,1,0,14000.0,0.0,1,0,0.0,0.00028775438312585085,0.0,3.0588951023382876e-10,0.0,0,0,1,0,False,0.0,1,1
100000008751349100,peripheral,0.7,28,0.1124,получил 11 630 ₸ (1 перев.) и дальше не переводил; сумма мала для роли,3,False,False,1,0,11630.0,0.0,1,0,0.0,0.00028848577638606985,0.0,2.8321519604650354e-232,0.0,0,0,7,0,False,0.0,1,1
100000008672493100,peripheral,0.7,1,0.1124,получил 14 000 ₸ (1 перев.) и дальше не переводил; сумма мала для роли,3,False,False,1,0,14000.0,0.0,1,0,0.0,0.00028775438312585085,0.0,3.0588951023382876e-10,0.0,0,0,1,0,False,0.0,1,1
100000002227960100,peripheral,0.3,22,0.1123,"4-е колено: получил 10 000 ₸ от 1 плательщ.; исходящие не выгружались (обрыв обхода), нужна доп. выгрузка",4,False,True,1,0,10000.0,0.0,1,0,0.0,0.00029943768321597685,0.0,2.3749511394193016e-243,0.0,0,0,7,0,False,0.0,1,1
100000003105089100,peripheral,0.3,22,0.1123,"4-е колено: получил 10 000 ₸ от 1 плательщ.; исходящие не выгружались (обрыв обхода), нужна доп. выгрузка",4,False,True,1,0,10000.0,0.0,1,0,0.0,0.00029943768321597685,0.0,2.3749511394193016e-243,0.0,0,0,7,0,False,0.0,1,1
100000002603371100,peripheral,0.7,2,0.1113,получил 9 300 ₸ (1 перев.) и дальше не переводил; сумма мала для роли,3,False,False,1,0,9300.0,0.0,1,0,0.0,0.0002893766428347351,0.0,0.0006428156575478821,0.0,0,0,7,0,False,0.0,1,1
100000008321975100,peripheral,0.3,22,0.1111,"4-е колено: получил 5 900 ₸ от 1 плательщ.; исходящие не выгружались (обрыв обхода), нужна доп. выгрузка",4,False,True,1,0,5900.0,0.0,1,0,0.0,0.00030322854188756906,0.0,7.577905051749476e-255,0.0,0,0,7,0,False,0.0,1,1
100000001249054100,peripheral,0.3,9,0.111,"4-е колено: получил 17 375 ₸ от 1 плательщ.; исходящие не выгружались (обрыв обхода), нужна доп. выгрузка",4,False,True,1,0,17375.0,0.0,1,0,0.0,0.00029207326082160943,0.0,2.758273854900145e-06,0.0,0,0,7,0,False,0.0,1,1
100000007381662100,peripheral,0.3,2,0.111,"4-е колено: получил 11 000 ₸ от 1 плательщ.; исходящие не выгружались (обрыв обхода), нужна доп. выгрузка",4,False,True,1,0,11000.0,0.0,1,0,0.0,0.0002968339281028911,0.0,3.148497900522947e-05,0.0,0,0,7,0,False,0.0,1,1
100000002184107100,peripheral,0.7,36,0.1108,получил 6 066 ₸ (1 перев.) и дальше не переводил; сумма мала для роли,3,False,False,1,0,6066.0,0.0,1,0,0.0,0.0002901959794883712,0.0,2.3749511394193016e-243,0.0,0,0,7,0,False,0.0,1,1
100000000783406100,peripheral,0.7,36,0.1108,получил 6 066 ₸ (1 перев.) и дальше не переводил; сумма мала для роли,3,False,False,1,0,6066.0,0.0,1,0,0.0,0.0002901959794883712,0.0,2.3749511394193016e-243,0.0,0,0,7,0,False,0.0,1,1
100000007597382100,peripheral,0.7,6,0.1104,получил 15 700 ₸ (1 перев.) и дальше не переводил; сумма мала для роли,3,False,False,1,0,15700.0,0.0,1,0,0.0,0.00028607811825025404,0.0,0.0029401739563140994,0.0,0,0,7,0,False,0.0,1,1
100000008190442100,peripheral,0.7,1,0.1101,получил 13 000 ₸ (1 перев.) и дальше не переводил; сумма мала для роли,3,False,False,1,0,13000.0,0.0,1,0,0.0,0.000287598305346668,0.0,3.0588951023382876e-10,0.0,0,0,1,0,False,0.0,1,1
100000006412162100,peripheral,0.3,18,0.11,"4-е колено: получил 15 000 ₸ от 1 плательщ.; исходящие не выгружались (обрыв обхода), нужна доп. выгрузка",4,False,True,1,0,15000.0,0.0,2,0,0.0,0.00029359653846417166,0.0,3.6873817911951947e-06,0.0,0,0,1,0,False,0.0,1,1
100000008688109100,peripheral,0.7,1,0.1095,получил 12 800 ₸ (1 перев.) и дальше не переводил; сумма мала для роли,3,False,False,1,0,12800.0,0.0,1,0,0.0,0.0002875670897908314,0.0,3.0588951023382876e-10,0.0,0,0,1,0,False,0.0,1,1
100000003093299100,peripheral,0.7,2,0.1091,получил 15 000 ₸ (1 перев.) и дальше не переводил; сумма мала для роли,3,False,False,1,0,15000.0,0.0,1,0,0.0,0.00028641409372308623,0.0,0.0029057815328092595,0.0,0,0,7,0,False,0.0,1,1
100000008744799100,peripheral,0.7,1,0.1088,получил 12 600 ₸ (1 перев.) и дальше не переводил; сумма мала для роли,3,False,False,1,0,12600.0,0.0,1,0,0.0,0.00028753587423499484,0.0,3.0588951023382876e-10,0.0,0,0,1,0,False,0.0,1,1
100000003096787100,peripheral,0.3,9,0.108,"4-е колено: получил 16 400 ₸ от 1 плательщ.; исходящие не выгружались (обрыв обхода), нужна доп. выгрузка",4,False,True,1,0,16400.0,0.0,1,0,0.0,0.00029170829003374117,0.0,2.758273854900145e-06,0.0,0,0,7,0,False,0.0,1,1
100000008754608100,peripheral,0.7,1,0.108,получил 12 300 ₸ (1 перев.) и дальше не переводил; сумма мала для роли,3,False,False,1,0,12300.0,0.0,1,0,0.0,0.00028748905090124,0.0,3.0588951023382876e-10,0.0,0,0,1,0,False,0.0,1,1
100000005089460100,peripheral,0.7,1,0.108,получил 12 300 ₸ (1 перев.) и дальше не переводил; сумма мала для роли,3,False,False,1,0,12300.0,0.0,1,0,0.0,0.00028748905090124,0.0,3.0588951023382876e-10,0.0,0,0,1,0,False,0.0,1,1
100000002646745100,peripheral,0.7,1,0.108,получил 12 300 ₸ (1 перев.) и дальше не переводил; сумма мала для роли,3,False,False,1,0,12300.0,0.0,1,0,0.0,0.00028748905090124,0.0,3.0588951023382876e-10,0.0,0,0,1,0,False,0.0,1,1
100000008716072100,peripheral,0.7,1,0.1074,получил 12 100 ₸ (1 перев.) и дальше не переводил; сумма мала для роли,3,False,False,1,0,12100.0,0.0,1,0,0.0,0.00028745783534540344,0.0,3.0588951023382876e-10,0.0,0,0,1,0,False,0.0,1,1
100000001149815100,peripheral,0.7,1,0.1067,получил 12 000 ₸ (1 перев.) и дальше не переводил; сумма мала для роли,3,False,False,1,0,12000.0,0.0,1,0,0.0,0.00028744222756748515,0.0,3.0588951023382876e-10,0.0,0,0,1,0,False,0.0,1,1
100000002528978100,peripheral,0.3,9,0.1063,"4-е колено: получил 15 900 ₸ от 1 плательщ.; исходящие не выгружались (обрыв обхода), нужна доп. выгрузка",4,False,True,1,0,15900.0,0.0,1,0,0.0,0.0002915211255271421,0.0,2.758273854900145e-06,0.0,0,0,7,0,False,0.0,1,1
100000008554390100,peripheral,0.3,18,0.1061,"4-е колено: получил 14 000 ₸ от 1 плательщ.; исходящие не выгружались (обрыв обхода), нужна доп. выгрузка",4,False,True,1,0,14000.0,0.0,1,0,0.0,0.00029306138884771293,0.0,3.6873817911951947e-06,0.0,0,0,1,0,False,0.0,1,1
100000004007197100,peripheral,0.7,25,0.1058,получил 10 048 ₸ (1 перев.) и дальше не переводил; сумма мала для роли,3,False,False,1,0,10048.0,0.0,1,0,0.0,0.00028768870831810195,0.0,3.403941910066223e-179,0.0,0,0,1,0,False,0.0,1,1
100000008489604100,peripheral,0.7,1,0.105,получил 11 000 ₸ (1 перев.) и дальше не переводил; сумма мала для роли,3,False,False,1,0,11000.0,0.0,1,0,0.0,0.0002872861497883023,0.0,3.0588951023382876e-10,0.0,0,0,1,0,False,0.0,1,1
100000001297206100,peripheral,0.3,2,0.1045,"4-е колено: получил 6 758 ₸ от 1 плательщ.; исходящие не выгружались (обрыв обхода), нужна доп. выгрузка",4,False,True,1,0,6758.0,0.0,1,0,0.0,0.00029851097242758,0.0,1.821719827915924e-06,0.0,0,0,7,0,False,0.0,1,1
100000004616845100,peripheral,0.3,58,0.1043,"4-е колено: получил 20 200 ₸ от 1 плательщ.; исходящие не выгружались (обрыв обхода), нужна доп. выгрузка",4,False,True,1,0,20200.0,0.0,2,0,0.0,0.000288817668252161,0.0,1.23619985386e-313,0.0,0,0,7,0,False,0.0,1,2
100000002733083100,peripheral,0.3,9,0.1039,"4-е колено: получил 15 200 ₸ от 1 плательщ.; исходящие не выгружались (обрыв обхода), нужна доп. выгрузка",4,False,True,1,0,15200.0,0.0,1,0,0.0,0.00029125909521790337,0.0,2.758273854900145e-06,0.0,0,0,7,0,False,0.0,1,1
100000004493586100,peripheral,0.7,2,0.1031,получил 7 500 ₸ (1 перев.) и дальше не переводил; сумма мала для роли,3,False,False,1,0,7500.0,0.0,1,0,0.0,0.00028863973665071367,0.0,0.0006428156575478821,0.0,0,0,7,0,False,0.0,1,1
100000008631800100,peripheral,0.3,18,0.1027,"4-е колено: получил 12 850 ₸ от 1 плательщ.; исходящие не выгружались (обрыв обхода), нужна доп. выгрузка",4,False,True,1,0,12850.0,0.0,1,0,0.0,0.00029244596678878543,0.0,3.6873817911951947e-06,0.0,0,0,1,0,False,0.0,1,1
100000003166017100,peripheral,0.3,9,0.1022,"4-е колено: получил 15 000 ₸ от 1 плательщ.; исходящие не выгружались (обрыв обхода), нужна доп. выгрузка",4,False,True,1,0,15000.0,0.0,1,0,0.0,0.00029118422941526375,0.0,2.758273854900145e-06,0.0,0,0,7,0,False,0.0,1,1
100000003083865100,peripheral,0.3,9,0.1022,"4-е колено: получил 15 000 ₸ от 1 плательщ.; исходящие не выгружались (обрыв обхода), нужна доп. выгрузка",4,False,True,1,0,15000.0,0.0,1,0,0.0,0.00029118422941526375,0.0,2.758273854900145e-06,0.0,0,0,7,0,False,0.0,1,1
100000008778753100,peripheral,0.3,27,0.102,"4-е колено: получил 10 000 ₸ от 1 плательщ.; исходящие не выгружались (обрыв обхода), нужна доп. выгрузка",4,False,True,1,0,10000.0,0.0,1,0,0.0,0.00029415636801295746,0.0,2.0657129242753332e-08,0.0,0,0,7,0,False,0.0,1,1
100000005370558100,peripheral,0.3,2,0.1016,"4-е колено: получил 5 000 ₸ от 1 плательщ.; исходящие не выгружались (обрыв обхода), нужна доп. выгрузка",4,False,True,1,0,5000.0,0.0,1,0,0.0,0.00029929939547880074,0.0,5.553943429951723e-06,0.0,0,0,7,0,False,0.0,1,1
100000008612257100,peripheral,0.7,16,0.1006,получил 9 500 ₸ (1 перев.) и дальше не переводил; сумма мала для роли,3,False,False,1,0,9500.0,0.0,1,0,0.0,0.00028786387694202796,0.0,0.0004659017954226318,0.0,0,0,7,0,False,0.0,1,1
100000003218308100,peripheral,0.7,2,0.1004,получил 11 165 ₸ (1 перев.) и дальше не переводил; сумма мала для роли,3,False,False,1,0,11165.0,0.0,1,0,0.0,0.0002861981066494379,0.0,0.0029057815328092595,0.0,0,0,7,0,False,0.0,1,1
100000008463968100,peripheral,0.7,1,0.1001,получил 10 000 ₸ (1 перев.) и дальше не переводил; сумма мала для роли,3,False,False,1,0,10000.0,0.0,1,0,0.0,0.00028713007200911945,0.0,3.0588951023382876e-10,0.0,0,0,1,0,False,0.0,1,1
100000008767065100,peripheral,0.7,21,0.1,получил 10 000 ₸ (1 перев.) и дальше не переводил; сумма мала для роли,3,False,False,1,0,10000.0,0.0,1,0,0.0,0.0002870965356977483,0.0,3.5591269374705266e-07,0.0,0,0,9,0,False,0.0,1,1
100000004780327100,peripheral,0.3,18,0.0994,"4-е колено: получил 12 000 ₸ от 1 плательщ.; исходящие не выгружались (обрыв обхода), нужна доп. выгрузка",4,False,True,1,0,12000.0,0.0,1,0,0.0,0.00029199108961479553,0.0,3.6873817911951947e-06,0.0,0,0,1,0,False,0.0,1,1
100000002645046100,peripheral,0.3,18,0.0994,"4-е колено: получил 12 000 ₸ от 1 плательщ.; исходящие не выгружались (обрыв обхода), нужна доп. выгрузка",4,False,True,1,0,12000.0,0.0,1,0,0.0,0.00029199108961479553,0.0,3.6873817911951947e-06,0.0,0,0,1,0,False,0.0,1,1
100000002876914100,peripheral,0.3,18,0.0994,"4-е колено: получил 12 000 ₸ от 1 плательщ.; исходящие не выгружались (обрыв обхода), нужна доп. выгрузка",4,False,True,1,0,12000.0,0.0,1,0,0.0,0.00029199108961479553,0.0,3.6873817911951947e-06,0.0,0,0,1,0,False,0.0,1,1
100000000673915100,peripheral,0.3,38,0.0979,"4-е колено: получил 20 200 ₸ от 1 плательщ.; исходящие не выгружались (обрыв обхода), нужна доп. выгрузка",4,False,True,1,0,20200.0,0.0,1,0,0.0,0.0002875765133018172,0.0,2.3749511394193016e-243,0.0,0,0,7,0,False,0.0,1,1
100000004780083100,peripheral,0.3,59,0.0975,"4-е колено: получил 9 999 ₸ от 1 плательщ.; исходящие не выгружались (обрыв обхода), нужна доп. выгрузка",4,False,True,1,0,9999.0,0.0,1,0,0.0,0.00029338523165935545,0.0,1.23619985386e-313,0.0,0,0,7,0,False,0.0,1,1
100000001286703100,peripheral,0.3,42,0.0967,"4-е колено: получил 20 500 ₸ от 1 плательщ.; исходящие не выгружались (обрыв обхода), нужна доп. выгрузка",4,False,True,1,0,20500.0,0.0,1,0,0.0,0.0002872398381747619,0.0,3.8798761239758137e-256,0.0,0,0,7,0,False,0.0,1,1
100000008708061100,peripheral,0.7,1,0.0953,получил 8 650 ₸ (1 перев.) и дальше не переводил; сумма мала для роли,3,False,False,1,0,8650.0,0.0,1,0,0.0,0.0002869193670072226,0.0,3.0588951023382876e-10,0.0,0,0,1,0,False,0.0,1,1
100000008750464100,peripheral,0.7,1,0.0948,получил 8 500 ₸ (1 перев.) и дальше не переводил; сумма мала для роли,3,False,False,1,0,8500.0,0.0,1,0,0.0,0.00028689595534034515,0.0,3.0588951023382876e-10,0.0,0,0,1,0,False,0.0,1,1
100000004070530100,peripheral,0.3,42,0.0941,"4-е колено: получил 20 000 ₸ от 1 плательщ.; исходящие не выгружались (обрыв обхода), нужна доп. выгрузка",4,False,True,1,0,20000.0,0.0,1,0,0.0,0.00028719909320018945,0.0,3.8798761239758137e-256,0.0,0,0,7,0,False,0.0,1,1
100000008537380100,peripheral,0.7,1,0.0935,получил 8 000 ₸ (1 перев.) и дальше не переводил; сумма мала для роли,3,False,False,1,0,8000.0,0.0,1,0,0.0,0.00028681791645075375,0.0,3.0588951023382876e-10,0.0,0,0,1,0,False,0.0,1,1
100000005357034100,peripheral,0.7,2,0.0927,получил 9 754 ₸ (1 перев.) и дальше не переводил; сумма мала для роли,3,False,False,1,0,9754.0,0.0,1,0,0.0,0.0002861186391759261,0.0,0.0029057815328092595,0.0,0,0,7,0,False,0.0,1,1
100000006735545100,peripheral,0.3,7,0.0891,"4-е колено: получил 5 000 ₸ от 1 плательщ.; исходящие не выгружались (обрыв обхода), нужна доп. выгрузка",4,False,True,1,0,5000.0,0.0,1,0,0.0,0.0002932717116494771,0.0,2.995296467708153e-05,0.0,0,0,7,0,False,0.0,1,1
100000002346166100,peripheral,0.7,1,0.0889,получил 6 000 ₸ (1 перев.) и дальше не переводил; сумма мала для роли,3,False,False,1,0,6000.0,0.0,1,0,0.0,0.00028650576089238805,0.0,3.0588951023382876e-10,0.0,0,0,1,0,False,0.0,1,1
100000003786516100,peripheral,0.3,2,0.0888,"4-е колено: получил 5 000 ₸ от 1 плательщ.; исходящие не выгружались (обрыв обхода), нужна доп. выгрузка",4,False,True,1,0,5000.0,0.0,1,0,0.0,0.0002931596479812034,0.0,2.77264042489674e-05,0.0,0,0,7,0,False,0.0,1,1
100000003986141100,peripheral,0.7,16,0.0883,получил 5 286 ₸ (1 перев.) и дальше не переводил; сумма мала для роли,3,False,False,1,0,5286.32,0.0,1,0,0.0,0.0002868461256435469,0.0,0.0004659017954226318,0.0,0,0,7,0,False,0.0,1,1
100000008525136100,peripheral,0.3,7,0.0879,"4-е колено: получил 14 100 ₸ от 1 плательщ.; исходящие не выгружались (обрыв обхода), нужна доп. выгрузка",4,False,True,1,0,14100.0,0.0,1,0,0.0,0.0002885216550484359,0.0,9.170991232447734e-05,0.0,0,0,7,0,False,0.0,1,1
100000008488166100,peripheral,0.7,1,0.0877,получил 5 600 ₸ (1 перев.) и дальше не переводил; сумма мала для роли,3,False,False,1,0,5600.0,0.0,1,0,0.0,0.0002864433297807149,0.0,3.0588951023382876e-10,0.0,0,0,1,0,False,0.0,1,1
100000001325618100,peripheral,0.3,18,0.0877,"4-е колено: получил 9 300 ₸ от 1 плательщ.; исходящие не выгружались (обрыв обхода), нужна доп. выгрузка",4,False,True,1,0,9300.0,0.0,1,0,0.0,0.000290546185650357,0.0,3.6873817911951947e-06,0.0,0,0,1,0,False,0.0,1,1
100000002614095100,peripheral,0.7,1,0.0864,получил 5 300 ₸ (1 перев.) и дальше не переводил; сумма мала для роли,3,False,False,1,0,5300.0,0.0,1,0,0.0,0.00028639650644696,0.0,3.0588951023382876e-10,0.0,0,0,1,0,False,0.0,1,1
100000004263867100,peripheral,0.3,18,0.0863,"4-е колено: получил 9 000 ₸ от 1 плательщ.; исходящие не выгружались (обрыв обхода), нужна доп. выгрузка",4,False,True,1,0,9000.0,0.0,1,0,0.0,0.00029038564076541934,0.0,3.6873817911951947e-06,0.0,0,0,1,0,False,0.0,1,1
100000004449824100,peripheral,0.3,18,0.0863,"4-е колено: получил 9 000 ₸ от 1 плательщ.; исходящие не выгружались (обрыв обхода), нужна доп. выгрузка",4,False,True,1,0,9000.0,0.0,1,0,0.0,0.00029038564076541934,0.0,3.6873817911951947e-06,0.0,0,0,1,0,False,0.0,1,1
100000002999140100,peripheral,0.3,12,0.0856,"4-е колено: получил 10 000 ₸ от 1 плательщ.; исходящие не выгружались (обрыв обхода), нужна доп. выгрузка",4,False,True,1,0,10000.0,0.0,2,0,0.0,0.0002894826040557577,0.0,2.369785348115211e-06,0.0,0,0,7,0,False,0.0,1,2
100000008710913100,peripheral,0.3,5,0.0849,"4-е колено: получил 14 000 ₸ от 1 плательщ.; исходящие не выгружались (обрыв обхода), нужна доп. выгрузка",4,False,True,1,0,14000.0,0.0,1,0,0.0,0.00028811097479962785,0.0,3.309598923107044e-07,0.0,0,0,8,0,False,0.0,1,1
100000003194831100,peripheral,0.3,10,0.0847,"4-е колено: получил 6 265 ₸ от 1 плательщ.; исходящие не выгружались (обрыв обхода), нужна доп. выгрузка",4,False,True,1,0,6265.0,0.0,1,0,0.0,0.00029082672336293444,0.0,0.0,0.0,0,0,1,0,False,0.0,1,1
100000008767027100,peripheral,0.7,21,0.0839,получил 5 000 ₸ (1 перев.) и дальше не переводил; сумма мала для роли,3,False,False,1,0,5000.0,0.0,1,0,0.0,0.00028633291495751956,0.0,3.5591269374705266e-07,0.0,0,0,9,0,False,0.0,1,1
100000001299443100,peripheral,0.3,18,0.0833,"4-е колено: получил 8 000 ₸ от 1 плательщ.; исходящие не выгружались (обрыв обхода), нужна доп. выгрузка",4,False,True,1,0,8000.0,0.0,1,0,0.0,0.00028985049114896067,0.0,3.6873817911951947e-06,0.0,0,0,1,0,False,0.0,1,1
100000002707106100,peripheral,0.3,14,0.0816,"4-е колено: получил 15 000 ₸ от 1 плательщ.; исходящие не выгружались (обрыв обхода), нужна доп. выгрузка",4,False,True,1,0,15000.0,0.0,2,0,0.0,0.00028660633942148524,0.0,5.9204628229038967e-08,0.0,0,0,7,0,False,0.0,1,2
100000000581682100,peripheral,0.3,29,0.081,"4-е колено: получил 5 000 ₸ от 1 плательщ.; исходящие не выгружались (обрыв обхода), нужна доп. выгрузка",4,False,True,1,0,5000.0,0.0,1,0,0.0,0.0002908621872233397,0.0,3.0386804526261044e-11,0.0,0,0,7,0,False,0.0,1,1
100000003005167100,peripheral,0.3,18,0.0794,"4-е колено: получил 7 000 ₸ от 1 плательщ.; исходящие не выгружались (обрыв обхода), нужна доп. выгрузка",4,False,True,1,0,7000.0,0.0,1,0,0.0,0.00028931534153250194,0.0,3.6873817911951947e-06,0.0,0,0,1,0,False,0.0,1,1
100000002981489100,peripheral,0.3,6,0.0792,"4-е колено: получил 10 000 ₸ от 1 плательщ.; исходящие не выгружались (обрыв обхода), нужна доп. выгрузка",4,False,True,1,0,10000.0,0.0,1,0,0.0,0.00028833129648364,0.0,3.8798761239758137e-256,0.0,0,0,7,0,False,0.0,1,1
100000001714883100,peripheral,0.3,18,0.0787,"4-е колено: получил 6 900 ₸ от 1 плательщ.; исходящие не выгружались (обрыв обхода), нужна доп. выгрузка",4,False,True,1,0,6900.0,0.0,1,0,0.0,0.00028926182657085605,0.0,3.6873817911951947e-06,0.0,0,0,1,0,False,0.0,1,1
100000002474570100,peripheral,0.3,18,0.0779,"4-е колено: получил 6 750 ₸ от 1 плательщ.; исходящие не выгружались (обрыв обхода), нужна доп. выгрузка",4,False,True,1,0,6750.0,0.0,1,0,0.0,0.0002891815541283873,0.0,3.6873817911951947e-06,0.0,0,0,1,0,False,0.0,1,1
100000001498732100,peripheral,0.3,5,0.0773,"4-е колено: получил 5 500 ₸ от 1 плательщ.; исходящие не выгружались (обрыв обхода), нужна доп. выгрузка",4,False,True,1,0,5500.0,0.0,1,0,0.0,0.0002894096098235812,0.0,1.4075358594693281e-08,0.0,0,0,7,0,False,0.0,1,1
100000004272302100,peripheral,0.3,50,0.076,"4-е колено: получил 10 000 ₸ от 1 плательщ.; исходящие не выгружались (обрыв обхода), нужна доп. выгрузка",4,False,True,1,0,10000.0,0.0,1,0,0.0,0.00028773614997434693,0.0,1.23619985386e-313,0.0,0,0,7,0,False,0.0,1,1
100000002878483100,peripheral,0.3,18,0.0746,"4-е колено: получил 6 000 ₸ от 1 плательщ.; исходящие не выгружались (обрыв обхода), нужна доп. выгрузка",4,False,True,1,0,6000.0,0.0,1,0,0.0,0.00028878019191604315,0.0,3.6873817911951947e-06,0.0,0,0,1,0,False,0.0,1,1
100000002512742100,peripheral,0.3,18,0.0746,"4-е колено: получил 6 000 ₸ от 1 плательщ.; исходящие не выгружались (обрыв обхода), нужна доп. выгрузка",4,False,True,1,0,6000.0,0.0,1,0,0.0,0.00028878019191604315,0.0,3.6873817911951947e-06,0.0,0,0,1,0,False,0.0,1,1
100000002986245100,peripheral,0.3,18,0.0733,"4-е колено: получил 5 750 ₸ от 1 плательщ.; исходящие не выгружались (обрыв обхода), нужна доп. выгрузка",4,False,True,1,0,5750.0,0.0,1,0,0.0,0.0002886464045119285,0.0,3.6873817911951947e-06,0.0,0,0,1,0,False,0.0,1,1
100000008761220100,peripheral,0.3,5,0.073,"4-е колено: получил 10 000 ₸ от 1 плательщ.; исходящие не выгружались (обрыв обхода), нужна доп. выгрузка",4,False,True,1,0,10000.0,0.0,1,0,0.0,0.00028688487138758524,0.0,1.276147972494963e-06,0.0,0,0,8,0,False,0.0,1,1
100000008761132100,peripheral,0.3,5,0.073,"4-е колено: получил 10 000 ₸ от 1 плательщ.; исходящие не выгружались (обрыв обхода), нужна доп. выгрузка",4,False,True,1,0,10000.0,0.0,1,0,0.0,0.00028688487138758524,0.0,1.276147972494963e-06,0.0,0,0,8,0,False,0.0,1,1
100000008758106100,peripheral,0.3,5,0.073,"4-е колено: получил 10 000 ₸ от 1 плательщ.; исходящие не выгружались (обрыв обхода), нужна доп. выгрузка",4,False,True,1,0,10000.0,0.0,1,0,0.0,0.00028688487138758524,0.0,1.276147972494963e-06,0.0,0,0,8,0,False,0.0,1,1
100000008770483100,peripheral,0.3,48,0.0726,"4-е колено: получил 5 000 ₸ от 1 плательщ.; исходящие не выгружались (обрыв обхода), нужна доп. выгрузка",4,False,True,1,0,5000.0,0.0,1,0,0.0,0.0002888920536538102,0.0,3.088206810369692e-298,0.0,0,0,9,0,False,0.0,1,1
100000004268036100,peripheral,0.3,18,0.0722,"4-е колено: получил 5 500 ₸ от 1 плательщ.; исходящие не выгружались (обрыв обхода), нужна доп. выгрузка",4,False,True,1,0,5500.0,0.0,1,0,0.0,0.00028851261710781384,0.0,3.6873817911951947e-06,0.0,0,0,1,0,False,0.0,1,1
100000002635746100,peripheral,0.3,18,0.0712,"4-е колено: получил 5 300 ₸ от 1 плательщ.; исходящие не выгружались (обрыв обхода), нужна доп. выгрузка",4,False,True,1,0,5300.0,0.0,1,0,0.0,0.0002884055871845221,0.0,3.6873817911951947e-06,0.0,0,0,1,0,False,0.0,1,1
100000004107228100,peripheral,0.3,3,0.0711,"4-е колено: получил 5 000 ₸ от 1 плательщ.; исходящие не выгружались (обрыв обхода), нужна доп. выгрузка",4,False,True,1,0,5000.0,0.0,1,0,0.0,0.0002887085719064815,0.0,1.1987358305559333e-05,0.0,0,0,7,0,False,0.0,1,1
100000008648783100,peripheral,0.3,18,0.0706,"4-е колено: получил 5 200 ₸ от 1 плательщ.; исходящие не выгружались (обрыв обхода), нужна доп. выгрузка",4,False,True,1,0,5200.0,0.0,1,0,0.0,0.0002883520722228762,0.0,3.6873817911951947e-06,0.0,0,0,1,0,False,0.0,1,1
100000001590795100,peripheral,0.3,18,0.0698,"4-е колено: получил 5 060 ₸ от 1 плательщ.; исходящие не выгружались (обрыв обхода), нужна доп. выгрузка",4,False,True,1,0,5060.0,0.0,1,0,0.0,0.00028827715127657203,0.0,3.6873817911951947e-06,0.0,0,0,1,0,False,0.0,1,1
100000008762885100,peripheral,0.3,5,0.0688,"4-е колено: получил 7 000 ₸ от 1 плательщ.; исходящие не выгружались (обрыв обхода), нужна доп. выгрузка",4,False,True,1,0,7000.0,0.0,1,0,0.0,0.0002872637131137807,0.0,3.090697396070124e-08,0.0,0,0,8,0,False,0.0,1,1
100000008762843100,peripheral,0.3,5,0.0688,"4-е колено: получил 7 000 ₸ от 1 плательщ.; исходящие не выгружались (обрыв обхода), нужна доп. выгрузка",4,False,True,1,0,7000.0,0.0,1,0,0.0,0.0002872637131137807,0.0,3.090697396070124e-08,0.0,0,0,8,0,False,0.0,1,1
100000000542087100,peripheral,0.3,38,0.0677,"4-е колено: получил 8 507 ₸ от 1 плательщ.; исходящие не выгружались (обрыв обхода), нужна доп. выгрузка",4,False,True,1,0,8506.91,0.0,1,0,0.0,0.0002864146027372091,0.0,2.3749511394193016e-243,0.0,0,0,7,0,False,0.0,1,1
100000005235389100,peripheral,0.9,0,0.0662,seed; нет переводов ≥5 000 ₸ внутри выгрузки,0,True,False,0,0,0.0,0.0,0,0,-1.0,0.0002855692942172909,0.0,0.0,0.0,0,0,0,0,False,0.0,0,0
100000005495722100,peripheral,0.9,0,0.0662,seed; нет переводов ≥5 000 ₸ внутри выгрузки,0,True,False,0,0,0.0,0.0,0,0,-1.0,0.0002855692942172909,0.0,0.0,0.0,0,0,0,0,False,0.0,0,0
100000008117324100,peripheral,0.9,0,0.0662,seed; нет переводов ≥5 000 ₸ внутри выгрузки,0,True,False,0,0,0.0,0.0,0,0,-1.0,0.0002855692942172909,0.0,0.0,0.0,0,0,0,0,False,0.0,0,0
100000005550592100,peripheral,0.9,0,0.0662,seed; нет переводов ≥5 000 ₸ внутри выгрузки,0,True,False,0,0,0.0,0.0,0,0,-1.0,0.0002855692942172909,0.0,0.0,0.0,0,0,0,0,False,0.0,0,0
100000005568407100,peripheral,0.9,0,0.0662,seed; нет переводов ≥5 000 ₸ внутри выгрузки,0,True,False,0,0,0.0,0.0,0,0,-1.0,0.0002855692942172909,0.0,0.0,0.0,0,0,0,0,False,0.0,0,0
100000005480435100,peripheral,0.9,0,0.0662,seed; нет переводов ≥5 000 ₸ внутри выгрузки,0,True,False,0,0,0.0,0.0,0,0,-1.0,0.0002855692942172909,0.0,0.0,0.0,0,0,0,0,False,0.0,0,0
100000008513251100,peripheral,0.9,0,0.0662,seed; нет переводов ≥5 000 ₸ внутри выгрузки,0,True,False,0,0,0.0,0.0,0,0,-1.0,0.0002855692942172909,0.0,0.0,0.0,0,0,0,0,False,0.0,0,0
100000008669037100,peripheral,0.9,0,0.0662,seed; нет переводов ≥5 000 ₸ внутри выгрузки,0,True,False,0,0,0.0,0.0,0,0,-1.0,0.0002855692942172909,0.0,0.0,0.0,0,0,0,0,False,0.0,0,0
100000005560900100,peripheral,0.9,0,0.0662,seed; нет переводов ≥5 000 ₸ внутри выгрузки,0,True,False,0,0,0.0,0.0,0,0,-1.0,0.0002855692942172909,0.0,0.0,0.0,0,0,0,0,False,0.0,0,0
100000008205000100,peripheral,0.9,0,0.0662,seed; нет переводов ≥5 000 ₸ внутри выгрузки,0,True,False,0,0,0.0,0.0,0,0,-1.0,0.0002855692942172909,0.0,0.0,0.0,0,0,0,0,False,0.0,0,0
100000003349739100,peripheral,0.9,0,0.0662,seed; нет переводов ≥5 000 ₸ внутри выгрузки,0,True,False,0,0,0.0,0.0,0,0,-1.0,0.0002855692942172909,0.0,0.0,0.0,0,0,0,0,False,0.0,0,0
100000003770083100,peripheral,0.9,0,0.0662,seed; нет переводов ≥5 000 ₸ внутри выгрузки,0,True,False,0,0,0.0,0.0,0,0,-1.0,0.0002855692942172909,0.0,0.0,0.0,0,0,0,0,False,0.0,0,0
100000000456947100,peripheral,0.9,0,0.0662,seed; нет переводов ≥5 000 ₸ внутри выгрузки,0,True,False,0,0,0.0,0.0,0,0,-1.0,0.0002855692942172909,0.0,0.0,0.0,0,0,0,0,False,0.0,0,0
100000008701222100,peripheral,0.9,0,0.0662,seed; нет переводов ≥5 000 ₸ внутри выгрузки,0,True,False,0,0,0.0,0.0,0,0,-1.0,0.0002855692942172909,0.0,0.0,0.0,0,0,0,0,False,0.0,0,0
100000005017150100,peripheral,0.9,0,0.0662,seed; нет переводов ≥5 000 ₸ внутри выгрузки,0,True,False,0,0,0.0,0.0,0,0,-1.0,0.0002855692942172909,0.0,0.0,0.0,0,0,0,0,False,0.0,0,0
100000004174835100,peripheral,0.9,0,0.0662,seed; нет переводов ≥5 000 ₸ внутри выгрузки,0,True,False,0,0,0.0,0.0,0,0,-1.0,0.0002855692942172909,0.0,0.0,0.0,0,0,0,0,False,0.0,0,0
100000004021459100,peripheral,0.9,0,0.0662,seed; нет переводов ≥5 000 ₸ внутри выгрузки,0,True,False,0,0,0.0,0.0,0,0,-1.0,0.0002855692942172909,0.0,0.0,0.0,0,0,0,0,False,0.0,0,0
100000005087431100,peripheral,0.9,0,0.0662,seed; нет переводов ≥5 000 ₸ внутри выгрузки,0,True,False,0,0,0.0,0.0,0,0,-1.0,0.0002855692942172909,0.0,0.0,0.0,0,0,0,0,False,0.0,0,0
100000003265658100,peripheral,0.9,0,0.0662,seed; нет переводов ≥5 000 ₸ внутри выгрузки,0,True,False,0,0,0.0,0.0,0,0,-1.0,0.0002855692942172909,0.0,0.0,0.0,0,0,0,0,False,0.0,0,0
100000000627521100,peripheral,0.3,42,0.0636,"4-е колено: получил 6 500 ₸ от 1 плательщ.; исходящие не выгружались (обрыв обхода), нужна доп. выгрузка",4,False,True,1,0,6500.0,0.0,1,0,0.0,0.00028609897888673294,0.0,3.8798761239758137e-256,0.0,0,0,7,0,False,0.0,1,1
100000005146665100,peripheral,0.3,58,0.0634,"4-е колено: получил 5 500 ₸ от 1 плательщ.; исходящие не выгружались (обрыв обхода), нужна доп. выгрузка",4,False,True,1,0,5500.0,0.0,1,0,0.0,0.00028645375249411193,0.0,1.23619985386e-313,0.0,0,0,7,0,False,0.0,1,1
100000008762005100,peripheral,0.3,5,0.0622,"4-е колено: получил 5 000 ₸ от 1 плательщ.; исходящие не выгружались (обрыв обхода), нужна доп. выгрузка",4,False,True,1,0,5000.0,0.0,1,0,0.0,0.0002867795934290693,0.0,3.090697396070124e-08,0.0,0,0,8,0,False,0.0,1,1
100000008766031100,peripheral,0.3,5,0.0614,"4-е колено: получил 5 000 ₸ от 1 плательщ.; исходящие не выгружались (обрыв обхода), нужна доп. выгрузка",4,False,True,1,0,5000.0,0.0,1,0,0.0,0.0002864770372824112,0.0,3.309598923107044e-07,0.0,0,0,8,0,False,0.0,1,1
100000008766764100,peripheral,0.3,5,0.0604,"4-е колено: получил 5 000 ₸ от 1 плательщ.; исходящие не выгружались (обрыв обхода), нужна доп. выгрузка",4,False,True,1,0,5000.0,0.0,1,0,0.0,0.00028622708280243804,0.0,1.276147972494963e-06,0.0,0,0,8,0,False,0.0,1,1
100000008758607100,peripheral,0.3,5,0.0604,"4-е колено: получил 5 000 ₸ от 1 плательщ.; исходящие не выгружались (обрыв обхода), нужна доп. выгрузка",4,False,True,1,0,5000.0,0.0,1,0,0.0,0.00028622708280243804,0.0,1.276147972494963e-06,0.0,0,0,8,0,False,0.0,1,1
100000008775747100,peripheral,0.3,5,0.0604,"4-е колено: получил 5 000 ₸ от 1 плательщ.; исходящие не выгружались (обрыв обхода), нужна доп. выгрузка",4,False,True,1,0,5000.0,0.0,1,0,0.0,0.00028622708280243804,0.0,1.276147972494963e-06,0.0,0,0,8,0,False,0.0,1,1
