doc_id,date,iin,region,service_type,service,amount_kzt,channel,status,days_overdue,is_flagged,flag_reason,direction
D00001,2026-04-01,990020300020,Мангистауская,Штраф,Штраф за парковку,94082,Банк,Ожидает оплаты,0,0,,В бюджет
D00002,2026-04-01,990045300045,Кызылординская,Пошлина,Пошлина за регистрацию недвижимости,5129,ЦОН,Просрочено,105,0,,В бюджет
D00003,2026-04-01,990070300070,Павлодарская,Налог,ИПН индивидуального предпринимателя,22663,Банк,Ожидает оплаты,0,0,,В бюджет
D00004,2026-04-01,990107300107,Атырауская,Штраф,Штраф за парковку,50275,Мобильное приложение,Оплачено,0,0,,В бюджет
D00005,2026-04-01,990023300023,Туркестанская,Пособие,Пособие по уходу за ребёнком,87032,ЦОН,Назначено,0,1,Дубль выплаты: то же пособие назначено дважды,Из бюджета
D00006,2026-04-02,990001300001,Акмолинская,Субсидия,Жилищная помощь,196207,Банк,Отказано,0,0,,Из бюджета
D00007,2026-04-02,990028300028,Павлодарская,Штраф,Штраф за превышение скорости,45574,eGov,Оплачено,0,0,,В бюджет
D00008,2026-04-02,990054300054,Шымкент,Субсидия,Субсидия на коммунальные услуги,249115,Мобильное приложение,Назначено,0,0,,Из бюджета
D00009,2026-04-02,990102300102,Жамбылская,Штраф,Штраф за парковку,81817,ЦОН,Оплачено,0,0,,В бюджет
D00010,2026-04-02,990107300107,Атырауская,Налог,Налог на транспорт,64525,Банк,Оплачено,0,0,,В бюджет
D00011,2026-04-02,990116300116,Павлодарская,Налог,Земельный налог,63269,Банк,Оплачено,0,0,,В бюджет
D00012,2026-04-03,990007300007,Атырауская,Штраф,Штраф за парковку,93612,eGov,Ожидает оплаты,0,0,,В бюджет
D00013,2026-04-03,990058300058,Туркестанская,Налог,Налог на имущество,64736,Мобильное приложение,Оплачено,0,0,,В бюджет
D00014,2026-04-03,990087300087,Карагандинская,Пошлина,Пошлина за регистрацию недвижимости,26779,Банк,Оплачено,0,0,,В бюджет
D00015,2026-04-03,990085300085,Кызылординская,Субсидия,Жилищная помощь,50044,ЦОН,Отказано,0,1,Отказ по субсидии: в регионе доля отказов заметно выше средней,Из бюджета
D00016,2026-04-04,990015300015,Актюбинская,Субсидия,Агросубсидия,167111,Банк,Отказано,0,0,,Из бюджета
D00017,2026-04-04,990076300076,Туркестанская,Пособие,Пособие по уходу за ребёнком,91723,Банк,Назначено,0,0,,Из бюджета
D00018,2026-04-04,990080300080,Туркестанская,Пособие,Пособие по уходу за ребёнком,32917,Банк,Отказано,0,0,,Из бюджета
D00019,2026-04-04,990118300118,Алматы,Налог,Налог на имущество,23112,eGov,Оплачено,0,0,,В бюджет
D00020,2026-04-05,990030300030,Шымкент,Субсидия,Агросубсидия,278069,Банк,Назначено,0,0,,Из бюджета
D00021,2026-04-05,990049300049,Туркестанская,Субсидия,Жилищная помощь,373644,Банк,Назначено,0,0,,Из бюджета
D00022,2026-04-05,990060300060,Туркестанская,Субсидия,Субсидия на коммунальные услуги,383148,eGov,Назначено,0,0,,Из бюджета
D00023,2026-04-05,990076300076,Туркестанская,Пособие,Пособие по уходу за ребёнком,45610,Мобильное приложение,На рассмотрении,0,0,,Из бюджета
D00024,2026-04-05,990110300110,Астана,Пошлина,Пошлина за загранпаспорт,15463,ЦОН,Просрочено,83,0,,В бюджет
D00025,2026-04-05,990086300086,Кызылординская,Субсидия,Жилищная помощь,45740,ЦОН,Отказано,0,1,Отказ по субсидии: в регионе доля отказов заметно выше средней,Из бюджета
D00026,2026-04-06,990091300091,Мангистауская,Пособие,Пособие по уходу за ребёнком,98849,Мобильное приложение,Отказано,0,0,,Из бюджета
D00027,2026-04-07,990011300011,Карагандинская,Пошлина,Госпошлина за регистрацию авто,24487,ЦОН,Оплачено,0,0,,В бюджет
D00028,2026-04-07,990023300023,Костанайская,Пособие,Пособие по уходу за ребёнком,109355,Мобильное приложение,На рассмотрении,0,0,,Из бюджета
D00029,2026-04-07,990085300085,Мангистауская,Штраф,Штраф за превышение скорости,44729,Банк,Ожидает оплаты,0,0,,В бюджет
D00030,2026-04-07,990112300112,Костанайская,Штраф,Штраф за превышение скорости,19609,ЦОН,Оплачено,0,0,,В бюджет
D00031,2026-04-07,990113300113,Алматы,Субсидия,Субсидия на коммунальные услуги,183017,Мобильное приложение,Назначено,0,0,,Из бюджета
D00032,2026-04-08,990010300010,Алматы,Штраф,Административный штраф,98303,Банк,Просрочено,107,0,,В бюджет
D00033,2026-04-08,990035300035,Костанайская,Пособие,Пособие по инвалидности,125137,ЦОН,На рассмотрении,0,0,,Из бюджета
D00034,2026-04-08,990054300054,Шымкент,Пошлина,Пошлина за регистрацию недвижимости,20233,Мобильное приложение,Оплачено,0,0,,В бюджет
D00035,2026-04-08,990064300064,Костанайская,Пособие,Пособие по инвалидности,62355,ЦОН,Назначено,0,0,,Из бюджета
D00036,2026-04-08,990110300110,Астана,Штраф,Административный штраф,33191,Мобильное приложение,Оплачено,0,0,,В бюджет
D00037,2026-04-08,990118300118,Алматы,Субсидия,Агросубсидия,194150,ЦОН,На рассмотрении,0,0,,Из бюджета
D00038,2026-04-08,990058300058,Туркестанская,Пособие,Пособие по уходу за ребёнком,85837,ЦОН,Назначено,0,1,Дубль выплаты: то же пособие назначено дважды,Из бюджета
D00039,2026-04-09,990070300070,Павлодарская,Пособие,Адресная социальная помощь,62357,Мобильное приложение,Назначено,0,0,,Из бюджета
D00040,2026-04-09,990101300101,Жамбылская,Пошлина,Пошлина за регистрацию недвижимости,25398,eGov,Оплачено,0,0,,В бюджет
D00041,2026-04-09,990106300106,Жамбылская,Налог,Налог на транспорт,60818,eGov,Оплачено,0,0,,В бюджет
D00042,2026-04-10,990010300010,Алматы,Налог,Налог на имущество,71768,Банк,Оплачено,0,0,,В бюджет
D00043,2026-04-10,990042300042,Алматинская,Налог,ИПН индивидуального предпринимателя,106458,ЦОН,Оплачено,0,0,,В бюджет
D00044,2026-04-10,990042300042,Алматинская,Пособие,Пособие по уходу за ребёнком,142076,Банк,Отказано,0,0,,Из бюджета
D00045,2026-04-10,990071300071,Алматинская,Штраф,Административный штраф,53703,Мобильное приложение,Ожидает оплаты,0,0,,В бюджет
D00046,2026-04-10,990072300072,Алматинская,Пособие,Пособие по инвалидности,101082,Мобильное приложение,Назначено,0,0,,Из бюджета
D00047,2026-04-11,990085300085,Мангистауская,Штраф,Штраф за превышение скорости,91405,ЦОН,Ожидает оплаты,0,0,,В бюджет
D00048,2026-04-11,990090300090,Алматинская,Субсидия,Агросубсидия,300842,Банк,Назначено,0,0,,Из бюджета
D00049,2026-04-11,990110300110,Астана,Пошлина,Пошлина за регистрацию недвижимости,27901,eGov,Просрочено,122,0,,В бюджет
D00050,2026-04-12,990002300002,Алматинская,Налог,Земельный налог,71395,eGov,Просрочено,80,0,,В бюджет
D00051,2026-04-12,990078300078,Акмолинская,Штраф,Штраф за парковку,76469,eGov,Оплачено,0,0,,В бюджет
D00052,2026-04-12,990082300082,Актюбинская,Пособие,Пособие по инвалидности,67242,Мобильное приложение,Назначено,0,0,,Из бюджета
D00053,2026-04-12,990090300090,Алматинская,Налог,Земельный налог,49631,Мобильное приложение,Оплачено,0,0,,В бюджет
D00054,2026-04-13,990038300038,Северо-Казахстанская,Субсидия,Жилищная помощь,109603,Банк,Отказано,0,0,,Из бюджета
D00055,2026-04-13,990046300046,Алматы,Субсидия,Агросубсидия,281138,Мобильное приложение,Назначено,0,0,,Из бюджета
D00056,2026-04-13,990103300103,Жамбылская,Субсидия,Жилищная помощь,148638,ЦОН,Отказано,0,0,,Из бюджета
D00057,2026-04-13,990106300106,Жамбылская,Субсидия,Агросубсидия,211267,Банк,Отказано,0,0,,Из бюджета
D00058,2026-04-13,990114300114,Алматинская,Субсидия,Агросубсидия,262595,ЦОН,На рассмотрении,0,0,,Из бюджета
D00059,2026-04-14,990027300027,Акмолинская,Налог,Земельный налог,105465,Мобильное приложение,Ожидает оплаты,0,0,,В бюджет
D00060,2026-04-14,990040300040,Карагандинская,Субсидия,Субсидия на коммунальные услуги,387816,ЦОН,Отказано,0,0,,Из бюджета
D00061,2026-04-14,990047300047,Восточно-Казахстанская,Налог,Земельный налог,15633,ЦОН,Ожидает оплаты,0,0,,В бюджет
D00062,2026-04-14,990050300050,Алматинская,Пошлина,Пошлина за регистрацию недвижимости,22746,Банк,Оплачено,0,0,,В бюджет
D00063,2026-04-14,990086300086,Алматы,Налог,Земельный налог,9357,eGov,Ожидает оплаты,0,0,,В бюджет
D00064,2026-04-14,990097300097,Акмолинская,Пошлина,Пошлина за загранпаспорт,7830,ЦОН,Просрочено,76,0,,В бюджет
D00065,2026-04-14,990108300108,Костанайская,Налог,Налог на транспорт,77897,Мобильное приложение,Оплачено,0,0,,В бюджет
D00066,2026-04-14,990109300109,Шымкент,Штраф,Административный штраф,86749,eGov,Оплачено,0,0,,В бюджет
D00067,2026-04-14,990023300023,Туркестанская,Пособие,Пособие по уходу за ребёнком,87032,ЦОН,Назначено,0,1,Дубль выплаты: то же пособие назначено дважды,Из бюджета
D00068,2026-04-15,990007300007,Атырауская,Налог,ИПН индивидуального предпринимателя,62828,ЦОН,Оплачено,0,0,,В бюджет
D00069,2026-04-15,990043300043,Актюбинская,Пошлина,Госпошлина за регистрацию авто,27118,Мобильное приложение,Просрочено,130,0,,В бюджет
D00070,2026-04-15,990046300046,Алматы,Налог,ИПН индивидуального предпринимателя,31949,ЦОН,Ожидает оплаты,0,0,,В бюджет
D00071,2026-04-15,990049300049,Туркестанская,Налог,ИПН индивидуального предпринимателя,48615,Мобильное приложение,Оплачено,0,0,,В бюджет
D00072,2026-04-15,990061300061,Астана,Субсидия,Субсидия на коммунальные услуги,198423,Банк,Назначено,0,0,,Из бюджета
D00073,2026-04-15,990066300066,Восточно-Казахстанская,Субсидия,Жилищная помощь,361433,Банк,Назначено,0,0,,Из бюджета
D00074,2026-04-16,990006300006,Акмолинская,Пособие,Адресная социальная помощь,51718,Мобильное приложение,Отказано,0,0,,Из бюджета
D00075,2026-04-16,990030300030,Шымкент,Субсидия,Субсидия на коммунальные услуги,253852,ЦОН,Назначено,0,0,,Из бюджета
D00076,2026-04-16,990048300048,Жамбылская,Пошлина,Госпошлина за регистрацию авто,15913,Банк,Оплачено,0,0,,В бюджет
D00077,2026-04-16,990060300060,Туркестанская,Субсидия,Жилищная помощь,127009,eGov,Назначено,0,0,,Из бюджета
D00078,2026-04-16,990065300065,Туркестанская,Штраф,Штраф за парковку,89450,Мобильное приложение,Ожидает оплаты,0,0,,В бюджет
D00079,2026-04-16,990007300007,Туркестанская,Пособие,Пособие по уходу за ребёнком,85575,ЦОН,Назначено,0,1,Дубль выплаты: то же пособие назначено дважды,Из бюджета
D00080,2026-04-17,990025300025,Актюбинская,Штраф,Штраф за превышение скорости,76755,eGov,Оплачено,0,0,,В бюджет
D00081,2026-04-17,990030300030,Шымкент,Пособие,Пособие по инвалидности,99736,Банк,На рассмотрении,0,0,,Из бюджета
D00082,2026-04-17,990033300033,Актюбинская,Налог,Налог на имущество,53280,Мобильное приложение,Оплачено,0,0,,В бюджет
D00083,2026-04-17,990072300072,Алматинская,Субсидия,Жилищная помощь,220650,ЦОН,На рассмотрении,0,0,,Из бюджета
D00084,2026-04-18,990020300020,Мангистауская,Пособие,Адресная социальная помощь,48826,ЦОН,Назначено,0,0,,Из бюджета
D00085,2026-04-18,990027300027,Акмолинская,Штраф,Штраф за парковку,95823,Мобильное приложение,Оплачено,0,0,,В бюджет
D00086,2026-04-18,990027300027,Акмолинская,Штраф,Штраф за превышение скорости,88288,Мобильное приложение,Оплачено,0,0,,В бюджет
D00087,2026-04-18,990034300034,Акмолинская,Пособие,Пособие по инвалидности,108527,Банк,Назначено,0,0,,Из бюджета
D00088,2026-04-18,990034300034,Акмолинская,Пособие,Адресная социальная помощь,118415,Банк,На рассмотрении,0,0,,Из бюджета
D00089,2026-04-18,990048300048,Жамбылская,Налог,ИПН индивидуального предпринимателя,20812,ЦОН,Оплачено,0,0,,В бюджет
D00090,2026-04-18,990059300059,Астана,Пособие,Пособие по инвалидности,149118,ЦОН,Назначено,0,0,,Из бюджета
D00091,2026-04-18,990095300095,Восточно-Казахстанская,Пособие,Пособие по инвалидности,50039,eGov,Отказано,0,0,,Из бюджета
D00092,2026-04-18,990110300110,Астана,Субсидия,Жилищная помощь,202036,eGov,На рассмотрении,0,0,,Из бюджета
D00093,2026-04-19,990004300004,Карагандинская,Налог,Налог на имущество,72671,eGov,Просрочено,146,0,,В бюджет
D00094,2026-04-19,990019300019,Атырауская,Налог,Налог на имущество,109467,ЦОН,Просрочено,62,0,,В бюджет
D00095,2026-04-19,990022300022,Жамбылская,Штраф,Штраф за парковку,91109,ЦОН,Оплачено,0,0,,В бюджет
D00096,2026-04-19,990028300028,Павлодарская,Пошлина,Пошлина за регистрацию недвижимости,21555,Банк,Ожидает оплаты,0,0,,В бюджет
D00097,2026-04-19,990047300047,Восточно-Казахстанская,Штраф,Административный штраф,64447,eGov,Ожидает оплаты,0,0,,В бюджет
D00098,2026-04-19,990099300099,Акмолинская,Штраф,Административный штраф,65108,Мобильное приложение,Ожидает оплаты,0,0,,В бюджет
D00099,2026-04-20,990029300029,Акмолинская,Пособие,Пособие по уходу за ребёнком,32111,Банк,Отказано,0,0,,Из бюджета
D00100,2026-04-20,990035300035,Костанайская,Пособие,Пособие по инвалидности,147503,eGov,На рассмотрении,0,0,,Из бюджета
D00101,2026-04-20,990043300043,Актюбинская,Субсидия,Агросубсидия,195297,Банк,Назначено,0,0,,Из бюджета
D00102,2026-04-20,990063300063,Северо-Казахстанская,Субсидия,Агросубсидия,79400,Мобильное приложение,Назначено,0,0,,Из бюджета
D00103,2026-04-20,990088300088,Павлодарская,Пошлина,Пошлина за регистрацию недвижимости,26761,eGov,Оплачено,0,0,,В бюджет
D00104,2026-04-20,990106300106,Жамбылская,Штраф,Административный штраф,16335,Банк,Просрочено,15,0,,В бюджет
D00105,2026-04-20,990107300107,Атырауская,Штраф,Штраф за превышение скорости,61344,ЦОН,Оплачено,0,0,,В бюджет
D00106,2026-04-21,990070300070,Павлодарская,Налог,Налог на имущество,24646,Банк,Оплачено,0,0,,В бюджет
D00107,2026-04-21,990075300075,Атырауская,Субсидия,Жилищная помощь,147062,ЦОН,Отказано,0,0,,Из бюджета
D00108,2026-04-21,990094300094,Алматы,Пособие,Пособие по уходу за ребёнком,57886,Банк,Назначено,0,0,,Из бюджета
D00109,2026-04-21,990103300103,Жамбылская,Штраф,Административный штраф,81228,Банк,Ожидает оплаты,0,0,,В бюджет
D00110,2026-04-21,990108300108,Костанайская,Штраф,Административный штраф,82751,Мобильное приложение,Оплачено,0,0,,В бюджет
D00111,2026-04-22,990004300004,Карагандинская,Штраф,Штраф за превышение скорости,15213,eGov,Оплачено,0,0,,В бюджет
D00112,2026-04-22,990016300016,Северо-Казахстанская,Субсидия,Агросубсидия,33756,ЦОН,На рассмотрении,0,0,,Из бюджета
D00113,2026-04-23,990036300036,Актюбинская,Налог,Налог на транспорт,56985,Мобильное приложение,Оплачено,0,0,,В бюджет
D00114,2026-04-23,990071300071,Алматинская,Пошлина,Пошлина за загранпаспорт,27458,eGov,Просрочено,71,0,,В бюджет
D00115,2026-04-23,990076300076,Туркестанская,Пошлина,Пошлина за регистрацию недвижимости,23288,Мобильное приложение,Оплачено,0,0,,В бюджет
D00116,2026-04-23,990081300081,Восточно-Казахстанская,Пошлина,Пошлина за загранпаспорт,14159,Мобильное приложение,Оплачено,0,0,,В бюджет
D00117,2026-04-23,990120300120,Актюбинская,Субсидия,Субсидия на коммунальные услуги,295583,Банк,На рассмотрении,0,0,,Из бюджета
D00118,2026-04-24,990001300001,Акмолинская,Субсидия,Агросубсидия,186111,eGov,Назначено,0,0,,Из бюджета
D00119,2026-04-24,990008300008,Кызылординская,Штраф,Штраф за парковку,91480,eGov,Просрочено,130,0,,В бюджет
D00120,2026-04-24,990011300011,Карагандинская,Пособие,Пособие по инвалидности,35599,Банк,Назначено,0,0,,Из бюджета
D00121,2026-04-24,990073300073,Атырауская,Пособие,Адресная социальная помощь,45439,Банк,На рассмотрении,0,0,,Из бюджета
D00122,2026-04-24,990079300079,Астана,Пошлина,Пошлина за загранпаспорт,26994,Банк,Оплачено,0,0,,В бюджет
D00123,2026-04-24,990081300081,Восточно-Казахстанская,Налог,ИПН индивидуального предпринимателя,52419,eGov,Оплачено,0,0,,В бюджет
D00124,2026-04-24,990092300092,Алматинская,Пособие,Пособие по инвалидности,87916,eGov,Назначено,0,0,,Из бюджета
D00125,2026-04-25,990064300064,Костанайская,Пособие,Пособие по инвалидности,118510,ЦОН,Отказано,0,0,,Из бюджета
D00126,2026-04-25,990070300070,Павлодарская,Субсидия,Агросубсидия,134164,ЦОН,На рассмотрении,0,0,,Из бюджета
D00127,2026-04-26,990021300021,Актюбинская,Налог,Земельный налог,105016,Мобильное приложение,Оплачено,0,0,,В бюджет
D00128,2026-04-26,990026300026,Астана,Субсидия,Субсидия на коммунальные услуги,217054,Мобильное приложение,На рассмотрении,0,0,,Из бюджета
D00129,2026-04-26,990058300058,Туркестанская,Пособие,Пособие по инвалидности,120282,eGov,На рассмотрении,0,0,,Из бюджета
D00130,2026-04-26,990066300066,Восточно-Казахстанская,Пособие,Пособие по инвалидности,149951,ЦОН,На рассмотрении,0,0,,Из бюджета
D00131,2026-04-26,990078300078,Акмолинская,Пособие,Пособие по уходу за ребёнком,122441,eGov,Назначено,0,0,,Из бюджета
D00132,2026-04-26,990088300088,Павлодарская,Субсидия,Субсидия на коммунальные услуги,278524,Банк,Назначено,0,0,,Из бюджета
D00133,2026-04-26,990088300088,Павлодарская,Пошлина,Пошлина за загранпаспорт,11678,ЦОН,Просрочено,129,0,,В бюджет
D00134,2026-04-27,990002300002,Алматинская,Штраф,Штраф за превышение скорости,29378,Банк,Оплачено,0,0,,В бюджет
D00135,2026-04-27,990015300015,Актюбинская,Пособие,Пособие по инвалидности,49791,ЦОН,Отказано,0,0,,Из бюджета
D00136,2026-04-27,990053300053,Атырауская,Субсидия,Субсидия на коммунальные услуги,399150,Мобильное приложение,Назначено,0,0,,Из бюджета
D00137,2026-04-27,990082300082,Актюбинская,Пособие,Пособие по инвалидности,97319,ЦОН,Назначено,0,0,,Из бюджета
D00138,2026-04-27,990100300100,Шымкент,Налог,ИПН индивидуального предпринимателя,65258,eGov,Оплачено,0,0,,В бюджет
D00139,2026-04-27,990107300107,Атырауская,Субсидия,Агросубсидия,199727,Мобильное приложение,На рассмотрении,0,0,,Из бюджета
D00140,2026-04-28,990022300022,Жамбылская,Пособие,Пособие по уходу за ребёнком,149922,Мобильное приложение,На рассмотрении,0,0,,Из бюджета
D00141,2026-04-28,990071300071,Алматинская,Пособие,Пособие по уходу за ребёнком,95824,eGov,Назначено,0,0,,Из бюджета
D00142,2026-04-28,990092300092,Алматинская,Субсидия,Жилищная помощь,169938,ЦОН,Назначено,0,0,,Из бюджета
D00143,2026-04-28,990107300107,Атырауская,Пошлина,Госпошлина за регистрацию авто,17415,Мобильное приложение,Просрочено,165,0,,В бюджет
D00144,2026-04-28,990110300110,Астана,Пособие,Пособие по инвалидности,131510,Банк,На рассмотрении,0,0,,Из бюджета
D00145,2026-04-28,990115300115,Алматинская,Субсидия,Субсидия на коммунальные услуги,370542,eGov,На рассмотрении,0,0,,Из бюджета
D00146,2026-04-29,990003300003,Костанайская,Налог,Земельный налог,93389,Банк,Просрочено,197,0,,В бюджет
D00147,2026-04-29,990004300004,Карагандинская,Субсидия,Агросубсидия,149938,eGov,Назначено,0,0,,Из бюджета
D00148,2026-04-29,990066300066,Восточно-Казахстанская,Налог,Налог на имущество,72460,ЦОН,Оплачено,0,0,,В бюджет
D00149,2026-04-29,990071300071,Алматинская,Пособие,Пособие по инвалидности,102882,Мобильное приложение,Назначено,0,0,,Из бюджета
D00150,2026-04-29,990106300106,Жамбылская,Пошлина,Пошлина за загранпаспорт,13179,Банк,Просрочено,77,0,,В бюджет
D00151,2026-04-29,990109300109,Шымкент,Пособие,Пособие по инвалидности,140517,eGov,На рассмотрении,0,0,,Из бюджета
D00152,2026-04-29,990041300041,Туркестанская,Пособие,Пособие по уходу за ребёнком,81101,ЦОН,Назначено,0,1,Дубль выплаты: то же пособие назначено дважды,Из бюджета
D00153,2026-04-30,990018300018,Северо-Казахстанская,Пошлина,Пошлина за загранпаспорт,28320,Мобильное приложение,Оплачено,0,0,,В бюджет
D00154,2026-04-30,990019300019,Атырауская,Налог,Налог на транспорт,41169,Банк,Ожидает оплаты,0,0,,В бюджет
D00155,2026-04-30,990020300020,Мангистауская,Штраф,Административный штраф,46719,ЦОН,Просрочено,8,0,,В бюджет
D00156,2026-04-30,990027300027,Акмолинская,Пособие,Пособие по уходу за ребёнком,68764,Банк,Назначено,0,0,,Из бюджета
D00157,2026-04-30,990043300043,Актюбинская,Субсидия,Жилищная помощь,151404,Мобильное приложение,Назначено,0,0,,Из бюджета
D00158,2026-04-30,990054300054,Шымкент,Налог,Земельный налог,42488,Мобильное приложение,Просрочено,52,0,,В бюджет
D00159,2026-04-30,990060300060,Туркестанская,Пособие,Пособие по уходу за ребёнком,55560,Мобильное приложение,Назначено,0,0,,Из бюджета
D00160,2026-04-30,990081300081,Восточно-Казахстанская,Субсидия,Агросубсидия,273152,Мобильное приложение,Отказано,0,0,,Из бюджета
D00161,2026-04-30,990082300082,Актюбинская,Пошлина,Пошлина за регистрацию недвижимости,16961,Банк,Оплачено,0,0,,В бюджет
D00162,2026-04-30,990085300085,Мангистауская,Штраф,Административный штраф,57745,eGov,Оплачено,0,0,,В бюджет
D00163,2026-04-30,990120300120,Актюбинская,Пошлина,Пошлина за регистрацию недвижимости,20584,Мобильное приложение,Оплачено,0,0,,В бюджет
D00164,2026-05-01,990017300017,Восточно-Казахстанская,Штраф,Штраф за превышение скорости,74916,Банк,Оплачено,0,0,,В бюджет
D00165,2026-05-01,990043300043,Актюбинская,Пошлина,Пошлина за регистрацию недвижимости,15822,Банк,Ожидает оплаты,0,0,,В бюджет
D00166,2026-05-01,990047300047,Восточно-Казахстанская,Штраф,Штраф за превышение скорости,29063,ЦОН,Оплачено,0,0,,В бюджет
D00167,2026-05-01,990060300060,Туркестанская,Пособие,Адресная социальная помощь,108260,ЦОН,Назначено,0,0,,Из бюджета
D00168,2026-05-01,990061300061,Астана,Штраф,Административный штраф,80301,Банк,Оплачено,0,0,,В бюджет
D00169,2026-05-01,990075300075,Атырауская,Штраф,Штраф за парковку,62701,Мобильное приложение,Оплачено,0,0,,В бюджет
D00170,2026-05-01,990097300097,Акмолинская,Штраф,Административный штраф,79831,Мобильное приложение,Ожидает оплаты,0,0,,В бюджет
D00171,2026-05-02,990037300037,Мангистауская,Субсидия,Жилищная помощь,190069,eGov,Назначено,0,0,,Из бюджета
D00172,2026-05-02,990064300064,Костанайская,Пособие,Пособие по уходу за ребёнком,138135,Банк,Назначено,0,0,,Из бюджета
D00173,2026-05-02,990077300077,Восточно-Казахстанская,Пошлина,Пошлина за регистрацию недвижимости,2125,ЦОН,Оплачено,0,0,,В бюджет
D00174,2026-05-02,990077300077,Восточно-Казахстанская,Налог,Налог на транспорт,52929,Мобильное приложение,Оплачено,0,0,,В бюджет
D00175,2026-05-03,990026300026,Астана,Налог,Земельный налог,74954,eGov,Оплачено,0,0,,В бюджет
D00176,2026-05-03,990037300037,Мангистауская,Субсидия,Субсидия на коммунальные услуги,334636,eGov,Отказано,0,0,,Из бюджета
D00177,2026-05-03,990037300037,Мангистауская,Штраф,Штраф за парковку,51925,Банк,Оплачено,0,0,,В бюджет
D00178,2026-05-03,990067300067,Кызылординская,Субсидия,Субсидия на коммунальные услуги,143525,Банк,Назначено,0,0,,Из бюджета
D00179,2026-05-03,990100300100,Шымкент,Субсидия,Субсидия на коммунальные услуги,91908,eGov,Отказано,0,0,,Из бюджета
D00180,2026-05-03,990105300105,Павлодарская,Налог,Земельный налог,79126,eGov,Оплачено,0,0,,В бюджет
D00181,2026-05-03,990120300120,Актюбинская,Субсидия,Агросубсидия,394976,Мобильное приложение,Назначено,0,0,,Из бюджета
D00182,2026-05-04,990007300007,Атырауская,Пособие,Пособие по уходу за ребёнком,92204,Банк,Назначено,0,0,,Из бюджета
D00183,2026-05-04,990025300025,Актюбинская,Пошлина,Пошлина за загранпаспорт,25965,ЦОН,Просрочено,5,0,,В бюджет
D00184,2026-05-04,990025300025,Актюбинская,Субсидия,Жилищная помощь,70673,eGov,На рассмотрении,0,0,,Из бюджета
D00185,2026-05-04,990027300027,Акмолинская,Налог,Налог на транспорт,54666,Банк,Оплачено,0,0,,В бюджет
D00186,2026-05-04,990057300057,Алматы,Пособие,Адресная социальная помощь,133381,ЦОН,Назначено,0,0,,Из бюджета
D00187,2026-05-04,990108300108,Костанайская,Пособие,Пособие по уходу за ребёнком,74816,Мобильное приложение,На рассмотрении,0,0,,Из бюджета
D00188,2026-05-05,990034300034,Акмолинская,Пошлина,Пошлина за регистрацию недвижимости,15138,ЦОН,Ожидает оплаты,0,0,,В бюджет
D00189,2026-05-05,990055300055,Мангистауская,Субсидия,Субсидия на коммунальные услуги,382182,Мобильное приложение,Назначено,0,0,,Из бюджета
D00190,2026-05-05,990057300057,Алматы,Штраф,Административный штраф,98694,eGov,Просрочено,73,0,,В бюджет
D00191,2026-05-05,990063300063,Северо-Казахстанская,Штраф,Штраф за парковку,31025,ЦОН,Ожидает оплаты,0,0,,В бюджет
D00192,2026-05-05,990072300072,Алматинская,Штраф,Административный штраф,71637,ЦОН,Ожидает оплаты,0,0,,В бюджет
D00193,2026-05-05,990089300089,Атырауская,Пошлина,Пошлина за загранпаспорт,7864,Банк,Оплачено,0,0,,В бюджет
D00194,2026-05-05,990091300091,Мангистауская,Пошлина,Госпошлина за регистрацию авто,17844,ЦОН,Оплачено,0,0,,В бюджет
D00195,2026-05-05,990088300088,Кызылординская,Субсидия,Жилищная помощь,92634,ЦОН,Отказано,0,1,Отказ по субсидии: в регионе доля отказов заметно выше средней,Из бюджета
D00196,2026-05-06,990003300003,Костанайская,Пособие,Пособие по инвалидности,82356,Банк,Отказано,0,0,,Из бюджета
D00197,2026-05-06,990012300012,Восточно-Казахстанская,Штраф,Штраф за парковку,90372,eGov,Оплачено,0,0,,В бюджет
D00198,2026-05-06,990039300039,Мангистауская,Субсидия,Агросубсидия,44894,eGov,Отказано,0,0,,Из бюджета
D00199,2026-05-06,990059300059,Астана,Налог,Налог на транспорт,41035,Банк,Оплачено,0,0,,В бюджет
D00200,2026-05-07,990034300034,Акмолинская,Субсидия,Агросубсидия,220689,ЦОН,Назначено,0,0,,Из бюджета
D00201,2026-05-07,990055300055,Мангистауская,Налог,Земельный налог,18449,Банк,Оплачено,0,0,,В бюджет
D00202,2026-05-07,990062300062,Алматы,Налог,Налог на имущество,53279,eGov,Оплачено,0,0,,В бюджет
D00203,2026-05-08,990032300032,Павлодарская,Пошлина,Пошлина за загранпаспорт,28029,Банк,Оплачено,0,0,,В бюджет
D00204,2026-05-08,990040300040,Карагандинская,Субсидия,Жилищная помощь,223966,Мобильное приложение,Отказано,0,0,,Из бюджета
D00205,2026-05-08,990048300048,Жамбылская,Пошлина,Пошлина за загранпаспорт,13297,ЦОН,Оплачено,0,0,,В бюджет
D00206,2026-05-08,990108300108,Костанайская,Субсидия,Жилищная помощь,189816,Мобильное приложение,Назначено,0,0,,Из бюджета
D00207,2026-05-09,990009300009,Павлодарская,Пособие,Пособие по инвалидности,26209,eGov,Отказано,0,0,,Из бюджета
D00208,2026-05-09,990018300018,Северо-Казахстанская,Налог,ИПН индивидуального предпринимателя,13519,eGov,Ожидает оплаты,0,0,,В бюджет
D00209,2026-05-09,990020300020,Мангистауская,Штраф,Административный штраф,62193,Мобильное приложение,Оплачено,0,0,,В бюджет
D00210,2026-05-09,990033300033,Актюбинская,Субсидия,Жилищная помощь,37031,ЦОН,Назначено,0,0,,Из бюджета
D00211,2026-05-09,990062300062,Алматы,Штраф,Штраф за превышение скорости,75922,ЦОН,Просрочено,131,0,,В бюджет
D00212,2026-05-09,990070300070,Павлодарская,Пособие,Пособие по уходу за ребёнком,129635,eGov,На рассмотрении,0,0,,Из бюджета
D00213,2026-05-09,990080300080,Туркестанская,Пошлина,Пошлина за загранпаспорт,20416,Мобильное приложение,Ожидает оплаты,0,0,,В бюджет
D00214,2026-05-09,990103300103,Жамбылская,Пошлина,Пошлина за регистрацию недвижимости,1734,eGov,Ожидает оплаты,0,0,,В бюджет
D00215,2026-05-10,990006300006,Акмолинская,Штраф,Административный штраф,96159,Мобильное приложение,Ожидает оплаты,0,0,,В бюджет
D00216,2026-05-10,990027300027,Акмолинская,Штраф,Штраф за парковку,19324,ЦОН,Просрочено,84,0,,В бюджет
D00217,2026-05-10,990060300060,Туркестанская,Налог,Налог на транспорт,63800,ЦОН,Оплачено,0,0,,В бюджет
D00218,2026-05-10,990084300084,Жамбылская,Штраф,Административный штраф,94375,eGov,Ожидает оплаты,0,0,,В бюджет
D00219,2026-05-10,990086300086,Алматы,Налог,ИПН индивидуального предпринимателя,79355,eGov,Оплачено,0,0,,В бюджет
D00220,2026-05-10,990096300096,Алматинская,Пошлина,Госпошлина за регистрацию авто,25296,Банк,Оплачено,0,0,,В бюджет
D00221,2026-05-10,990107300107,Атырауская,Субсидия,Жилищная помощь,43962,Банк,Назначено,0,0,,Из бюджета
D00222,2026-05-10,990083300083,Кызылординская,Субсидия,Жилищная помощь,107197,ЦОН,Отказано,0,1,Отказ по субсидии: в регионе доля отказов заметно выше средней,Из бюджета
D00223,2026-05-11,990018300018,Северо-Казахстанская,Налог,Налог на имущество,35434,eGov,Оплачено,0,0,,В бюджет
D00224,2026-05-11,990020300020,Мангистауская,Пособие,Пособие по уходу за ребёнком,28609,ЦОН,Отказано,0,0,,Из бюджета
D00225,2026-05-11,990037300037,Мангистауская,Пособие,Адресная социальная помощь,34122,eGov,На рассмотрении,0,0,,Из бюджета
D00226,2026-05-11,990079300079,Астана,Пошлина,Госпошлина за регистрацию авто,21341,eGov,Оплачено,0,0,,В бюджет
D00227,2026-05-12,990009300009,Павлодарская,Налог,Земельный налог,93679,Банк,Оплачено,0,0,,В бюджет
D00228,2026-05-12,990015300015,Актюбинская,Штраф,Штраф за превышение скорости,64530,eGov,Оплачено,0,0,,В бюджет
D00229,2026-05-12,990019300019,Атырауская,Штраф,Штраф за парковку,38895,eGov,Ожидает оплаты,0,0,,В бюджет
D00230,2026-05-12,990078300078,Акмолинская,Субсидия,Субсидия на коммунальные услуги,290272,Банк,Назначено,0,0,,Из бюджета
D00231,2026-05-12,990083300083,Кызылординская,Налог,Земельный налог,69009,ЦОН,Ожидает оплаты,0,0,,В бюджет
D00232,2026-05-13,990006300006,Акмолинская,Субсидия,Жилищная помощь,372756,ЦОН,Назначено,0,0,,Из бюджета
D00233,2026-05-13,990035300035,Костанайская,Штраф,Штраф за парковку,64236,Мобильное приложение,Оплачено,0,0,,В бюджет
D00234,2026-05-13,990055300055,Мангистауская,Пособие,Пособие по инвалидности,129986,Мобильное приложение,Отказано,0,0,,Из бюджета
D00235,2026-05-13,990061300061,Астана,Налог,ИПН индивидуального предпринимателя,114597,Банк,Оплачено,0,0,,В бюджет
D00236,2026-05-13,990076300076,Туркестанская,Штраф,Штраф за превышение скорости,19244,Банк,Оплачено,0,0,,В бюджет
D00237,2026-05-13,990086300086,Алматы,Пошлина,Пошлина за регистрацию недвижимости,3847,eGov,Оплачено,0,0,,В бюджет
D00238,2026-05-13,990099300099,Акмолинская,Налог,Земельный налог,58331,ЦОН,Ожидает оплаты,0,0,,В бюджет
D00239,2026-05-15,990025300025,Актюбинская,Налог,Налог на имущество,72718,eGov,Оплачено,0,0,,В бюджет
D00240,2026-05-15,990028300028,Павлодарская,Штраф,Штраф за превышение скорости,54765,Мобильное приложение,Оплачено,0,0,,В бюджет
D00241,2026-05-15,990070300070,Павлодарская,Субсидия,Жилищная помощь,381224,Мобильное приложение,Назначено,0,0,,Из бюджета
D00242,2026-05-15,990072300072,Алматинская,Штраф,Штраф за превышение скорости,80246,eGov,Просрочено,108,0,,В бюджет
D00243,2026-05-15,990094300094,Алматы,Субсидия,Агросубсидия,386506,eGov,На рассмотрении,0,0,,Из бюджета
D00244,2026-05-15,990116300116,Павлодарская,Налог,Земельный налог,50546,eGov,Оплачено,0,0,,В бюджет
D00245,2026-05-15,990080300080,Кызылординская,Субсидия,Жилищная помощь,56897,ЦОН,Отказано,0,1,Отказ по субсидии: в регионе доля отказов заметно выше средней,Из бюджета
D00246,2026-05-16,990049300049,Туркестанская,Штраф,Административный штраф,83184,Мобильное приложение,Оплачено,0,0,,В бюджет
D00247,2026-05-16,990062300062,Алматы,Налог,Налог на транспорт,62735,eGov,Просрочено,100,0,,В бюджет
D00248,2026-05-16,990066300066,Восточно-Казахстанская,Субсидия,Субсидия на коммунальные услуги,376026,ЦОН,Отказано,0,0,,Из бюджета
D00249,2026-05-16,990073300073,Атырауская,Налог,Земельный налог,61210,Мобильное приложение,Оплачено,0,0,,В бюджет
D00250,2026-05-16,990092300092,Алматинская,Налог,ИПН индивидуального предпринимателя,100049,eGov,Оплачено,0,0,,В бюджет
D00251,2026-05-16,990093300093,Туркестанская,Пособие,Адресная социальная помощь,94013,Мобильное приложение,Назначено,0,0,,Из бюджета
D00252,2026-05-16,990106300106,Жамбылская,Налог,Налог на транспорт,10034,ЦОН,Просрочено,173,0,,В бюджет
D00253,2026-05-16,990120300120,Актюбинская,Субсидия,Субсидия на коммунальные услуги,235382,Мобильное приложение,Отказано,0,0,,Из бюджета
D00254,2026-05-17,990005300005,Алматы,Пошлина,Пошлина за регистрацию недвижимости,14285,Мобильное приложение,Оплачено,0,0,,В бюджет
D00255,2026-05-17,990016300016,Северо-Казахстанская,Субсидия,Субсидия на коммунальные услуги,40619,Банк,Отказано,0,0,,Из бюджета
D00256,2026-05-17,990044300044,Северо-Казахстанская,Налог,ИПН индивидуального предпринимателя,8650,Мобильное приложение,Оплачено,0,0,,В бюджет
D00257,2026-05-17,990079300079,Астана,Налог,ИПН индивидуального предпринимателя,97260,Мобильное приложение,Ожидает оплаты,0,0,,В бюджет
D00258,2026-05-17,990096300096,Алматинская,Штраф,Штраф за превышение скорости,90488,Банк,Оплачено,0,0,,В бюджет
D00259,2026-05-17,990103300103,Жамбылская,Субсидия,Субсидия на коммунальные услуги,99560,eGov,На рассмотрении,0,0,,Из бюджета
D00260,2026-05-17,990113300113,Алматы,Пошлина,Пошлина за регистрацию недвижимости,14373,eGov,Ожидает оплаты,0,0,,В бюджет
D00261,2026-05-18,990036300036,Актюбинская,Штраф,Штраф за превышение скорости,96447,eGov,Оплачено,0,0,,В бюджет
D00262,2026-05-18,990042300042,Алматинская,Субсидия,Жилищная помощь,178308,eGov,На рассмотрении,0,0,,Из бюджета
D00263,2026-05-18,990048300048,Жамбылская,Пошлина,Госпошлина за регистрацию авто,5489,Мобильное приложение,Оплачено,0,0,,В бюджет
D00264,2026-05-18,990106300106,Жамбылская,Штраф,Штраф за превышение скорости,79833,Мобильное приложение,Ожидает оплаты,0,0,,В бюджет
D00265,2026-05-18,990110300110,Астана,Налог,ИПН индивидуального предпринимателя,104679,eGov,Оплачено,0,0,,В бюджет
D00266,2026-05-18,990111300111,Актюбинская,Субсидия,Субсидия на коммунальные услуги,55091,eGov,Назначено,0,0,,Из бюджета
D00267,2026-05-18,990112300112,Костанайская,Пошлина,Пошлина за регистрацию недвижимости,14860,Банк,Просрочено,221,0,,В бюджет
D00268,2026-05-19,990040300040,Карагандинская,Пошлина,Пошлина за регистрацию недвижимости,28524,eGov,Оплачено,0,0,,В бюджет
D00269,2026-05-19,990069300069,Мангистауская,Пособие,Пособие по уходу за ребёнком,37657,ЦОН,Назначено,0,0,,Из бюджета
D00270,2026-05-19,990074300074,Жамбылская,Штраф,Штраф за парковку,69051,Банк,Оплачено,0,0,,В бюджет
D00271,2026-05-19,990105300105,Павлодарская,Налог,ИПН индивидуального предпринимателя,69288,Мобильное приложение,Ожидает оплаты,0,0,,В бюджет
D00272,2026-05-19,990106300106,Жамбылская,Пошлина,Госпошлина за регистрацию авто,22167,Мобильное приложение,Просрочено,29,0,,В бюджет
D00273,2026-05-19,990117300117,Карагандинская,Налог,Налог на транспорт,96888,ЦОН,Ожидает оплаты,0,0,,В бюджет
D00274,2026-05-19,990081300081,Кызылординская,Субсидия,Жилищная помощь,77990,ЦОН,Отказано,0,1,Отказ по субсидии: в регионе доля отказов заметно выше средней,Из бюджета
D00275,2026-05-20,990088300088,Павлодарская,Пошлина,Госпошлина за регистрацию авто,7792,Банк,Оплачено,0,0,,В бюджет
D00276,2026-05-20,990094300094,Алматы,Пособие,Пособие по уходу за ребёнком,50213,Банк,Отказано,0,0,,Из бюджета
D00277,2026-05-21,990029300029,Акмолинская,Штраф,Штраф за превышение скорости,19252,Банк,Оплачено,0,0,,В бюджет
D00278,2026-05-21,990037300037,Мангистауская,Штраф,Штраф за парковку,86134,Банк,Просрочено,234,0,,В бюджет
D00279,2026-05-21,990039300039,Мангистауская,Штраф,Административный штраф,94505,ЦОН,Оплачено,0,0,,В бюджет
D00280,2026-05-21,990064300064,Костанайская,Субсидия,Жилищная помощь,38066,eGov,На рассмотрении,0,0,,Из бюджета
D00281,2026-05-21,990073300073,Атырауская,Налог,Налог на транспорт,57492,Банк,Оплачено,0,0,,В бюджет
D00282,2026-05-21,990104300104,Туркестанская,Пособие,Пособие по уходу за ребёнком,117202,eGov,Отказано,0,0,,Из бюджета
D00283,2026-05-21,990104300104,Туркестанская,Субсидия,Субсидия на коммунальные услуги,208055,Банк,Назначено,0,0,,Из бюджета
D00284,2026-05-22,990034300034,Акмолинская,Налог,Налог на транспорт,38746,eGov,Ожидает оплаты,0,0,,В бюджет
D00285,2026-05-22,990036300036,Актюбинская,Пошлина,Пошлина за регистрацию недвижимости,27620,Мобильное приложение,Просрочено,78,0,,В бюджет
D00286,2026-05-22,990036300036,Актюбинская,Пошлина,Пошлина за загранпаспорт,16000,eGov,Оплачено,0,0,,В бюджет
D00287,2026-05-22,990070300070,Павлодарская,Пособие,Адресная социальная помощь,127987,Мобильное приложение,Назначено,0,0,,Из бюджета
D00288,2026-05-22,990071300071,Алматинская,Пошлина,Госпошлина за регистрацию авто,13566,Мобильное приложение,Оплачено,0,0,,В бюджет
D00289,2026-05-22,990083300083,Кызылординская,Пособие,Пособие по инвалидности,31725,Банк,На рассмотрении,0,0,,Из бюджета
D00290,2026-05-22,990109300109,Шымкент,Пособие,Адресная социальная помощь,30610,ЦОН,Назначено,0,0,,Из бюджета
D00291,2026-05-22,990110300110,Астана,Субсидия,Субсидия на коммунальные услуги,93018,Банк,Назначено,0,0,,Из бюджета
D00292,2026-05-22,990117300117,Карагандинская,Субсидия,Жилищная помощь,71526,eGov,На рассмотрении,0,0,,Из бюджета
D00293,2026-05-23,990008300008,Кызылординская,Пошлина,Пошлина за загранпаспорт,18738,Банк,Оплачено,0,0,,В бюджет
D00294,2026-05-23,990040300040,Карагандинская,Налог,Земельный налог,53160,Мобильное приложение,Ожидает оплаты,0,0,,В бюджет
D00295,2026-05-23,990056300056,Карагандинская,Пособие,Пособие по инвалидности,42404,ЦОН,Назначено,0,0,,Из бюджета
D00296,2026-05-23,990059300059,Астана,Субсидия,Агросубсидия,39925,Банк,На рассмотрении,0,0,,Из бюджета
D00297,2026-05-23,990083300083,Кызылординская,Штраф,Штраф за превышение скорости,72154,Банк,Оплачено,0,0,,В бюджет
D00298,2026-05-23,990109300109,Шымкент,Пособие,Пособие по уходу за ребёнком,66485,ЦОН,Отказано,0,0,,Из бюджета
D00299,2026-05-23,990113300113,Алматы,Налог,ИПН индивидуального предпринимателя,30594,ЦОН,Оплачено,0,0,,В бюджет
D00300,2026-05-23,990117300117,Карагандинская,Пошлина,Пошлина за регистрацию недвижимости,20786,ЦОН,Оплачено,0,0,,В бюджет
D00301,2026-05-24,990047300047,Восточно-Казахстанская,Пошлина,Пошлина за регистрацию недвижимости,17427,Мобильное приложение,Просрочено,190,0,,В бюджет
D00302,2026-05-24,990100300100,Шымкент,Пошлина,Пошлина за регистрацию недвижимости,21470,eGov,Оплачено,0,0,,В бюджет
D00303,2026-05-24,990106300106,Жамбылская,Штраф,Административный штраф,74606,eGov,Оплачено,0,0,,В бюджет
D00304,2026-05-24,990116300116,Павлодарская,Пошлина,Госпошлина за регистрацию авто,2184,eGov,Оплачено,0,0,,В бюджет
D00305,2026-05-24,990120300120,Актюбинская,Пошлина,Пошлина за загранпаспорт,12439,Банк,Просрочено,45,0,,В бюджет
D00306,2026-05-25,990004300004,Карагандинская,Пособие,Адресная социальная помощь,90959,Мобильное приложение,Назначено,0,0,,Из бюджета
D00307,2026-05-25,990057300057,Алматы,Штраф,Административный штраф,45794,Мобильное приложение,Оплачено,0,0,,В бюджет
D00308,2026-05-25,990087300087,Карагандинская,Субсидия,Субсидия на коммунальные услуги,107720,Банк,Назначено,0,0,,Из бюджета
D00309,2026-05-25,990091300091,Мангистауская,Пошлина,Госпошлина за регистрацию авто,8055,Банк,Ожидает оплаты,0,0,,В бюджет
D00310,2026-05-26,990044300044,Северо-Казахстанская,Штраф,Штраф за парковку,32901,eGov,Оплачено,0,0,,В бюджет
D00311,2026-05-26,990059300059,Астана,Пошлина,Пошлина за загранпаспорт,19058,Мобильное приложение,Оплачено,0,0,,В бюджет
D00312,2026-05-26,990082300082,Актюбинская,Налог,Налог на имущество,26567,Мобильное приложение,Оплачено,0,0,,В бюджет
D00313,2026-05-26,990117300117,Карагандинская,Налог,Налог на имущество,47732,Банк,Ожидает оплаты,0,0,,В бюджет
D00314,2026-05-27,990022300022,Жамбылская,Пособие,Пособие по уходу за ребёнком,100883,Банк,На рассмотрении,0,0,,Из бюджета
D00315,2026-05-27,990064300064,Костанайская,Пособие,Пособие по уходу за ребёнком,40182,eGov,Назначено,0,0,,Из бюджета
D00316,2026-05-27,990066300066,Восточно-Казахстанская,Пошлина,Пошлина за загранпаспорт,16710,eGov,Оплачено,0,0,,В бюджет
D00317,2026-05-27,990073300073,Атырауская,Штраф,Штраф за парковку,14469,ЦОН,Оплачено,0,0,,В бюджет
D00318,2026-05-28,990010300010,Алматы,Пошлина,Пошлина за загранпаспорт,11465,ЦОН,Оплачено,0,0,,В бюджет
D00319,2026-05-28,990037300037,Мангистауская,Субсидия,Субсидия на коммунальные услуги,90923,Банк,Назначено,0,0,,Из бюджета
D00320,2026-05-28,990055300055,Мангистауская,Налог,Налог на имущество,38590,Банк,Просрочено,12,0,,В бюджет
D00321,2026-05-28,990067300067,Кызылординская,Штраф,Административный штраф,97187,Банк,Оплачено,0,0,,В бюджет
D00322,2026-05-28,990073300073,Атырауская,Налог,Налог на имущество,79448,eGov,Ожидает оплаты,0,0,,В бюджет
D00323,2026-05-28,990076300076,Туркестанская,Штраф,Штраф за превышение скорости,70907,ЦОН,Просрочено,53,0,,В бюджет
D00324,2026-05-28,990095300095,Восточно-Казахстанская,Налог,Земельный налог,44960,Банк,Просрочено,77,0,,В бюджет
D00325,2026-05-28,990112300112,Костанайская,Пособие,Адресная социальная помощь,42189,ЦОН,Отказано,0,0,,Из бюджета
D00326,2026-05-28,990095300095,Кызылординская,Субсидия,Жилищная помощь,70777,ЦОН,Отказано,0,1,Отказ по субсидии: в регионе доля отказов заметно выше средней,Из бюджета
D00327,2026-05-29,990002300002,Алматинская,Субсидия,Агросубсидия,149985,eGov,Назначено,0,0,,Из бюджета
D00328,2026-05-29,990017300017,Восточно-Казахстанская,Субсидия,Жилищная помощь,338072,Банк,На рассмотрении,0,0,,Из бюджета
D00329,2026-05-29,990021300021,Актюбинская,Налог,Налог на имущество,77584,Банк,Просрочено,22,0,,В бюджет
D00330,2026-05-29,990049300049,Туркестанская,Штраф,Штраф за превышение скорости,90531,eGov,Просрочено,224,0,,В бюджет
D00331,2026-05-29,990092300092,Алматинская,Пособие,Адресная социальная помощь,134353,Мобильное приложение,Отказано,0,0,,Из бюджета
D00332,2026-05-29,990093300093,Туркестанская,Штраф,Административный штраф,22426,eGov,Ожидает оплаты,0,0,,В бюджет
D00333,2026-05-30,990020300020,Мангистауская,Штраф,Административный штраф,31492,Мобильное приложение,Оплачено,0,0,,В бюджет
D00334,2026-05-30,990058300058,Туркестанская,Налог,Налог на имущество,10956,Банк,Оплачено,0,0,,В бюджет
D00335,2026-05-30,990066300066,Восточно-Казахстанская,Штраф,Штраф за парковку,13417,eGov,Оплачено,0,0,,В бюджет
D00336,2026-05-30,990090300090,Алматинская,Пошлина,Госпошлина за регистрацию авто,3292,Банк,Ожидает оплаты,0,0,,В бюджет
D00337,2026-05-30,990107300107,Атырауская,Пошлина,Пошлина за загранпаспорт,26854,ЦОН,Оплачено,0,0,,В бюджет
D00338,2026-05-31,990012300012,Восточно-Казахстанская,Пособие,Адресная социальная помощь,79984,Банк,Назначено,0,0,,Из бюджета
D00339,2026-05-31,990063300063,Северо-Казахстанская,Субсидия,Субсидия на коммунальные услуги,275104,ЦОН,Назначено,0,0,,Из бюджета
D00340,2026-05-31,990083300083,Кызылординская,Субсидия,Агросубсидия,269434,Мобильное приложение,Назначено,0,0,,Из бюджета
D00341,2026-05-31,990098300098,Северо-Казахстанская,Штраф,Штраф за парковку,26844,Банк,Просрочено,225,0,,В бюджет
D00342,2026-05-31,990104300104,Туркестанская,Штраф,Административный штраф,29601,eGov,Оплачено,0,0,,В бюджет
D00343,2026-05-31,990058300058,Туркестанская,Пособие,Пособие по уходу за ребёнком,85837,ЦОН,Назначено,0,1,Дубль выплаты: то же пособие назначено дважды,Из бюджета
D00344,2026-05-31,990098300098,Кызылординская,Субсидия,Жилищная помощь,107744,ЦОН,Отказано,0,1,Отказ по субсидии: в регионе доля отказов заметно выше средней,Из бюджета
D00345,2026-06-01,990046300046,Алматы,Пошлина,Пошлина за загранпаспорт,6741,Мобильное приложение,Оплачено,0,0,,В бюджет
D00346,2026-06-01,990059300059,Астана,Субсидия,Агросубсидия,174948,eGov,Назначено,0,0,,Из бюджета
D00347,2026-06-02,990005300005,Алматы,Пособие,Пособие по инвалидности,41539,Мобильное приложение,Назначено,0,0,,Из бюджета
D00348,2026-06-02,990020300020,Мангистауская,Субсидия,Субсидия на коммунальные услуги,338848,Мобильное приложение,На рассмотрении,0,0,,Из бюджета
D00349,2026-06-02,990024300024,Северо-Казахстанская,Налог,Налог на транспорт,10817,Банк,Оплачено,0,0,,В бюджет
D00350,2026-06-02,990037300037,Мангистауская,Субсидия,Агросубсидия,383961,Мобильное приложение,На рассмотрении,0,0,,Из бюджета
D00351,2026-06-02,990041300041,Павлодарская,Штраф,Штраф за парковку,22355,ЦОН,Просрочено,183,0,,В бюджет
D00352,2026-06-02,990061300061,Астана,Налог,Налог на транспорт,10064,eGov,Оплачено,0,0,,В бюджет
D00353,2026-06-02,990105300105,Павлодарская,Налог,Земельный налог,72240,Мобильное приложение,Оплачено,0,0,,В бюджет
D00354,2026-06-02,990108300108,Костанайская,Субсидия,Агросубсидия,257919,ЦОН,Назначено,0,0,,Из бюджета
D00355,2026-06-02,990113300113,Алматы,Налог,ИПН индивидуального предпринимателя,100106,eGov,Ожидает оплаты,0,0,,В бюджет
D00356,2026-06-02,990114300114,Алматинская,Пособие,Пособие по уходу за ребёнком,100152,eGov,Отказано,0,0,,Из бюджета
D00357,2026-06-03,990005300005,Алматы,Налог,ИПН индивидуального предпринимателя,88745,eGov,Оплачено,0,0,,В бюджет
D00358,2026-06-03,990043300043,Актюбинская,Субсидия,Агросубсидия,326738,ЦОН,Отказано,0,0,,Из бюджета
D00359,2026-06-03,990050300050,Алматинская,Пошлина,Пошлина за загранпаспорт,3942,Банк,Просрочено,174,0,,В бюджет
D00360,2026-06-03,990059300059,Астана,Пособие,Пособие по уходу за ребёнком,55973,eGov,На рассмотрении,0,0,,Из бюджета
D00361,2026-06-03,990104300104,Туркестанская,Пошлина,Пошлина за загранпаспорт,25105,eGov,Оплачено,0,0,,В бюджет
D00362,2026-06-04,990022300022,Жамбылская,Пособие,Пособие по инвалидности,62394,Мобильное приложение,На рассмотрении,0,0,,Из бюджета
D00363,2026-06-04,990030300030,Шымкент,Штраф,Административный штраф,71054,Банк,Оплачено,0,0,,В бюджет
D00364,2026-06-04,990034300034,Акмолинская,Налог,Земельный налог,64269,Мобильное приложение,Оплачено,0,0,,В бюджет
D00365,2026-06-04,990058300058,Туркестанская,Штраф,Штраф за парковку,18401,Банк,Оплачено,0,0,,В бюджет
D00366,2026-06-04,990074300074,Жамбылская,Штраф,Штраф за парковку,86643,Мобильное приложение,Ожидает оплаты,0,0,,В бюджет
D00367,2026-06-04,990105300105,Павлодарская,Пошлина,Пошлина за регистрацию недвижимости,12266,ЦОН,Оплачено,0,0,,В бюджет
D00368,2026-06-05,990010300010,Алматы,Субсидия,Субсидия на коммунальные услуги,362817,ЦОН,Назначено,0,0,,Из бюджета
D00369,2026-06-05,990116300116,Павлодарская,Пошлина,Пошлина за регистрацию недвижимости,7234,Банк,Оплачено,0,0,,В бюджет
D00370,2026-06-06,990007300007,Атырауская,Субсидия,Агросубсидия,60334,Банк,Назначено,0,0,,Из бюджета
D00371,2026-06-06,990043300043,Актюбинская,Штраф,Штраф за парковку,62421,eGov,Оплачено,0,0,,В бюджет
D00372,2026-06-06,990086300086,Алматы,Пошлина,Пошлина за регистрацию недвижимости,3508,ЦОН,Оплачено,0,0,,В бюджет
D00373,2026-06-06,990091300091,Мангистауская,Субсидия,Агросубсидия,84340,ЦОН,Назначено,0,0,,Из бюджета
D00374,2026-06-06,990093300093,Туркестанская,Пособие,Пособие по уходу за ребёнком,44347,Банк,На рассмотрении,0,0,,Из бюджета
D00375,2026-06-06,990095300095,Восточно-Казахстанская,Субсидия,Субсидия на коммунальные услуги,373994,eGov,Назначено,0,0,,Из бюджета
D00376,2026-06-06,990116300116,Павлодарская,Субсидия,Субсидия на коммунальные услуги,255273,Банк,На рассмотрении,0,0,,Из бюджета
D00377,2026-06-07,990023300023,Костанайская,Пособие,Пособие по уходу за ребёнком,123835,eGov,На рассмотрении,0,0,,Из бюджета
D00378,2026-06-07,990061300061,Астана,Налог,ИПН индивидуального предпринимателя,36278,eGov,Оплачено,0,0,,В бюджет
D00379,2026-06-07,990064300064,Костанайская,Налог,Налог на имущество,56970,Мобильное приложение,Просрочено,96,0,,В бюджет
D00380,2026-06-07,990078300078,Акмолинская,Налог,ИПН индивидуального предпринимателя,27844,ЦОН,Оплачено,0,0,,В бюджет
D00381,2026-06-07,990078300078,Акмолинская,Штраф,Штраф за парковку,98980,Банк,Оплачено,0,0,,В бюджет
D00382,2026-06-07,990090300090,Алматинская,Налог,Налог на транспорт,85930,Банк,Оплачено,0,0,,В бюджет
D00383,2026-06-07,990096300096,Алматинская,Пошлина,Пошлина за регистрацию недвижимости,7190,ЦОН,Ожидает оплаты,0,0,,В бюджет
D00384,2026-06-08,990038300038,Северо-Казахстанская,Субсидия,Субсидия на коммунальные услуги,119443,eGov,Назначено,0,0,,Из бюджета
D00385,2026-06-08,990051300051,Костанайская,Субсидия,Агросубсидия,170871,ЦОН,Назначено,0,0,,Из бюджета
D00386,2026-06-08,990056300056,Карагандинская,Пособие,Пособие по инвалидности,88851,eGov,Отказано,0,0,,Из бюджета
D00387,2026-06-08,990072300072,Алматинская,Пособие,Пособие по инвалидности,54697,Мобильное приложение,На рассмотрении,0,0,,Из бюджета
D00388,2026-06-08,990100300100,Шымкент,Штраф,Штраф за парковку,38519,Банк,Оплачено,0,0,,В бюджет
D00389,2026-06-08,990103300103,Жамбылская,Субсидия,Жилищная помощь,389763,Банк,Назначено,0,0,,Из бюджета
D00390,2026-06-08,990099300099,Кызылординская,Субсидия,Жилищная помощь,96970,ЦОН,Отказано,0,1,Отказ по субсидии: в регионе доля отказов заметно выше средней,Из бюджета
D00391,2026-06-09,990002300002,Алматинская,Пошлина,Госпошлина за регистрацию авто,6157,Мобильное приложение,Просрочено,191,0,,В бюджет
D00392,2026-06-09,990042300042,Алматинская,Пособие,Пособие по уходу за ребёнком,131382,Мобильное приложение,Отказано,0,0,,Из бюджета
D00393,2026-06-09,990062300062,Алматы,Пособие,Адресная социальная помощь,56033,Банк,Назначено,0,0,,Из бюджета
D00394,2026-06-09,990103300103,Жамбылская,Пошлина,Госпошлина за регистрацию авто,19651,Мобильное приложение,Оплачено,0,0,,В бюджет
D00395,2026-06-09,990118300118,Алматы,Субсидия,Жилищная помощь,230736,Банк,Назначено,0,0,,Из бюджета
D00396,2026-06-10,990017300017,Восточно-Казахстанская,Субсидия,Жилищная помощь,110062,Мобильное приложение,Назначено,0,0,,Из бюджета
D00397,2026-06-10,990017300017,Восточно-Казахстанская,Штраф,Штраф за парковку,11273,ЦОН,Оплачено,0,0,,В бюджет
D00398,2026-06-10,990045300045,Кызылординская,Пособие,Пособие по уходу за ребёнком,82578,ЦОН,Назначено,0,0,,Из бюджета
D00399,2026-06-10,990065300065,Туркестанская,Пособие,Пособие по уходу за ребёнком,69243,ЦОН,Отказано,0,0,,Из бюджета
D00400,2026-06-10,990076300076,Туркестанская,Пошлина,Пошлина за регистрацию недвижимости,3153,Мобильное приложение,Оплачено,0,0,,В бюджет
D00401,2026-06-10,990105300105,Павлодарская,Субсидия,Агросубсидия,158636,Мобильное приложение,Назначено,0,0,,Из бюджета
D00402,2026-06-10,990107300107,Атырауская,Штраф,Штраф за превышение скорости,87015,eGov,Оплачено,0,0,,В бюджет
D00403,2026-06-11,990005300005,Алматы,Налог,Земельный налог,13149,ЦОН,Оплачено,0,0,,В бюджет
D00404,2026-06-11,990010300010,Алматы,Налог,ИПН индивидуального предпринимателя,42750,eGov,Оплачено,0,0,,В бюджет
D00405,2026-06-11,990016300016,Северо-Казахстанская,Пособие,Адресная социальная помощь,124729,Банк,Назначено,0,0,,Из бюджета
D00406,2026-06-11,990019300019,Атырауская,Штраф,Штраф за превышение скорости,52345,Мобильное приложение,Просрочено,15,0,,В бюджет
D00407,2026-06-11,990049300049,Туркестанская,Пошлина,Пошлина за загранпаспорт,2827,eGov,Просрочено,126,0,,В бюджет
D00408,2026-06-11,990060300060,Туркестанская,Пособие,Пособие по инвалидности,92071,ЦОН,Назначено,0,0,,Из бюджета
D00409,2026-06-12,990018300018,Северо-Казахстанская,Пособие,Адресная социальная помощь,29080,Банк,Отказано,0,0,,Из бюджета
D00410,2026-06-12,990032300032,Павлодарская,Субсидия,Агросубсидия,342980,eGov,Назначено,0,0,,Из бюджета
D00411,2026-06-12,990042300042,Алматинская,Налог,Налог на транспорт,111772,Банк,Оплачено,0,0,,В бюджет
D00412,2026-06-12,990062300062,Алматы,Пошлина,Пошлина за загранпаспорт,3464,Мобильное приложение,Просрочено,16,0,,В бюджет
D00413,2026-06-12,990093300093,Туркестанская,Пошлина,Пошлина за загранпаспорт,23327,eGov,Оплачено,0,0,,В бюджет
D00414,2026-06-13,990020300020,Мангистауская,Пособие,Пособие по уходу за ребёнком,50445,ЦОН,Отказано,0,0,,Из бюджета
D00415,2026-06-13,990038300038,Северо-Казахстанская,Налог,ИПН индивидуального предпринимателя,73715,Мобильное приложение,Оплачено,0,0,,В бюджет
D00416,2026-06-13,990041300041,Павлодарская,Штраф,Штраф за парковку,60444,Банк,Ожидает оплаты,0,0,,В бюджет
D00417,2026-06-13,990083300083,Кызылординская,Налог,Земельный налог,91271,ЦОН,Оплачено,0,0,,В бюджет
D00418,2026-06-13,990096300096,Алматинская,Субсидия,Агросубсидия,337906,ЦОН,Назначено,0,0,,Из бюджета
D00419,2026-06-13,990113300113,Алматы,Налог,Земельный налог,55549,Банк,Оплачено,0,0,,В бюджет
D00420,2026-06-13,990114300114,Алматинская,Штраф,Административный штраф,79177,Мобильное приложение,Оплачено,0,0,,В бюджет
D00421,2026-06-14,990020300020,Мангистауская,Пособие,Пособие по инвалидности,129018,Мобильное приложение,Назначено,0,0,,Из бюджета
D00422,2026-06-14,990028300028,Павлодарская,Пошлина,Госпошлина за регистрацию авто,23369,Банк,Оплачено,0,0,,В бюджет
D00423,2026-06-14,990028300028,Павлодарская,Субсидия,Агросубсидия,179636,Мобильное приложение,Отказано,0,0,,Из бюджета
D00424,2026-06-14,990051300051,Костанайская,Налог,Земельный налог,104328,eGov,Просрочено,158,0,,В бюджет
D00425,2026-06-14,990057300057,Алматы,Субсидия,Агросубсидия,229344,Банк,На рассмотрении,0,0,,Из бюджета
D00426,2026-06-14,990078300078,Акмолинская,Пособие,Пособие по уходу за ребёнком,126647,eGov,Назначено,0,0,,Из бюджета
D00427,2026-06-14,990086300086,Алматы,Налог,Земельный налог,111725,eGov,Оплачено,0,0,,В бюджет
D00428,2026-06-14,990115300115,Алматинская,Штраф,Штраф за превышение скорости,78260,eGov,Ожидает оплаты,0,0,,В бюджет
D00429,2026-06-14,990116300116,Павлодарская,Пособие,Пособие по уходу за ребёнком,135458,ЦОН,Отказано,0,0,,Из бюджета
D00430,2026-06-15,990021300021,Актюбинская,Пошлина,Госпошлина за регистрацию авто,2811,eGov,Оплачено,0,0,,В бюджет
D00431,2026-06-15,990022300022,Жамбылская,Пошлина,Пошлина за регистрацию недвижимости,11730,Банк,Ожидает оплаты,0,0,,В бюджет
D00432,2026-06-15,990022300022,Жамбылская,Субсидия,Жилищная помощь,125079,Мобильное приложение,На рассмотрении,0,0,,Из бюджета
D00433,2026-06-15,990069300069,Мангистауская,Пособие,Пособие по уходу за ребёнком,81411,eGov,Назначено,0,0,,Из бюджета
D00434,2026-06-15,990074300074,Жамбылская,Штраф,Административный штраф,12291,Мобильное приложение,Оплачено,0,0,,В бюджет
D00435,2026-06-15,990075300075,Атырауская,Штраф,Административный штраф,88885,ЦОН,Оплачено,0,0,,В бюджет
D00436,2026-06-15,990105300105,Павлодарская,Субсидия,Жилищная помощь,226521,Мобильное приложение,Назначено,0,0,,Из бюджета
D00437,2026-06-16,990018300018,Северо-Казахстанская,Пособие,Пособие по инвалидности,72547,Мобильное приложение,Назначено,0,0,,Из бюджета
D00438,2026-06-16,990036300036,Актюбинская,Штраф,Административный штраф,15845,Банк,Оплачено,0,0,,В бюджет
D00439,2026-06-16,990049300049,Туркестанская,Пошлина,Пошлина за регистрацию недвижимости,24896,eGov,Просрочено,41,0,,В бюджет
D00440,2026-06-16,990052300052,Акмолинская,Пособие,Адресная социальная помощь,126934,ЦОН,На рассмотрении,0,0,,Из бюджета
D00441,2026-06-16,990056300056,Карагандинская,Субсидия,Субсидия на коммунальные услуги,67894,ЦОН,Назначено,0,0,,Из бюджета
D00442,2026-06-16,990074300074,Жамбылская,Налог,Земельный налог,69568,Банк,Оплачено,0,0,,В бюджет
D00443,2026-06-16,990120300120,Актюбинская,Субсидия,Жилищная помощь,106095,Банк,Отказано,0,0,,Из бюджета
D00444,2026-06-17,990010300010,Алматы,Пошлина,Пошлина за загранпаспорт,13073,eGov,Просрочено,150,0,,В бюджет
D00445,2026-06-17,990024300024,Северо-Казахстанская,Пособие,Пособие по уходу за ребёнком,30668,eGov,Назначено,0,0,,Из бюджета
D00446,2026-06-17,990033300033,Актюбинская,Субсидия,Жилищная помощь,317184,ЦОН,Отказано,0,0,,Из бюджета
D00447,2026-06-17,990120300120,Актюбинская,Налог,Налог на транспорт,42475,eGov,Ожидает оплаты,0,0,,В бюджет
D00448,2026-06-18,990017300017,Восточно-Казахстанская,Налог,Земельный налог,30484,ЦОН,Оплачено,0,0,,В бюджет
D00449,2026-06-18,990017300017,Восточно-Казахстанская,Субсидия,Субсидия на коммунальные услуги,290056,Банк,На рассмотрении,0,0,,Из бюджета
D00450,2026-06-18,990043300043,Актюбинская,Штраф,Штраф за превышение скорости,70101,Мобильное приложение,Оплачено,0,0,,В бюджет
D00451,2026-06-18,990047300047,Восточно-Казахстанская,Пошлина,Пошлина за загранпаспорт,12349,Банк,Просрочено,87,0,,В бюджет
D00452,2026-06-18,990062300062,Алматы,Налог,Налог на транспорт,92277,Мобильное приложение,Оплачено,0,0,,В бюджет
D00453,2026-06-18,990109300109,Шымкент,Пошлина,Пошлина за загранпаспорт,1891,eGov,Просрочено,42,0,,В бюджет
D00454,2026-06-19,990029300029,Акмолинская,Штраф,Административный штраф,15055,eGov,Оплачено,0,0,,В бюджет
D00455,2026-06-19,990030300030,Шымкент,Штраф,Штраф за превышение скорости,63554,eGov,Ожидает оплаты,0,0,,В бюджет
D00456,2026-06-19,990036300036,Актюбинская,Субсидия,Агросубсидия,357171,eGov,Назначено,0,0,,Из бюджета
D00457,2026-06-19,990060300060,Туркестанская,Субсидия,Субсидия на коммунальные услуги,246982,eGov,На рассмотрении,0,0,,Из бюджета
D00458,2026-06-19,990072300072,Алматинская,Штраф,Штраф за парковку,83565,Банк,Оплачено,0,0,,В бюджет
D00459,2026-06-19,990111300111,Актюбинская,Пошлина,Пошлина за регистрацию недвижимости,24303,ЦОН,Просрочено,143,0,,В бюджет
D00460,2026-06-19,990118300118,Алматы,Пошлина,Пошлина за регистрацию недвижимости,8478,eGov,Оплачено,0,0,,В бюджет
D00461,2026-06-20,990007300007,Атырауская,Пошлина,Пошлина за регистрацию недвижимости,22469,eGov,Оплачено,0,0,,В бюджет
D00462,2026-06-20,990028300028,Павлодарская,Пособие,Адресная социальная помощь,27343,eGov,Назначено,0,0,,Из бюджета
D00463,2026-06-20,990038300038,Северо-Казахстанская,Пособие,Пособие по уходу за ребёнком,67524,ЦОН,Отказано,0,0,,Из бюджета
D00464,2026-06-20,990041300041,Павлодарская,Пошлина,Пошлина за регистрацию недвижимости,15134,Мобильное приложение,Просрочено,88,0,,В бюджет
D00465,2026-06-20,990055300055,Мангистауская,Пошлина,Пошлина за регистрацию недвижимости,18320,ЦОН,Оплачено,0,0,,В бюджет
D00466,2026-06-20,990086300086,Алматы,Пособие,Адресная социальная помощь,103777,Мобильное приложение,Отказано,0,0,,Из бюджета
D00467,2026-06-20,990088300088,Павлодарская,Субсидия,Агросубсидия,246143,Банк,На рассмотрении,0,0,,Из бюджета
D00468,2026-06-20,990093300093,Туркестанская,Субсидия,Агросубсидия,32662,ЦОН,Назначено,0,0,,Из бюджета
D00469,2026-06-21,990048300048,Жамбылская,Субсидия,Субсидия на коммунальные услуги,66485,Мобильное приложение,Отказано,0,0,,Из бюджета
D00470,2026-06-21,990053300053,Атырауская,Пособие,Адресная социальная помощь,115249,Мобильное приложение,Назначено,0,0,,Из бюджета
D00471,2026-06-21,990066300066,Восточно-Казахстанская,Субсидия,Субсидия на коммунальные услуги,130061,eGov,На рассмотрении,0,0,,Из бюджета
D00472,2026-06-21,990068300068,Алматы,Пошлина,Пошлина за регистрацию недвижимости,3717,Банк,Оплачено,0,0,,В бюджет
D00473,2026-06-22,990016300016,Северо-Казахстанская,Субсидия,Субсидия на коммунальные услуги,191163,Банк,Отказано,0,0,,Из бюджета
D00474,2026-06-22,990042300042,Алматинская,Пособие,Пособие по инвалидности,49932,Банк,Отказано,0,0,,Из бюджета
D00475,2026-06-22,990066300066,Восточно-Казахстанская,Субсидия,Жилищная помощь,156081,ЦОН,Назначено,0,0,,Из бюджета
D00476,2026-06-22,990067300067,Кызылординская,Штраф,Административный штраф,19093,Банк,Ожидает оплаты,0,0,,В бюджет
D00477,2026-06-22,990080300080,Туркестанская,Пособие,Пособие по уходу за ребёнком,34358,Мобильное приложение,Отказано,0,0,,Из бюджета
D00478,2026-06-22,990106300106,Жамбылская,Налог,Земельный налог,94242,ЦОН,Просрочено,224,0,,В бюджет
D00479,2026-06-22,990107300107,Атырауская,Штраф,Штраф за парковку,78777,Мобильное приложение,Оплачено,0,0,,В бюджет
D00480,2026-06-22,990115300115,Алматинская,Субсидия,Жилищная помощь,64457,Банк,На рассмотрении,0,0,,Из бюджета
D00481,2026-06-22,990118300118,Алматы,Штраф,Административный штраф,78264,ЦОН,Оплачено,0,0,,В бюджет
D00482,2026-06-23,990038300038,Северо-Казахстанская,Субсидия,Жилищная помощь,386194,ЦОН,Отказано,0,0,,Из бюджета
D00483,2026-06-23,990039300039,Мангистауская,Штраф,Административный штраф,51129,ЦОН,Ожидает оплаты,0,0,,В бюджет
D00484,2026-06-23,990063300063,Северо-Казахстанская,Штраф,Штраф за парковку,93344,Мобильное приложение,Оплачено,0,0,,В бюджет
D00485,2026-06-23,990098300098,Северо-Казахстанская,Налог,Налог на имущество,48634,eGov,Оплачено,0,0,,В бюджет
D00486,2026-06-23,990108300108,Костанайская,Штраф,Штраф за парковку,58594,ЦОН,Просрочено,15,0,,В бюджет
D00487,2026-06-23,990113300113,Алматы,Налог,ИПН индивидуального предпринимателя,104720,Мобильное приложение,Оплачено,0,0,,В бюджет
D00488,2026-06-23,990117300117,Карагандинская,Штраф,Административный штраф,88649,Банк,Ожидает оплаты,0,0,,В бюджет
D00489,2026-06-23,990119300119,Актюбинская,Пособие,Пособие по инвалидности,139658,Банк,Назначено,0,0,,Из бюджета
D00490,2026-06-23,990120300120,Актюбинская,Штраф,Штраф за превышение скорости,63843,Мобильное приложение,Ожидает оплаты,0,0,,В бюджет
D00491,2026-06-24,990025300025,Актюбинская,Налог,Налог на имущество,98501,ЦОН,Просрочено,58,0,,В бюджет
D00492,2026-06-24,990041300041,Павлодарская,Налог,Налог на имущество,11036,Мобильное приложение,Просрочено,62,0,,В бюджет
D00493,2026-06-24,990047300047,Восточно-Казахстанская,Субсидия,Субсидия на коммунальные услуги,119858,ЦОН,Назначено,0,0,,Из бюджета
D00494,2026-06-24,990048300048,Жамбылская,Налог,ИПН индивидуального предпринимателя,38947,ЦОН,Оплачено,0,0,,В бюджет
D00495,2026-06-24,990052300052,Акмолинская,Штраф,Штраф за парковку,39900,Мобильное приложение,Оплачено,0,0,,В бюджет
D00496,2026-06-24,990053300053,Атырауская,Штраф,Административный штраф,65141,Мобильное приложение,Оплачено,0,0,,В бюджет
D00497,2026-06-24,990054300054,Шымкент,Пошлина,Пошлина за регистрацию недвижимости,6472,ЦОН,Оплачено,0,0,,В бюджет
D00498,2026-06-24,990066300066,Восточно-Казахстанская,Субсидия,Жилищная помощь,224786,eGov,Назначено,0,0,,Из бюджета
D00499,2026-06-24,990078300078,Акмолинская,Налог,Налог на имущество,84143,Мобильное приложение,Просрочено,132,0,,В бюджет
D00500,2026-06-24,990088300088,Павлодарская,Штраф,Штраф за превышение скорости,38601,Мобильное приложение,Просрочено,22,0,,В бюджет
D00501,2026-06-24,990115300115,Алматинская,Пособие,Пособие по уходу за ребёнком,111827,Банк,Назначено,0,0,,Из бюджета
D00502,2026-06-25,990029300029,Акмолинская,Налог,Земельный налог,90768,ЦОН,Ожидает оплаты,0,0,,В бюджет
D00503,2026-06-26,990004300004,Карагандинская,Субсидия,Жилищная помощь,121725,eGov,Отказано,0,0,,Из бюджета
D00504,2026-06-26,990013300013,Актюбинская,Пошлина,Пошлина за загранпаспорт,15341,Мобильное приложение,Оплачено,0,0,,В бюджет
D00505,2026-06-26,990014300014,Алматинская,Штраф,Штраф за парковку,29049,Банк,Ожидает оплаты,0,0,,В бюджет
D00506,2026-06-26,990021300021,Актюбинская,Пошлина,Пошлина за загранпаспорт,23773,Банк,Оплачено,0,0,,В бюджет
D00507,2026-06-26,990027300027,Акмолинская,Пошлина,Пошлина за загранпаспорт,26811,Мобильное приложение,Ожидает оплаты,0,0,,В бюджет
D00508,2026-06-26,990027300027,Акмолинская,Штраф,Штраф за превышение скорости,34594,Банк,Оплачено,0,0,,В бюджет
D00509,2026-06-26,990069300069,Мангистауская,Пошлина,Госпошлина за регистрацию авто,22362,eGov,Ожидает оплаты,0,0,,В бюджет
D00510,2026-06-26,990093300093,Туркестанская,Пособие,Пособие по уходу за ребёнком,51807,Мобильное приложение,Назначено,0,0,,Из бюджета
D00511,2026-06-27,990069300069,Мангистауская,Налог,Земельный налог,114441,eGov,Оплачено,0,0,,В бюджет
D00512,2026-06-27,990076300076,Туркестанская,Субсидия,Субсидия на коммунальные услуги,358550,ЦОН,На рассмотрении,0,0,,Из бюджета
D00513,2026-06-27,990081300081,Восточно-Казахстанская,Субсидия,Агросубсидия,238063,Мобильное приложение,На рассмотрении,0,0,,Из бюджета
D00514,2026-06-27,990096300096,Алматинская,Субсидия,Агросубсидия,56783,Банк,Назначено,0,0,,Из бюджета
D00515,2026-06-28,990015300015,Актюбинская,Штраф,Штраф за превышение скорости,81660,eGov,Просрочено,211,0,,В бюджет
D00516,2026-06-28,990028300028,Павлодарская,Пособие,Адресная социальная помощь,51946,eGov,Отказано,0,0,,Из бюджета
D00517,2026-06-28,990041300041,Павлодарская,Налог,ИПН индивидуального предпринимателя,108012,Мобильное приложение,Просрочено,178,0,,В бюджет
D00518,2026-06-28,990041300041,Павлодарская,Пошлина,Госпошлина за регистрацию авто,9697,eGov,Оплачено,0,0,,В бюджет
D00519,2026-06-28,990066300066,Восточно-Казахстанская,Налог,Земельный налог,60164,Мобильное приложение,Ожидает оплаты,0,0,,В бюджет
D00520,2026-06-28,990082300082,Актюбинская,Штраф,Штраф за превышение скорости,28080,Банк,Просрочено,166,0,,В бюджет
D00521,2026-06-28,990099300099,Акмолинская,Штраф,Штраф за парковку,42428,Банк,Оплачено,0,0,,В бюджет
D00522,2026-06-28,990101300101,Жамбылская,Субсидия,Агросубсидия,266721,Банк,Отказано,0,0,,Из бюджета
D00523,2026-06-28,990102300102,Жамбылская,Штраф,Штраф за превышение скорости,57098,ЦОН,Оплачено,0,0,,В бюджет
D00524,2026-06-28,990109300109,Шымкент,Пособие,Адресная социальная помощь,68538,Банк,Отказано,0,0,,Из бюджета
D00525,2026-06-29,990029300029,Акмолинская,Пошлина,Пошлина за регистрацию недвижимости,19547,ЦОН,Оплачено,0,0,,В бюджет
D00526,2026-06-29,990030300030,Шымкент,Субсидия,Субсидия на коммунальные услуги,60156,ЦОН,Назначено,0,0,,Из бюджета
D00527,2026-06-29,990053300053,Атырауская,Штраф,Штраф за превышение скорости,20446,ЦОН,Ожидает оплаты,0,0,,В бюджет
D00528,2026-06-29,990053300053,Атырауская,Штраф,Штраф за парковку,80584,Мобильное приложение,Оплачено,0,0,,В бюджет
D00529,2026-06-29,990059300059,Астана,Субсидия,Агросубсидия,270507,Мобильное приложение,Назначено,0,0,,Из бюджета
D00530,2026-06-29,990059300059,Астана,Налог,Налог на имущество,91531,Мобильное приложение,Оплачено,0,0,,В бюджет
D00531,2026-06-29,990068300068,Алматы,Налог,Налог на имущество,33697,eGov,Оплачено,0,0,,В бюджет
D00532,2026-06-29,990068300068,Алматы,Пособие,Адресная социальная помощь,86635,Мобильное приложение,Назначено,0,0,,Из бюджета
D00533,2026-06-29,990119300119,Актюбинская,Пособие,Пособие по уходу за ребёнком,33171,eGov,Отказано,0,0,,Из бюджета
D00534,2026-06-30,990005300005,Алматы,Пособие,Пособие по уходу за ребёнком,36791,Мобильное приложение,Отказано,0,0,,Из бюджета
D00535,2026-06-30,990013300013,Актюбинская,Субсидия,Агросубсидия,170741,eGov,Назначено,0,0,,Из бюджета
D00536,2026-06-30,990049300049,Туркестанская,Налог,Налог на имущество,32711,Банк,Оплачено,0,0,,В бюджет
D00537,2026-06-30,990066300066,Восточно-Казахстанская,Пошлина,Пошлина за регистрацию недвижимости,21382,eGov,Просрочено,86,0,,В бюджет
D00538,2026-06-30,990117300117,Карагандинская,Субсидия,Жилищная помощь,243637,Банк,Назначено,0,0,,Из бюджета
D00539,2026-07-01,990009300009,Павлодарская,Пошлина,Пошлина за загранпаспорт,11893,eGov,Оплачено,0,0,,В бюджет
D00540,2026-07-01,990064300064,Костанайская,Налог,Земельный налог,22057,ЦОН,Оплачено,0,0,,В бюджет
D00541,2026-07-01,990041300041,Туркестанская,Пособие,Пособие по уходу за ребёнком,81101,ЦОН,Назначено,0,1,Дубль выплаты: то же пособие назначено дважды,Из бюджета
D00542,2026-07-02,990029300029,Акмолинская,Налог,Налог на имущество,97152,Мобильное приложение,Оплачено,0,0,,В бюджет
D00543,2026-07-02,990036300036,Актюбинская,Налог,Налог на транспорт,32139,Банк,Оплачено,0,0,,В бюджет
D00544,2026-07-02,990039300039,Мангистауская,Налог,Налог на транспорт,70582,ЦОН,Ожидает оплаты,0,0,,В бюджет
D00545,2026-07-02,990051300051,Костанайская,Налог,Налог на транспорт,113440,Мобильное приложение,Оплачено,0,0,,В бюджет
D00546,2026-07-02,990051300051,Костанайская,Штраф,Штраф за парковку,53581,eGov,Ожидает оплаты,0,0,,В бюджет
D00547,2026-07-02,990085300085,Мангистауская,Штраф,Штраф за превышение скорости,69700,Банк,Оплачено,0,0,,В бюджет
D00548,2026-07-02,990094300094,Алматы,Налог,Налог на имущество,75747,eGov,Просрочено,135,0,,В бюджет
D00549,2026-07-02,990106300106,Жамбылская,Пособие,Адресная социальная помощь,125127,eGov,Назначено,0,0,,Из бюджета
D00550,2026-07-02,990082300082,Кызылординская,Субсидия,Жилищная помощь,84434,ЦОН,Отказано,0,1,Отказ по субсидии: в регионе доля отказов заметно выше средней,Из бюджета
D00551,2026-07-03,990010300010,Алматы,Налог,Налог на транспорт,64791,ЦОН,Ожидает оплаты,0,0,,В бюджет
D00552,2026-07-03,990038300038,Северо-Казахстанская,Субсидия,Жилищная помощь,189443,Банк,Назначено,0,0,,Из бюджета
D00553,2026-07-03,990052300052,Акмолинская,Пошлина,Пошлина за загранпаспорт,9489,Мобильное приложение,Оплачено,0,0,,В бюджет
D00554,2026-07-03,990060300060,Туркестанская,Налог,Земельный налог,20178,Мобильное приложение,Оплачено,0,0,,В бюджет
D00555,2026-07-03,990098300098,Северо-Казахстанская,Пособие,Адресная социальная помощь,112589,Банк,Назначено,0,0,,Из бюджета
D00556,2026-07-03,990119300119,Актюбинская,Пошлина,Госпошлина за регистрацию авто,26041,Банк,Оплачено,0,0,,В бюджет
D00557,2026-07-04,990002300002,Алматинская,Штраф,Административный штраф,85070,ЦОН,Ожидает оплаты,0,0,,В бюджет
D00558,2026-07-04,990031300031,Атырауская,Пошлина,Пошлина за загранпаспорт,27263,ЦОН,Оплачено,0,0,,В бюджет
D00559,2026-07-04,990036300036,Актюбинская,Пособие,Пособие по инвалидности,44180,Мобильное приложение,Назначено,0,0,,Из бюджета
D00560,2026-07-04,990062300062,Алматы,Штраф,Штраф за превышение скорости,59778,eGov,Оплачено,0,0,,В бюджет
D00561,2026-07-04,990070300070,Павлодарская,Штраф,Административный штраф,58971,ЦОН,Оплачено,0,0,,В бюджет
D00562,2026-07-04,990007300007,Туркестанская,Пособие,Пособие по уходу за ребёнком,85575,ЦОН,Назначено,0,1,Дубль выплаты: то же пособие назначено дважды,Из бюджета
D00563,2026-07-05,990032300032,Павлодарская,Пошлина,Пошлина за загранпаспорт,2987,Мобильное приложение,Просрочено,40,0,,В бюджет
D00564,2026-07-05,990032300032,Павлодарская,Налог,Земельный налог,32114,eGov,Ожидает оплаты,0,0,,В бюджет
D00565,2026-07-05,990062300062,Алматы,Штраф,Штраф за превышение скорости,92915,Мобильное приложение,Оплачено,0,0,,В бюджет
D00566,2026-07-05,990105300105,Павлодарская,Налог,ИПН индивидуального предпринимателя,84167,ЦОН,Оплачено,0,0,,В бюджет
D00567,2026-07-06,990002300002,Алматинская,Штраф,Административный штраф,51348,eGov,Оплачено,0,0,,В бюджет
D00568,2026-07-06,990027300027,Акмолинская,Пошлина,Госпошлина за регистрацию авто,22764,ЦОН,Оплачено,0,0,,В бюджет
D00569,2026-07-06,990053300053,Атырауская,Штраф,Штраф за парковку,69280,Мобильное приложение,Оплачено,0,0,,В бюджет
D00570,2026-07-06,990083300083,Кызылординская,Пошлина,Госпошлина за регистрацию авто,28931,eGov,Оплачено,0,0,,В бюджет
D00571,2026-07-06,990102300102,Жамбылская,Пошлина,Пошлина за регистрацию недвижимости,22508,Мобильное приложение,Оплачено,0,0,,В бюджет
D00572,2026-07-06,990114300114,Алматинская,Штраф,Административный штраф,73655,ЦОН,Оплачено,0,0,,В бюджет
D00573,2026-07-06,990117300117,Карагандинская,Налог,Земельный налог,101685,Банк,Оплачено,0,0,,В бюджет
D00574,2026-07-07,990002300002,Алматинская,Пошлина,Госпошлина за регистрацию авто,25877,eGov,Оплачено,0,0,,В бюджет
D00575,2026-07-07,990009300009,Павлодарская,Пошлина,Госпошлина за регистрацию авто,23940,eGov,Оплачено,0,0,,В бюджет
D00576,2026-07-07,990026300026,Астана,Штраф,Административный штраф,59352,Банк,Просрочено,167,0,,В бюджет
D00577,2026-07-07,990096300096,Алматинская,Пособие,Адресная социальная помощь,39534,eGov,Назначено,0,0,,Из бюджета
D00578,2026-07-07,990033300033,Алматы,Налог,Налог на имущество,675129,eGov,Просрочено,382,1,Просрочка больше 200 дней и крупная сумма,В бюджет
D00579,2026-07-08,990020300020,Мангистауская,Пособие,Адресная социальная помощь,118088,Мобильное приложение,Назначено,0,0,,Из бюджета
D00580,2026-07-08,990035300035,Костанайская,Налог,ИПН индивидуального предпринимателя,107291,Мобильное приложение,Оплачено,0,0,,В бюджет
D00581,2026-07-08,990038300038,Северо-Казахстанская,Пособие,Пособие по уходу за ребёнком,37101,Банк,Назначено,0,0,,Из бюджета
D00582,2026-07-08,990050300050,Алматинская,Субсидия,Агросубсидия,361715,Банк,Отказано,0,0,,Из бюджета
D00583,2026-07-08,990059300059,Астана,Налог,Налог на имущество,59936,ЦОН,Ожидает оплаты,0,0,,В бюджет
D00584,2026-07-09,990013300013,Актюбинская,Штраф,Штраф за парковку,15604,Мобильное приложение,Просрочено,124,0,,В бюджет
D00585,2026-07-09,990024300024,Северо-Казахстанская,Пособие,Пособие по уходу за ребёнком,54350,ЦОН,Назначено,0,0,,Из бюджета
D00586,2026-07-09,990030300030,Шымкент,Субсидия,Субсидия на коммунальные услуги,167955,Банк,Назначено,0,0,,Из бюджета
D00587,2026-07-09,990050300050,Алматинская,Налог,Земельный налог,22735,ЦОН,Оплачено,0,0,,В бюджет
D00588,2026-07-09,990083300083,Кызылординская,Субсидия,Агросубсидия,275863,Мобильное приложение,На рассмотрении,0,0,,Из бюджета
D00589,2026-07-09,990120300120,Актюбинская,Налог,Налог на имущество,57092,Банк,Оплачено,0,0,,В бюджет
D00590,2026-07-10,990013300013,Актюбинская,Пособие,Адресная социальная помощь,139943,eGov,Назначено,0,0,,Из бюджета
D00591,2026-07-10,990038300038,Северо-Казахстанская,Пособие,Адресная социальная помощь,87171,eGov,Отказано,0,0,,Из бюджета
D00592,2026-07-10,990039300039,Мангистауская,Штраф,Административный штраф,20693,eGov,Просрочено,179,0,,В бюджет
D00593,2026-07-10,990012300012,Алматы,Налог,Налог на имущество,559029,eGov,Просрочено,351,1,Просрочка больше 200 дней и крупная сумма,В бюджет
D00594,2026-07-11,990036300036,Актюбинская,Штраф,Штраф за превышение скорости,61653,Банк,Ожидает оплаты,0,0,,В бюджет
D00595,2026-07-11,990047300047,Восточно-Казахстанская,Пособие,Пособие по инвалидности,100550,ЦОН,Назначено,0,0,,Из бюджета
D00596,2026-07-11,990052300052,Акмолинская,Штраф,Штраф за превышение скорости,53111,ЦОН,Просрочено,182,0,,В бюджет
D00597,2026-07-11,990064300064,Костанайская,Налог,Налог на транспорт,24319,Мобильное приложение,Ожидает оплаты,0,0,,В бюджет
D00598,2026-07-11,990098300098,Северо-Казахстанская,Штраф,Административный штраф,87265,eGov,Оплачено,0,0,,В бюджет
D00599,2026-07-11,990102300102,Жамбылская,Субсидия,Жилищная помощь,182342,Мобильное приложение,На рассмотрении,0,0,,Из бюджета
D00600,2026-07-12,990011300011,Карагандинская,Пособие,Пособие по инвалидности,112044,Мобильное приложение,Назначено,0,0,,Из бюджета
D00601,2026-07-13,990010300010,Алматы,Налог,Земельный налог,81693,Банк,Оплачено,0,0,,В бюджет
D00602,2026-07-13,990057300057,Алматы,Пособие,Адресная социальная помощь,34440,eGov,Отказано,0,0,,Из бюджета
D00603,2026-07-13,990081300081,Восточно-Казахстанская,Штраф,Административный штраф,30044,Мобильное приложение,Оплачено,0,0,,В бюджет
D00604,2026-07-14,990013300013,Актюбинская,Пособие,Пособие по инвалидности,51744,Мобильное приложение,Назначено,0,0,,Из бюджета
D00605,2026-07-14,990018300018,Северо-Казахстанская,Пошлина,Пошлина за регистрацию недвижимости,3639,eGov,Оплачено,0,0,,В бюджет
D00606,2026-07-14,990046300046,Алматы,Штраф,Административный штраф,38686,Мобильное приложение,Ожидает оплаты,0,0,,В бюджет
D00607,2026-07-14,990055300055,Мангистауская,Пошлина,Пошлина за регистрацию недвижимости,15905,Мобильное приложение,Ожидает оплаты,0,0,,В бюджет
D00608,2026-07-14,990075300075,Атырауская,Налог,Налог на имущество,119120,Банк,Оплачено,0,0,,В бюджет
D00609,2026-07-15,990009300009,Павлодарская,Пошлина,Госпошлина за регистрацию авто,29322,ЦОН,Оплачено,0,0,,В бюджет
D00610,2026-07-15,990071300071,Алматинская,Субсидия,Субсидия на коммунальные услуги,350966,Банк,Назначено,0,0,,Из бюджета
D00611,2026-07-15,990075300075,Атырауская,Пошлина,Пошлина за регистрацию недвижимости,12378,Банк,Просрочено,35,0,,В бюджет
D00612,2026-07-15,990101300101,Жамбылская,Пособие,Пособие по уходу за ребёнком,80233,Банк,Назначено,0,0,,Из бюджета
D00613,2026-07-15,990117300117,Карагандинская,Налог,Земельный налог,86632,Банк,Оплачено,0,0,,В бюджет
D00614,2026-07-16,990022300022,Жамбылская,Штраф,Штраф за превышение скорости,91867,Банк,Оплачено,0,0,,В бюджет
D00615,2026-07-16,990032300032,Павлодарская,Налог,ИПН индивидуального предпринимателя,106732,eGov,Оплачено,0,0,,В бюджет
D00616,2026-07-16,990043300043,Актюбинская,Пошлина,Пошлина за регистрацию недвижимости,29682,Банк,Ожидает оплаты,0,0,,В бюджет
D00617,2026-07-16,990084300084,Жамбылская,Пошлина,Пошлина за регистрацию недвижимости,3443,ЦОН,Оплачено,0,0,,В бюджет
D00618,2026-07-16,990108300108,Костанайская,Налог,Земельный налог,106176,Мобильное приложение,Оплачено,0,0,,В бюджет
D00619,2026-07-17,990075300075,Атырауская,Штраф,Штраф за превышение скорости,41976,Банк,Оплачено,0,0,,В бюджет
D00620,2026-07-17,990114300114,Алматинская,Пошлина,Госпошлина за регистрацию авто,6598,eGov,Оплачено,0,0,,В бюджет
D00621,2026-07-18,990011300011,Карагандинская,Пошлина,Пошлина за регистрацию недвижимости,21097,eGov,Оплачено,0,0,,В бюджет
D00622,2026-07-18,990017300017,Восточно-Казахстанская,Субсидия,Субсидия на коммунальные услуги,234785,Банк,На рассмотрении,0,0,,Из бюджета
D00623,2026-07-18,990055300055,Мангистауская,Субсидия,Субсидия на коммунальные услуги,250678,Мобильное приложение,Отказано,0,0,,Из бюджета
D00624,2026-07-18,990060300060,Туркестанская,Пособие,Пособие по инвалидности,114079,Мобильное приложение,На рассмотрении,0,0,,Из бюджета
D00625,2026-07-18,990083300083,Кызылординская,Пособие,Пособие по инвалидности,118484,Банк,Отказано,0,0,,Из бюджета
D00626,2026-07-18,990086300086,Алматы,Субсидия,Агросубсидия,54225,ЦОН,Назначено,0,0,,Из бюджета
D00627,2026-07-18,990093300093,Туркестанская,Штраф,Административный штраф,91707,eGov,Просрочено,210,0,,В бюджет
D00628,2026-07-19,990027300027,Акмолинская,Пособие,Адресная социальная помощь,116202,Банк,Отказано,0,0,,Из бюджета
D00629,2026-07-19,990042300042,Алматинская,Пошлина,Пошлина за регистрацию недвижимости,25900,Мобильное приложение,Оплачено,0,0,,В бюджет
D00630,2026-07-19,990111300111,Актюбинская,Пособие,Адресная социальная помощь,55045,ЦОН,Назначено,0,0,,Из бюджета
D00631,2026-07-19,990118300118,Алматы,Пособие,Пособие по уходу за ребёнком,72950,eGov,Назначено,0,0,,Из бюджета
D00632,2026-07-20,990009300009,Павлодарская,Субсидия,Субсидия на коммунальные услуги,245529,ЦОН,Назначено,0,0,,Из бюджета
D00633,2026-07-20,990019300019,Атырауская,Субсидия,Субсидия на коммунальные услуги,59763,eGov,Отказано,0,0,,Из бюджета
D00634,2026-07-20,990050300050,Алматинская,Пособие,Адресная социальная помощь,94130,Мобильное приложение,Назначено,0,0,,Из бюджета
D00635,2026-07-20,990080300080,Туркестанская,Субсидия,Агросубсидия,353063,eGov,Назначено,0,0,,Из бюджета
D00636,2026-07-21,990010300010,Алматы,Налог,Земельный налог,88783,Банк,Просрочено,116,0,,В бюджет
D00637,2026-07-21,990032300032,Павлодарская,Налог,Земельный налог,56672,ЦОН,Оплачено,0,0,,В бюджет
D00638,2026-07-21,990051300051,Костанайская,Штраф,Штраф за парковку,23134,ЦОН,Оплачено,0,0,,В бюджет
D00639,2026-07-22,990004300004,Карагандинская,Субсидия,Агросубсидия,145335,Банк,Назначено,0,0,,Из бюджета
D00640,2026-07-22,990019300019,Атырауская,Налог,Земельный налог,73430,Банк,Оплачено,0,0,,В бюджет
D00641,2026-07-22,990031300031,Атырауская,Пособие,Пособие по уходу за ребёнком,47606,ЦОН,Назначено,0,0,,Из бюджета
D00642,2026-07-22,990056300056,Карагандинская,Субсидия,Агросубсидия,334366,eGov,На рассмотрении,0,0,,Из бюджета
D00643,2026-07-22,990056300056,Карагандинская,Налог,Земельный налог,45086,eGov,Ожидает оплаты,0,0,,В бюджет
D00644,2026-07-22,990058300058,Туркестанская,Пособие,Пособие по уходу за ребёнком,141179,ЦОН,Назначено,0,0,,Из бюджета
D00645,2026-07-22,990068300068,Алматы,Штраф,Административный штраф,10115,Мобильное приложение,Оплачено,0,0,,В бюджет
D00646,2026-07-22,990070300070,Павлодарская,Пособие,Пособие по уходу за ребёнком,80722,Банк,На рассмотрении,0,0,,Из бюджета
D00647,2026-07-22,990105300105,Павлодарская,Пособие,Адресная социальная помощь,147709,Банк,Назначено,0,0,,Из бюджета
D00648,2026-07-22,990118300118,Алматы,Пошлина,Пошлина за загранпаспорт,9385,Банк,Оплачено,0,0,,В бюджет
D00649,2026-07-23,990005300005,Алматы,Штраф,Штраф за превышение скорости,88704,eGov,Ожидает оплаты,0,0,,В бюджет
D00650,2026-07-23,990012300012,Восточно-Казахстанская,Пособие,Адресная социальная помощь,108447,Банк,Назначено,0,0,,Из бюджета
D00651,2026-07-23,990021300021,Актюбинская,Налог,Налог на транспорт,92443,eGov,Ожидает оплаты,0,0,,В бюджет
D00652,2026-07-23,990024300024,Северо-Казахстанская,Пособие,Пособие по уходу за ребёнком,111285,ЦОН,На рассмотрении,0,0,,Из бюджета
D00653,2026-07-23,990026300026,Астана,Пособие,Адресная социальная помощь,110762,Мобильное приложение,Отказано,0,0,,Из бюджета
D00654,2026-07-23,990031300031,Атырауская,Налог,Земельный налог,82782,ЦОН,Ожидает оплаты,0,0,,В бюджет
D00655,2026-07-23,990101300101,Жамбылская,Налог,Земельный налог,31376,Банк,Ожидает оплаты,0,0,,В бюджет
D00656,2026-07-23,990112300112,Костанайская,Налог,ИПН индивидуального предпринимателя,115538,Банк,Оплачено,0,0,,В бюджет
D00657,2026-07-24,990017300017,Восточно-Казахстанская,Пособие,Пособие по инвалидности,84512,Мобильное приложение,Назначено,0,0,,Из бюджета
D00658,2026-07-24,990033300033,Актюбинская,Штраф,Административный штраф,84800,Мобильное приложение,Ожидает оплаты,0,0,,В бюджет
D00659,2026-07-24,990036300036,Актюбинская,Пособие,Пособие по инвалидности,39720,Банк,Отказано,0,0,,Из бюджета
D00660,2026-07-24,990043300043,Актюбинская,Штраф,Штраф за превышение скорости,33471,ЦОН,Оплачено,0,0,,В бюджет
D00661,2026-07-24,990044300044,Северо-Казахстанская,Пошлина,Пошлина за загранпаспорт,29796,Мобильное приложение,Ожидает оплаты,0,0,,В бюджет
D00662,2026-07-24,990045300045,Кызылординская,Налог,Налог на имущество,12738,eGov,Оплачено,0,0,,В бюджет
D00663,2026-07-24,990051300051,Костанайская,Штраф,Штраф за превышение скорости,17857,Мобильное приложение,Оплачено,0,0,,В бюджет
D00664,2026-07-24,990068300068,Алматы,Пошлина,Пошлина за регистрацию недвижимости,20596,Банк,Оплачено,0,0,,В бюджет
D00665,2026-07-24,990083300083,Кызылординская,Субсидия,Агросубсидия,386787,Банк,Назначено,0,0,,Из бюджета
D00666,2026-07-24,990089300089,Атырауская,Пошлина,Госпошлина за регистрацию авто,23080,ЦОН,Просрочено,180,0,,В бюджет
D00667,2026-07-24,990099300099,Акмолинская,Субсидия,Субсидия на коммунальные услуги,161390,Мобильное приложение,Назначено,0,0,,Из бюджета
D00668,2026-07-24,990108300108,Костанайская,Субсидия,Жилищная помощь,48692,Мобильное приложение,Назначено,0,0,,Из бюджета
D00669,2026-07-25,990025300025,Актюбинская,Пособие,Адресная социальная помощь,89155,eGov,Отказано,0,0,,Из бюджета
D00670,2026-07-25,990030300030,Шымкент,Пособие,Пособие по инвалидности,94290,eGov,Отказано,0,0,,Из бюджета
D00671,2026-07-25,990050300050,Алматинская,Субсидия,Субсидия на коммунальные услуги,40961,Банк,Отказано,0,0,,Из бюджета
D00672,2026-07-25,990055300055,Мангистауская,Пошлина,Пошлина за загранпаспорт,5498,Банк,Ожидает оплаты,0,0,,В бюджет
D00673,2026-07-25,990082300082,Актюбинская,Пошлина,Пошлина за загранпаспорт,28962,Банк,Оплачено,0,0,,В бюджет
D00674,2026-07-25,990099300099,Акмолинская,Налог,Земельный налог,59802,eGov,Оплачено,0,0,,В бюджет
D00675,2026-07-25,990094300094,Кызылординская,Субсидия,Жилищная помощь,73930,ЦОН,Отказано,0,1,Отказ по субсидии: в регионе доля отказов заметно выше средней,Из бюджета
D00676,2026-07-26,990006300006,Акмолинская,Пошлина,Госпошлина за регистрацию авто,29581,Банк,Ожидает оплаты,0,0,,В бюджет
D00677,2026-07-26,990011300011,Карагандинская,Налог,ИПН индивидуального предпринимателя,75297,eGov,Оплачено,0,0,,В бюджет
D00678,2026-07-26,990020300020,Мангистауская,Пособие,Адресная социальная помощь,66555,Мобильное приложение,Отказано,0,0,,Из бюджета
D00679,2026-07-26,990024300024,Северо-Казахстанская,Штраф,Штраф за парковку,34829,eGov,Оплачено,0,0,,В бюджет
D00680,2026-07-26,990057300057,Алматы,Субсидия,Агросубсидия,376444,Банк,На рассмотрении,0,0,,Из бюджета
D00681,2026-07-26,990079300079,Астана,Штраф,Штраф за превышение скорости,20245,Мобильное приложение,Оплачено,0,0,,В бюджет
D00682,2026-07-26,990092300092,Алматинская,Субсидия,Жилищная помощь,297949,Банк,На рассмотрении,0,0,,Из бюджета
D00683,2026-07-26,990114300114,Алматинская,Налог,ИПН индивидуального предпринимателя,32356,Мобильное приложение,Просрочено,230,0,,В бюджет
D00684,2026-07-26,990115300115,Алматинская,Пособие,Пособие по уходу за ребёнком,109011,ЦОН,Назначено,0,0,,Из бюджета
D00685,2026-07-26,990090300090,Кызылординская,Субсидия,Жилищная помощь,104475,ЦОН,Отказано,0,1,Отказ по субсидии: в регионе доля отказов заметно выше средней,Из бюджета
D00686,2026-07-27,990025300025,Актюбинская,Субсидия,Агросубсидия,46045,Банк,Назначено,0,0,,Из бюджета
D00687,2026-07-27,990048300048,Жамбылская,Штраф,Штраф за парковку,96986,Мобильное приложение,Оплачено,0,0,,В бюджет
D00688,2026-07-27,990049300049,Туркестанская,Штраф,Штраф за превышение скорости,43575,Мобильное приложение,Ожидает оплаты,0,0,,В бюджет
D00689,2026-07-27,990051300051,Костанайская,Штраф,Административный штраф,66253,ЦОН,Оплачено,0,0,,В бюджет
D00690,2026-07-27,990057300057,Алматы,Пособие,Пособие по инвалидности,25309,eGov,На рассмотрении,0,0,,Из бюджета
D00691,2026-07-28,990013300013,Актюбинская,Субсидия,Жилищная помощь,267817,ЦОН,Назначено,0,0,,Из бюджета
D00692,2026-07-28,990016300016,Северо-Казахстанская,Пошлина,Пошлина за загранпаспорт,26626,ЦОН,Оплачено,0,0,,В бюджет
D00693,2026-07-28,990029300029,Акмолинская,Пошлина,Пошлина за регистрацию недвижимости,3648,Мобильное приложение,Просрочено,44,0,,В бюджет
D00694,2026-07-28,990052300052,Акмолинская,Налог,Налог на имущество,83397,eGov,Просрочено,56,0,,В бюджет
D00695,2026-07-28,990062300062,Алматы,Пошлина,Пошлина за регистрацию недвижимости,23858,ЦОН,Оплачено,0,0,,В бюджет
D00696,2026-07-29,990015300015,Актюбинская,Пошлина,Пошлина за регистрацию недвижимости,4760,ЦОН,Ожидает оплаты,0,0,,В бюджет
D00697,2026-07-29,990036300036,Актюбинская,Пошлина,Пошлина за загранпаспорт,2249,Банк,Оплачено,0,0,,В бюджет
D00698,2026-07-29,990063300063,Северо-Казахстанская,Субсидия,Жилищная помощь,69093,Мобильное приложение,Назначено,0,0,,Из бюджета
D00699,2026-07-29,990118300118,Алматы,Штраф,Штраф за парковку,83570,eGov,Оплачено,0,0,,В бюджет
D00700,2026-07-30,990014300014,Алматинская,Пособие,Адресная социальная помощь,56534,eGov,На рассмотрении,0,0,,Из бюджета
D00701,2026-07-30,990019300019,Атырауская,Пошлина,Пошлина за регистрацию недвижимости,24706,eGov,Просрочено,116,0,,В бюджет
D00702,2026-07-30,990075300075,Атырауская,Пособие,Пособие по инвалидности,97947,eGov,Назначено,0,0,,Из бюджета
D00703,2026-07-30,990119300119,Актюбинская,Пособие,Адресная социальная помощь,63799,Мобильное приложение,Назначено,0,0,,Из бюджета
D00704,2026-07-31,990012300012,Восточно-Казахстанская,Субсидия,Агросубсидия,194988,ЦОН,Отказано,0,0,,Из бюджета
D00705,2026-07-31,990039300039,Мангистауская,Штраф,Административный штраф,57911,Банк,Просрочено,217,0,,В бюджет
D00706,2026-07-31,990087300087,Карагандинская,Штраф,Штраф за парковку,45560,eGov,Ожидает оплаты,0,0,,В бюджет
D00707,2026-07-31,990096300096,Алматинская,Налог,Земельный налог,13743,ЦОН,Ожидает оплаты,0,0,,В бюджет
D00708,2026-07-31,990098300098,Северо-Казахстанская,Пособие,Пособие по уходу за ребёнком,43230,ЦОН,Отказано,0,0,,Из бюджета
D00709,2026-07-31,990104300104,Туркестанская,Пособие,Пособие по инвалидности,108251,ЦОН,Назначено,0,0,,Из бюджета
D00710,2026-07-31,990116300116,Павлодарская,Пошлина,Пошлина за загранпаспорт,27785,Мобильное приложение,Оплачено,0,0,,В бюджет
D00711,2026-08-01,990017300017,Восточно-Казахстанская,Пособие,Пособие по уходу за ребёнком,96758,Мобильное приложение,Назначено,0,0,,Из бюджета
D00712,2026-08-01,990043300043,Актюбинская,Штраф,Административный штраф,29876,ЦОН,Оплачено,0,0,,В бюджет
D00713,2026-08-01,990058300058,Туркестанская,Пособие,Пособие по инвалидности,36898,ЦОН,Назначено,0,0,,Из бюджета
D00714,2026-08-01,990076300076,Туркестанская,Пошлина,Пошлина за регистрацию недвижимости,13738,Мобильное приложение,Просрочено,116,0,,В бюджет
D00715,2026-08-01,990088300088,Павлодарская,Пособие,Адресная социальная помощь,41788,Банк,На рассмотрении,0,0,,Из бюджета
D00716,2026-08-01,990102300102,Жамбылская,Штраф,Административный штраф,10749,Мобильное приложение,Ожидает оплаты,0,0,,В бюджет
D00717,2026-08-01,990112300112,Костанайская,Пошлина,Пошлина за регистрацию недвижимости,2243,eGov,Оплачено,0,0,,В бюджет
D00718,2026-08-02,990079300079,Астана,Субсидия,Субсидия на коммунальные услуги,256203,ЦОН,Отказано,0,0,,Из бюджета
D00719,2026-08-02,990091300091,Мангистауская,Штраф,Штраф за превышение скорости,50428,Мобильное приложение,Оплачено,0,0,,В бюджет
D00720,2026-08-02,990097300097,Акмолинская,Налог,Налог на транспорт,92888,eGov,Ожидает оплаты,0,0,,В бюджет
D00721,2026-08-02,990116300116,Павлодарская,Пошлина,Пошлина за регистрацию недвижимости,3158,eGov,Оплачено,0,0,,В бюджет
D00722,2026-08-03,990013300013,Актюбинская,Штраф,Штраф за парковку,58440,ЦОН,Ожидает оплаты,0,0,,В бюджет
D00723,2026-08-03,990030300030,Шымкент,Штраф,Штраф за превышение скорости,95605,Банк,Оплачено,0,0,,В бюджет
D00724,2026-08-03,990072300072,Алматинская,Налог,ИПН индивидуального предпринимателя,29310,Мобильное приложение,Оплачено,0,0,,В бюджет
D00725,2026-08-03,990085300085,Мангистауская,Субсидия,Агросубсидия,327042,Мобильное приложение,На рассмотрении,0,0,,Из бюджета
D00726,2026-08-03,990098300098,Северо-Казахстанская,Налог,ИПН индивидуального предпринимателя,62454,Банк,Оплачено,0,0,,В бюджет
D00727,2026-08-03,990087300087,Кызылординская,Субсидия,Жилищная помощь,51520,ЦОН,Отказано,0,1,Отказ по субсидии: в регионе доля отказов заметно выше средней,Из бюджета
D00728,2026-08-04,990041300041,Павлодарская,Штраф,Штраф за парковку,79406,ЦОН,Оплачено,0,0,,В бюджет
D00729,2026-08-04,990070300070,Павлодарская,Пособие,Адресная социальная помощь,123110,Мобильное приложение,Назначено,0,0,,Из бюджета
D00730,2026-08-04,990084300084,Жамбылская,Штраф,Административный штраф,65405,Банк,Просрочено,18,0,,В бюджет
D00731,2026-08-04,990097300097,Акмолинская,Штраф,Штраф за парковку,90831,Банк,Просрочено,85,0,,В бюджет
D00732,2026-08-05,990081300081,Восточно-Казахстанская,Субсидия,Агросубсидия,69339,ЦОН,На рассмотрении,0,0,,Из бюджета
D00733,2026-08-06,990068300068,Алматы,Субсидия,Агросубсидия,111731,eGov,На рассмотрении,0,0,,Из бюджета
D00734,2026-08-06,990082300082,Актюбинская,Субсидия,Субсидия на коммунальные услуги,199234,ЦОН,Назначено,0,0,,Из бюджета
D00735,2026-08-06,990098300098,Северо-Казахстанская,Штраф,Административный штраф,40879,ЦОН,Ожидает оплаты,0,0,,В бюджет
D00736,2026-08-06,990103300103,Жамбылская,Налог,Налог на имущество,44320,Банк,Ожидает оплаты,0,0,,В бюджет
D00737,2026-08-06,990097300097,Кызылординская,Субсидия,Жилищная помощь,40594,ЦОН,Отказано,0,1,Отказ по субсидии: в регионе доля отказов заметно выше средней,Из бюджета
D00738,2026-08-07,990004300004,Карагандинская,Пошлина,Госпошлина за регистрацию авто,28684,Банк,Ожидает оплаты,0,0,,В бюджет
D00739,2026-08-07,990019300019,Атырауская,Налог,Земельный налог,85469,Банк,Ожидает оплаты,0,0,,В бюджет
D00740,2026-08-07,990031300031,Атырауская,Субсидия,Субсидия на коммунальные услуги,314692,Мобильное приложение,Отказано,0,0,,Из бюджета
D00741,2026-08-07,990037300037,Мангистауская,Субсидия,Жилищная помощь,261258,eGov,На рассмотрении,0,0,,Из бюджета
D00742,2026-08-07,990091300091,Мангистауская,Штраф,Штраф за парковку,89845,eGov,Ожидает оплаты,0,0,,В бюджет
D00743,2026-08-07,990097300097,Акмолинская,Субсидия,Субсидия на коммунальные услуги,377672,eGov,Отказано,0,0,,Из бюджета
D00744,2026-08-07,990110300110,Астана,Штраф,Штраф за парковку,66271,ЦОН,Оплачено,0,0,,В бюджет
D00745,2026-08-08,990030300030,Шымкент,Пособие,Адресная социальная помощь,147798,eGov,Назначено,0,0,,Из бюджета
D00746,2026-08-08,990031300031,Атырауская,Пошлина,Госпошлина за регистрацию авто,9930,eGov,Оплачено,0,0,,В бюджет
D00747,2026-08-08,990075300075,Атырауская,Пошлина,Пошлина за загранпаспорт,27336,Банк,Просрочено,168,0,,В бюджет
D00748,2026-08-08,990080300080,Туркестанская,Субсидия,Жилищная помощь,268058,ЦОН,Назначено,0,0,,Из бюджета
D00749,2026-08-09,990003300003,Костанайская,Пособие,Пособие по уходу за ребёнком,149666,ЦОН,На рассмотрении,0,0,,Из бюджета
D00750,2026-08-09,990011300011,Карагандинская,Пособие,Адресная социальная помощь,80223,ЦОН,На рассмотрении,0,0,,Из бюджета
D00751,2026-08-09,990053300053,Атырауская,Пособие,Пособие по уходу за ребёнком,37326,ЦОН,Назначено,0,0,,Из бюджета
D00752,2026-08-09,990077300077,Восточно-Казахстанская,Субсидия,Субсидия на коммунальные услуги,337342,eGov,Назначено,0,0,,Из бюджета
D00753,2026-08-09,990110300110,Астана,Налог,ИПН индивидуального предпринимателя,31584,Мобильное приложение,Оплачено,0,0,,В бюджет
D00754,2026-08-09,990093300093,Кызылординская,Субсидия,Жилищная помощь,54384,ЦОН,Отказано,0,1,Отказ по субсидии: в регионе доля отказов заметно выше средней,Из бюджета
D00755,2026-08-10,990038300038,Северо-Казахстанская,Штраф,Штраф за парковку,21769,Банк,Оплачено,0,0,,В бюджет
D00756,2026-08-10,990038300038,Северо-Казахстанская,Субсидия,Жилищная помощь,312355,Мобильное приложение,На рассмотрении,0,0,,Из бюджета
D00757,2026-08-11,990035300035,Костанайская,Штраф,Штраф за парковку,72286,Банк,Оплачено,0,0,,В бюджет
D00758,2026-08-11,990041300041,Павлодарская,Субсидия,Агросубсидия,299139,ЦОН,Отказано,0,0,,Из бюджета
D00759,2026-08-11,990090300090,Алматинская,Налог,ИПН индивидуального предпринимателя,116858,ЦОН,Просрочено,69,0,,В бюджет
D00760,2026-08-11,990096300096,Алматинская,Пошлина,Пошлина за загранпаспорт,13254,Банк,Оплачено,0,0,,В бюджет
D00761,2026-08-11,990102300102,Жамбылская,Пошлина,Госпошлина за регистрацию авто,13534,ЦОН,Оплачено,0,0,,В бюджет
D00762,2026-08-11,990113300113,Алматы,Субсидия,Агросубсидия,44523,Мобильное приложение,Отказано,0,0,,Из бюджета
D00763,2026-08-11,990113300113,Алматы,Пособие,Адресная социальная помощь,61802,eGov,Назначено,0,0,,Из бюджета
D00764,2026-08-12,990012300012,Восточно-Казахстанская,Пособие,Пособие по уходу за ребёнком,129983,Банк,На рассмотрении,0,0,,Из бюджета
D00765,2026-08-12,990071300071,Алматинская,Пособие,Пособие по инвалидности,65766,Банк,Отказано,0,0,,Из бюджета
D00766,2026-08-12,990076300076,Туркестанская,Налог,Земельный налог,114073,Мобильное приложение,Оплачено,0,0,,В бюджет
D00767,2026-08-12,990113300113,Алматы,Пособие,Адресная социальная помощь,101438,eGov,На рассмотрении,0,0,,Из бюджета
D00768,2026-08-12,990116300116,Павлодарская,Субсидия,Жилищная помощь,257287,Мобильное приложение,На рассмотрении,0,0,,Из бюджета
D00769,2026-08-12,990116300116,Павлодарская,Штраф,Штраф за парковку,93501,eGov,Ожидает оплаты,0,0,,В бюджет
D00770,2026-08-12,990118300118,Алматы,Налог,ИПН индивидуального предпринимателя,107256,eGov,Оплачено,0,0,,В бюджет
D00771,2026-08-13,990028300028,Павлодарская,Пособие,Адресная социальная помощь,109777,Мобильное приложение,Назначено,0,0,,Из бюджета
D00772,2026-08-13,990029300029,Акмолинская,Налог,Налог на транспорт,32981,Мобильное приложение,Ожидает оплаты,0,0,,В бюджет
D00773,2026-08-13,990030300030,Шымкент,Пошлина,Госпошлина за регистрацию авто,21667,Мобильное приложение,Оплачено,0,0,,В бюджет
D00774,2026-08-13,990084300084,Жамбылская,Субсидия,Жилищная помощь,320092,Банк,На рассмотрении,0,0,,Из бюджета
D00775,2026-08-14,990022300022,Жамбылская,Пошлина,Госпошлина за регистрацию авто,23916,Банк,Оплачено,0,0,,В бюджет
D00776,2026-08-14,990060300060,Туркестанская,Налог,ИПН индивидуального предпринимателя,78379,eGov,Оплачено,0,0,,В бюджет
D00777,2026-08-15,990031300031,Атырауская,Субсидия,Агросубсидия,320006,ЦОН,На рассмотрении,0,0,,Из бюджета
D00778,2026-08-15,990042300042,Алматинская,Штраф,Штраф за превышение скорости,68707,ЦОН,Оплачено,0,0,,В бюджет
D00779,2026-08-15,990045300045,Кызылординская,Налог,ИПН индивидуального предпринимателя,82452,Мобильное приложение,Оплачено,0,0,,В бюджет
D00780,2026-08-15,990077300077,Восточно-Казахстанская,Штраф,Штраф за парковку,88889,Банк,Оплачено,0,0,,В бюджет
D00781,2026-08-16,990041300041,Павлодарская,Пособие,Пособие по инвалидности,84885,ЦОН,На рассмотрении,0,0,,Из бюджета
D00782,2026-08-16,990049300049,Туркестанская,Налог,ИПН индивидуального предпринимателя,6363,Банк,Оплачено,0,0,,В бюджет
D00783,2026-08-16,990070300070,Павлодарская,Пошлина,Пошлина за загранпаспорт,24825,Мобильное приложение,Просрочено,20,0,,В бюджет
D00784,2026-08-16,990087300087,Карагандинская,Субсидия,Жилищная помощь,45456,Мобильное приложение,Назначено,0,0,,Из бюджета
D00785,2026-08-16,990088300088,Павлодарская,Налог,Налог на транспорт,101806,ЦОН,Оплачено,0,0,,В бюджет
D00786,2026-08-16,990116300116,Павлодарская,Налог,ИПН индивидуального предпринимателя,22869,Мобильное приложение,Оплачено,0,0,,В бюджет
D00787,2026-08-17,990004300004,Карагандинская,Субсидия,Жилищная помощь,168348,ЦОН,Назначено,0,0,,Из бюджета
D00788,2026-08-17,990021300021,Актюбинская,Субсидия,Субсидия на коммунальные услуги,261916,Мобильное приложение,Отказано,0,0,,Из бюджета
D00789,2026-08-17,990044300044,Северо-Казахстанская,Субсидия,Жилищная помощь,186768,eGov,Назначено,0,0,,Из бюджета
D00790,2026-08-17,990066300066,Восточно-Казахстанская,Субсидия,Агросубсидия,380896,Мобильное приложение,Назначено,0,0,,Из бюджета
D00791,2026-08-18,990024300024,Северо-Казахстанская,Пособие,Адресная социальная помощь,37419,Банк,Назначено,0,0,,Из бюджета
D00792,2026-08-18,990053300053,Атырауская,Налог,ИПН индивидуального предпринимателя,71958,Мобильное приложение,Ожидает оплаты,0,0,,В бюджет
D00793,2026-08-18,990103300103,Жамбылская,Пошлина,Пошлина за загранпаспорт,23606,eGov,Оплачено,0,0,,В бюджет
D00794,2026-08-18,990114300114,Алматинская,Штраф,Штраф за парковку,54786,Мобильное приложение,Оплачено,0,0,,В бюджет
D00795,2026-08-18,990120300120,Актюбинская,Субсидия,Субсидия на коммунальные услуги,239868,Банк,Отказано,0,0,,Из бюджета
D00796,2026-08-18,990077300077,Алматы,Налог,Налог на имущество,543620,eGov,Просрочено,311,1,Просрочка больше 200 дней и крупная сумма,В бюджет
D00797,2026-08-19,990019300019,Атырауская,Штраф,Административный штраф,54592,Мобильное приложение,Ожидает оплаты,0,0,,В бюджет
D00798,2026-08-19,990039300039,Мангистауская,Субсидия,Жилищная помощь,172949,Мобильное приложение,На рассмотрении,0,0,,Из бюджета
D00799,2026-08-19,990041300041,Павлодарская,Пособие,Пособие по инвалидности,121346,eGov,Назначено,0,0,,Из бюджета
D00800,2026-08-19,990048300048,Жамбылская,Пошлина,Пошлина за регистрацию недвижимости,25251,Мобильное приложение,Ожидает оплаты,0,0,,В бюджет
D00801,2026-08-19,990081300081,Восточно-Казахстанская,Налог,Налог на транспорт,44256,Банк,Оплачено,0,0,,В бюджет
D00802,2026-08-19,990082300082,Актюбинская,Пошлина,Пошлина за загранпаспорт,18672,Банк,Оплачено,0,0,,В бюджет
D00803,2026-08-19,990100300100,Шымкент,Пошлина,Госпошлина за регистрацию авто,4223,Мобильное приложение,Ожидает оплаты,0,0,,В бюджет
D00804,2026-08-19,990101300101,Жамбылская,Штраф,Штраф за парковку,52047,Банк,Оплачено,0,0,,В бюджет
D00805,2026-08-19,990104300104,Туркестанская,Пособие,Адресная социальная помощь,44826,eGov,На рассмотрении,0,0,,Из бюджета
D00806,2026-08-19,990107300107,Атырауская,Пошлина,Пошлина за загранпаспорт,28105,Банк,Просрочено,158,0,,В бюджет
D00807,2026-08-19,990107300107,Атырауская,Субсидия,Агросубсидия,231882,Мобильное приложение,Назначено,0,0,,Из бюджета
D00808,2026-08-19,990108300108,Костанайская,Пошлина,Госпошлина за регистрацию авто,15062,eGov,Оплачено,0,0,,В бюджет
D00809,2026-08-20,990008300008,Кызылординская,Налог,Земельный налог,18274,eGov,Оплачено,0,0,,В бюджет
D00810,2026-08-20,990051300051,Костанайская,Субсидия,Жилищная помощь,39717,Банк,Отказано,0,0,,Из бюджета
D00811,2026-08-20,990062300062,Алматы,Штраф,Штраф за превышение скорости,26106,eGov,Ожидает оплаты,0,0,,В бюджет
D00812,2026-08-20,990088300088,Павлодарская,Пособие,Адресная социальная помощь,121846,Мобильное приложение,Отказано,0,0,,Из бюджета
D00813,2026-08-20,990106300106,Жамбылская,Налог,ИПН индивидуального предпринимателя,26835,Мобильное приложение,Просрочено,214,0,,В бюджет
D00814,2026-08-21,990011300011,Карагандинская,Пошлина,Пошлина за регистрацию недвижимости,16262,eGov,Оплачено,0,0,,В бюджет
D00815,2026-08-21,990018300018,Северо-Казахстанская,Пошлина,Госпошлина за регистрацию авто,29827,eGov,Просрочено,82,0,,В бюджет
D00816,2026-08-21,990041300041,Павлодарская,Штраф,Штраф за превышение скорости,96160,Банк,Просрочено,128,0,,В бюджет
D00817,2026-08-21,990046300046,Алматы,Субсидия,Субсидия на коммунальные услуги,141185,eGov,Назначено,0,0,,Из бюджета
D00818,2026-08-21,990047300047,Восточно-Казахстанская,Пошлина,Госпошлина за регистрацию авто,17528,Мобильное приложение,Ожидает оплаты,0,0,,В бюджет
D00819,2026-08-21,990055300055,Мангистауская,Пошлина,Пошлина за регистрацию недвижимости,16815,ЦОН,Ожидает оплаты,0,0,,В бюджет
D00820,2026-08-21,990098300098,Северо-Казахстанская,Пошлина,Пошлина за регистрацию недвижимости,9194,ЦОН,Оплачено,0,0,,В бюджет
D00821,2026-08-22,990081300081,Восточно-Казахстанская,Штраф,Штраф за превышение скорости,85989,Банк,Оплачено,0,0,,В бюджет
D00822,2026-08-22,990116300116,Павлодарская,Субсидия,Субсидия на коммунальные услуги,46832,Банк,Отказано,0,0,,Из бюджета
D00823,2026-08-23,990021300021,Актюбинская,Штраф,Штраф за парковку,23101,Мобильное приложение,Оплачено,0,0,,В бюджет
D00824,2026-08-23,990037300037,Мангистауская,Пошлина,Госпошлина за регистрацию авто,6379,Банк,Просрочено,153,0,,В бюджет
D00825,2026-08-23,990058300058,Туркестанская,Штраф,Штраф за парковку,59258,ЦОН,Оплачено,0,0,,В бюджет
D00826,2026-08-23,990096300096,Алматинская,Налог,Земельный налог,84832,Мобильное приложение,Просрочено,70,0,,В бюджет
D00827,2026-08-23,990114300114,Алматинская,Субсидия,Жилищная помощь,314256,Банк,Отказано,0,0,,Из бюджета
D00828,2026-08-24,990002300002,Алматинская,Налог,ИПН индивидуального предпринимателя,35790,ЦОН,Оплачено,0,0,,В бюджет
D00829,2026-08-24,990028300028,Павлодарская,Штраф,Штраф за парковку,38047,Банк,Оплачено,0,0,,В бюджет
D00830,2026-08-24,990042300042,Алматинская,Штраф,Штраф за превышение скорости,76296,Банк,Оплачено,0,0,,В бюджет
D00831,2026-08-24,990067300067,Кызылординская,Пошлина,Пошлина за регистрацию недвижимости,28538,Мобильное приложение,Оплачено,0,0,,В бюджет
D00832,2026-08-25,990034300034,Акмолинская,Штраф,Штраф за превышение скорости,65333,ЦОН,Ожидает оплаты,0,0,,В бюджет
D00833,2026-08-25,990043300043,Актюбинская,Субсидия,Жилищная помощь,336646,ЦОН,Назначено,0,0,,Из бюджета
D00834,2026-08-25,990051300051,Костанайская,Пособие,Пособие по уходу за ребёнком,115605,ЦОН,Отказано,0,0,,Из бюджета
D00835,2026-08-25,990061300061,Астана,Пособие,Адресная социальная помощь,44664,eGov,Назначено,0,0,,Из бюджета
D00836,2026-08-25,990078300078,Акмолинская,Пошлина,Госпошлина за регистрацию авто,20642,eGov,Оплачено,0,0,,В бюджет
D00837,2026-08-26,990015300015,Актюбинская,Штраф,Административный штраф,12311,Банк,Оплачено,0,0,,В бюджет
D00838,2026-08-26,990046300046,Алматы,Пошлина,Госпошлина за регистрацию авто,24750,Банк,Просрочено,79,0,,В бюджет
D00839,2026-08-26,990052300052,Акмолинская,Штраф,Административный штраф,72546,Мобильное приложение,Оплачено,0,0,,В бюджет
D00840,2026-08-26,990054300054,Шымкент,Пошлина,Пошлина за загранпаспорт,22941,eGov,Оплачено,0,0,,В бюджет
D00841,2026-08-26,990093300093,Туркестанская,Субсидия,Субсидия на коммунальные услуги,99938,eGov,Отказано,0,0,,Из бюджета
D00842,2026-08-26,990093300093,Туркестанская,Штраф,Штраф за парковку,32840,Банк,Просрочено,147,0,,В бюджет
D00843,2026-08-26,990098300098,Северо-Казахстанская,Пособие,Адресная социальная помощь,47486,ЦОН,На рассмотрении,0,0,,Из бюджета
D00844,2026-08-26,990099300099,Акмолинская,Налог,Налог на транспорт,45375,ЦОН,Ожидает оплаты,0,0,,В бюджет
D00845,2026-08-27,990007300007,Атырауская,Пошлина,Госпошлина за регистрацию авто,28335,ЦОН,Ожидает оплаты,0,0,,В бюджет
D00846,2026-08-27,990022300022,Жамбылская,Налог,Земельный налог,95690,eGov,Оплачено,0,0,,В бюджет
D00847,2026-08-27,990034300034,Акмолинская,Штраф,Административный штраф,69139,eGov,Оплачено,0,0,,В бюджет
D00848,2026-08-27,990120300120,Актюбинская,Пособие,Пособие по уходу за ребёнком,52201,ЦОН,Назначено,0,0,,Из бюджета
D00849,2026-08-28,990003300003,Костанайская,Пошлина,Пошлина за загранпаспорт,22790,Мобильное приложение,Просрочено,142,0,,В бюджет
D00850,2026-08-28,990023300023,Костанайская,Субсидия,Субсидия на коммунальные услуги,166377,Банк,Назначено,0,0,,Из бюджета
D00851,2026-08-28,990039300039,Мангистауская,Налог,Земельный налог,82488,Мобильное приложение,Оплачено,0,0,,В бюджет
D00852,2026-08-28,990064300064,Костанайская,Пошлина,Пошлина за загранпаспорт,12109,eGov,Оплачено,0,0,,В бюджет
D00853,2026-08-28,990074300074,Жамбылская,Пошлина,Пошлина за загранпаспорт,20800,Мобильное приложение,Ожидает оплаты,0,0,,В бюджет
D00854,2026-08-28,990074300074,Жамбылская,Штраф,Штраф за парковку,44945,eGov,Ожидает оплаты,0,0,,В бюджет
D00855,2026-08-28,990082300082,Актюбинская,Налог,Налог на транспорт,68621,Мобильное приложение,Просрочено,193,0,,В бюджет
D00856,2026-08-28,990086300086,Алматы,Налог,Налог на транспорт,66506,eGov,Ожидает оплаты,0,0,,В бюджет
D00857,2026-08-29,990024300024,Северо-Казахстанская,Пособие,Пособие по инвалидности,143673,Мобильное приложение,На рассмотрении,0,0,,Из бюджета
D00858,2026-08-29,990070300070,Павлодарская,Налог,Земельный налог,97941,Мобильное приложение,Оплачено,0,0,,В бюджет
D00859,2026-08-29,990083300083,Кызылординская,Субсидия,Жилищная помощь,367250,Банк,Отказано,0,0,,Из бюджета
D00860,2026-08-29,990090300090,Алматинская,Субсидия,Субсидия на коммунальные услуги,271860,Банк,Назначено,0,0,,Из бюджета
D00861,2026-08-29,990100300100,Шымкент,Субсидия,Субсидия на коммунальные услуги,358446,Банк,Отказано,0,0,,Из бюджета
D00862,2026-08-30,990039300039,Мангистауская,Субсидия,Жилищная помощь,175393,Банк,На рассмотрении,0,0,,Из бюджета
D00863,2026-08-30,990088300088,Павлодарская,Налог,Налог на транспорт,98454,Мобильное приложение,Просрочено,166,0,,В бюджет
D00864,2026-08-31,990003300003,Костанайская,Пошлина,Пошлина за регистрацию недвижимости,3311,Мобильное приложение,Ожидает оплаты,0,0,,В бюджет
D00865,2026-08-31,990031300031,Атырауская,Субсидия,Агросубсидия,154603,ЦОН,Назначено,0,0,,Из бюджета
D00866,2026-08-31,990054300054,Шымкент,Штраф,Административный штраф,96932,Банк,Ожидает оплаты,0,0,,В бюджет
D00867,2026-08-31,990108300108,Костанайская,Пошлина,Пошлина за регистрацию недвижимости,21531,eGov,Ожидает оплаты,0,0,,В бюджет
D00868,2026-08-31,990112300112,Костанайская,Субсидия,Агросубсидия,239806,ЦОН,На рассмотрении,0,0,,Из бюджета
D00869,2026-08-31,990117300117,Карагандинская,Субсидия,Агросубсидия,254105,ЦОН,Назначено,0,0,,Из бюджета
D00870,2026-08-31,990118300118,Алматы,Пособие,Пособие по уходу за ребёнком,63873,eGov,Назначено,0,0,,Из бюджета
D00871,2026-09-01,990094300094,Алматы,Пособие,Пособие по уходу за ребёнком,127907,Мобильное приложение,Назначено,0,0,,Из бюджета
D00872,2026-09-02,990002300002,Алматинская,Налог,Налог на транспорт,46283,Банк,Ожидает оплаты,0,0,,В бюджет
D00873,2026-09-02,990035300035,Костанайская,Штраф,Административный штраф,48205,Мобильное приложение,Оплачено,0,0,,В бюджет
D00874,2026-09-02,990050300050,Алматинская,Налог,Налог на имущество,101448,Банк,Ожидает оплаты,0,0,,В бюджет
D00875,2026-09-02,990064300064,Костанайская,Налог,Налог на имущество,97874,Банк,Оплачено,0,0,,В бюджет
D00876,2026-09-02,990072300072,Алматинская,Штраф,Штраф за парковку,34248,Мобильное приложение,Ожидает оплаты,0,0,,В бюджет
D00877,2026-09-02,990119300119,Актюбинская,Пособие,Пособие по уходу за ребёнком,60282,Банк,Отказано,0,0,,Из бюджета
D00878,2026-09-02,990091300091,Кызылординская,Субсидия,Жилищная помощь,111487,ЦОН,Отказано,0,1,Отказ по субсидии: в регионе доля отказов заметно выше средней,Из бюджета
D00879,2026-09-02,990096300096,Кызылординская,Субсидия,Жилищная помощь,54863,ЦОН,Отказано,0,1,Отказ по субсидии: в регионе доля отказов заметно выше средней,Из бюджета
D00880,2026-09-03,990002300002,Алматинская,Штраф,Административный штраф,34028,eGov,Оплачено,0,0,,В бюджет
D00881,2026-09-03,990022300022,Жамбылская,Налог,Земельный налог,5931,eGov,Ожидает оплаты,0,0,,В бюджет
D00882,2026-09-03,990027300027,Акмолинская,Штраф,Штраф за парковку,86064,eGov,Просрочено,62,0,,В бюджет
D00883,2026-09-03,990028300028,Павлодарская,Налог,ИПН индивидуального предпринимателя,81123,Мобильное приложение,Оплачено,0,0,,В бюджет
D00884,2026-09-03,990069300069,Мангистауская,Субсидия,Агросубсидия,41467,ЦОН,Отказано,0,0,,Из бюджета
D00885,2026-09-03,990082300082,Актюбинская,Пособие,Пособие по инвалидности,135174,Мобильное приложение,На рассмотрении,0,0,,Из бюджета
D00886,2026-09-03,990113300113,Алматы,Пособие,Адресная социальная помощь,75608,eGov,Назначено,0,0,,Из бюджета
D00887,2026-09-04,990008300008,Кызылординская,Пошлина,Пошлина за загранпаспорт,5996,Банк,Оплачено,0,0,,В бюджет
D00888,2026-09-04,990018300018,Северо-Казахстанская,Субсидия,Субсидия на коммунальные услуги,240393,eGov,Отказано,0,0,,Из бюджета
D00889,2026-09-04,990056300056,Карагандинская,Налог,Налог на имущество,98231,Банк,Оплачено,0,0,,В бюджет
D00890,2026-09-05,990016300016,Северо-Казахстанская,Пособие,Пособие по инвалидности,90218,Банк,Назначено,0,0,,Из бюджета
D00891,2026-09-05,990024300024,Северо-Казахстанская,Пошлина,Пошлина за регистрацию недвижимости,4322,Мобильное приложение,Ожидает оплаты,0,0,,В бюджет
D00892,2026-09-05,990035300035,Костанайская,Пособие,Адресная социальная помощь,30294,Банк,На рассмотрении,0,0,,Из бюджета
D00893,2026-09-05,990045300045,Кызылординская,Пошлина,Госпошлина за регистрацию авто,24570,Мобильное приложение,Оплачено,0,0,,В бюджет
D00894,2026-09-05,990083300083,Кызылординская,Субсидия,Субсидия на коммунальные услуги,331190,eGov,Назначено,0,0,,Из бюджета
D00895,2026-09-05,990094300094,Алматы,Субсидия,Агросубсидия,172201,Мобильное приложение,Назначено,0,0,,Из бюджета
D00896,2026-09-05,990106300106,Жамбылская,Субсидия,Субсидия на коммунальные услуги,323872,eGov,Отказано,0,0,,Из бюджета
D00897,2026-09-05,990109300109,Шымкент,Субсидия,Субсидия на коммунальные услуги,92624,Банк,Назначено,0,0,,Из бюджета
D00898,2026-09-05,990118300118,Алматы,Пособие,Пособие по инвалидности,99515,Мобильное приложение,Назначено,0,0,,Из бюджета
D00899,2026-09-06,990009300009,Павлодарская,Пошлина,Пошлина за регистрацию недвижимости,4430,Мобильное приложение,Оплачено,0,0,,В бюджет
D00900,2026-09-06,990021300021,Актюбинская,Пошлина,Госпошлина за регистрацию авто,3751,Мобильное приложение,Оплачено,0,0,,В бюджет
D00901,2026-09-06,990055300055,Мангистауская,Субсидия,Субсидия на коммунальные услуги,160234,Мобильное приложение,Назначено,0,0,,Из бюджета
D00902,2026-09-06,990120300120,Актюбинская,Субсидия,Субсидия на коммунальные услуги,248498,ЦОН,Отказано,0,0,,Из бюджета
D00903,2026-09-07,990014300014,Алматинская,Налог,Налог на имущество,27926,eGov,Оплачено,0,0,,В бюджет
D00904,2026-09-07,990020300020,Мангистауская,Налог,ИПН индивидуального предпринимателя,11233,Банк,Просрочено,123,0,,В бюджет
D00905,2026-09-07,990077300077,Восточно-Казахстанская,Налог,ИПН индивидуального предпринимателя,81091,Банк,Оплачено,0,0,,В бюджет
D00906,2026-09-07,990092300092,Алматинская,Пособие,Пособие по инвалидности,127557,ЦОН,Назначено,0,0,,Из бюджета
D00907,2026-09-07,990114300114,Алматинская,Пошлина,Госпошлина за регистрацию авто,28872,eGov,Оплачено,0,0,,В бюджет
D00908,2026-09-07,990092300092,Кызылординская,Субсидия,Жилищная помощь,114425,ЦОН,Отказано,0,1,Отказ по субсидии: в регионе доля отказов заметно выше средней,Из бюджета
D00909,2026-09-08,990003300003,Костанайская,Пособие,Пособие по уходу за ребёнком,132638,ЦОН,Назначено,0,0,,Из бюджета
D00910,2026-09-08,990018300018,Северо-Казахстанская,Пособие,Пособие по инвалидности,54178,Банк,Назначено,0,0,,Из бюджета
D00911,2026-09-08,990022300022,Жамбылская,Пошлина,Пошлина за регистрацию недвижимости,23034,ЦОН,Просрочено,69,0,,В бюджет
D00912,2026-09-08,990029300029,Акмолинская,Субсидия,Агросубсидия,371937,Банк,Отказано,0,0,,Из бюджета
D00913,2026-09-08,990037300037,Мангистауская,Пошлина,Пошлина за регистрацию недвижимости,19711,Мобильное приложение,Просрочено,111,0,,В бюджет
D00914,2026-09-08,990057300057,Алматы,Пособие,Пособие по уходу за ребёнком,97178,Банк,Отказано,0,0,,Из бюджета
D00915,2026-09-08,990105300105,Павлодарская,Налог,Налог на имущество,62491,Банк,Оплачено,0,0,,В бюджет
D00916,2026-09-09,990029300029,Акмолинская,Штраф,Штраф за парковку,16146,Мобильное приложение,Оплачено,0,0,,В бюджет
D00917,2026-09-09,990054300054,Шымкент,Субсидия,Субсидия на коммунальные услуги,115787,Мобильное приложение,Отказано,0,0,,Из бюджета
D00918,2026-09-09,990077300077,Восточно-Казахстанская,Субсидия,Субсидия на коммунальные услуги,289691,ЦОН,На рассмотрении,0,0,,Из бюджета
D00919,2026-09-09,990101300101,Жамбылская,Пособие,Пособие по инвалидности,92411,Мобильное приложение,Назначено,0,0,,Из бюджета
D00920,2026-09-10,990015300015,Актюбинская,Пособие,Пособие по уходу за ребёнком,79190,Банк,Отказано,0,0,,Из бюджета
D00921,2026-09-10,990023300023,Костанайская,Субсидия,Агросубсидия,111906,eGov,На рассмотрении,0,0,,Из бюджета
D00922,2026-09-10,990034300034,Акмолинская,Субсидия,Субсидия на коммунальные услуги,353133,eGov,Назначено,0,0,,Из бюджета
D00923,2026-09-10,990053300053,Атырауская,Штраф,Штраф за парковку,70568,ЦОН,Оплачено,0,0,,В бюджет
D00924,2026-09-10,990062300062,Алматы,Налог,Налог на транспорт,31795,Банк,Ожидает оплаты,0,0,,В бюджет
D00925,2026-09-10,990087300087,Карагандинская,Пошлина,Госпошлина за регистрацию авто,22782,Банк,Просрочено,61,0,,В бюджет
D00926,2026-09-10,990114300114,Алматинская,Пошлина,Госпошлина за регистрацию авто,4754,Мобильное приложение,Оплачено,0,0,,В бюджет
D00927,2026-09-11,990004300004,Карагандинская,Пошлина,Госпошлина за регистрацию авто,26310,Банк,Просрочено,238,0,,В бюджет
D00928,2026-09-11,990017300017,Восточно-Казахстанская,Налог,Земельный налог,85203,ЦОН,Оплачено,0,0,,В бюджет
D00929,2026-09-11,990021300021,Актюбинская,Пошлина,Пошлина за регистрацию недвижимости,5579,Мобильное приложение,Ожидает оплаты,0,0,,В бюджет
D00930,2026-09-11,990074300074,Жамбылская,Налог,Налог на транспорт,43673,Банк,Ожидает оплаты,0,0,,В бюджет
D00931,2026-09-12,990034300034,Акмолинская,Штраф,Штраф за превышение скорости,41707,Банк,Оплачено,0,0,,В бюджет
D00932,2026-09-12,990065300065,Туркестанская,Налог,ИПН индивидуального предпринимателя,20782,ЦОН,Оплачено,0,0,,В бюджет
D00933,2026-09-12,990088300088,Павлодарская,Пособие,Пособие по уходу за ребёнком,64152,ЦОН,Назначено,0,0,,Из бюджета
D00934,2026-09-12,990089300089,Кызылординская,Субсидия,Жилищная помощь,46773,ЦОН,Отказано,0,1,Отказ по субсидии: в регионе доля отказов заметно выше средней,Из бюджета
D00935,2026-09-13,990042300042,Алматинская,Пошлина,Пошлина за загранпаспорт,6131,Мобильное приложение,Оплачено,0,0,,В бюджет
D00936,2026-09-13,990049300049,Туркестанская,Налог,Налог на транспорт,62484,Мобильное приложение,Оплачено,0,0,,В бюджет
D00937,2026-09-13,990065300065,Туркестанская,Штраф,Штраф за превышение скорости,13118,ЦОН,Ожидает оплаты,0,0,,В бюджет
D00938,2026-09-13,990088300088,Павлодарская,Налог,Налог на транспорт,102910,Мобильное приложение,Оплачено,0,0,,В бюджет
D00939,2026-09-14,990001300001,Акмолинская,Пошлина,Пошлина за регистрацию недвижимости,18658,ЦОН,Оплачено,0,0,,В бюджет
D00940,2026-09-14,990014300014,Алматинская,Налог,Земельный налог,30786,eGov,Просрочено,18,0,,В бюджет
D00941,2026-09-14,990037300037,Мангистауская,Налог,Налог на транспорт,10228,Банк,Оплачено,0,0,,В бюджет
D00942,2026-09-14,990058300058,Туркестанская,Пособие,Адресная социальная помощь,50290,ЦОН,Назначено,0,0,,Из бюджета
D00943,2026-09-14,990067300067,Кызылординская,Пошлина,Пошлина за регистрацию недвижимости,28538,Мобильное приложение,Оплачено,0,0,,В бюджет
D00944,2026-09-14,990079300079,Астана,Штраф,Административный штраф,86560,Мобильное приложение,Ожидает оплаты,0,0,,В бюджет
D00945,2026-09-14,990108300108,Костанайская,Пошлина,Пошлина за регистрацию недвижимости,7146,Мобильное приложение,Ожидает оплаты,0,0,,В бюджет
D00946,2026-09-14,990114300114,Алматинская,Субсидия,Субсидия на коммунальные услуги,63366,Банк,Назначено,0,0,,Из бюджета
D00947,2026-09-15,990021300021,Актюбинская,Субсидия,Жилищная помощь,297304,Мобильное приложение,Отказано,0,0,,Из бюджета
D00948,2026-09-15,990034300034,Акмолинская,Налог,Земельный налог,46052,eGov,Оплачено,0,0,,В бюджет
D00949,2026-09-15,990044300044,Северо-Казахстанская,Пособие,Пособие по уходу за ребёнком,110341,ЦОН,Отказано,0,0,,Из бюджета
D00950,2026-09-15,990049300049,Туркестанская,Субсидия,Агросубсидия,113567,eGov,Назначено,0,0,,Из бюджета
D00951,2026-09-15,990077300077,Восточно-Казахстанская,Субсидия,Агросубсидия,398032,eGov,Назначено,0,0,,Из бюджета
D00952,2026-09-15,990081300081,Восточно-Казахстанская,Пособие,Адресная социальная помощь,39838,Мобильное приложение,Отказано,0,0,,Из бюджета
D00953,2026-09-15,990089300089,Атырауская,Субсидия,Агросубсидия,360775,Мобильное приложение,На рассмотрении,0,0,,Из бюджета
D00954,2026-09-15,990111300111,Актюбинская,Штраф,Штраф за парковку,58801,ЦОН,Просрочено,89,0,,В бюджет
D00955,2026-09-15,990111300111,Актюбинская,Субсидия,Субсидия на коммунальные услуги,398404,ЦОН,Назначено,0,0,,Из бюджета
D00956,2026-09-16,990004300004,Карагандинская,Пособие,Пособие по инвалидности,120729,ЦОН,Назначено,0,0,,Из бюджета
D00957,2026-09-16,990053300053,Атырауская,Налог,Налог на транспорт,17577,ЦОН,Оплачено,0,0,,В бюджет
D00958,2026-09-16,990107300107,Атырауская,Пошлина,Пошлина за регистрацию недвижимости,12944,Банк,Оплачено,0,0,,В бюджет
D00959,2026-09-16,990110300110,Астана,Субсидия,Жилищная помощь,86132,Мобильное приложение,На рассмотрении,0,0,,Из бюджета
D00960,2026-09-17,990008300008,Кызылординская,Субсидия,Агросубсидия,332329,Банк,Назначено,0,0,,Из бюджета
D00961,2026-09-17,990010300010,Алматы,Пособие,Пособие по инвалидности,140096,Банк,Назначено,0,0,,Из бюджета
D00962,2026-09-17,990035300035,Костанайская,Пошлина,Пошлина за загранпаспорт,4424,Банк,Просрочено,80,0,,В бюджет
D00963,2026-09-17,990046300046,Алматы,Субсидия,Жилищная помощь,141653,ЦОН,На рассмотрении,0,0,,Из бюджета
D00964,2026-09-17,990074300074,Жамбылская,Пошлина,Госпошлина за регистрацию авто,27141,Мобильное приложение,Просрочено,200,0,,В бюджет
D00965,2026-09-17,990089300089,Атырауская,Пособие,Адресная социальная помощь,70483,eGov,Назначено,0,0,,Из бюджета
D00966,2026-09-17,990091300091,Мангистауская,Пошлина,Госпошлина за регистрацию авто,11823,eGov,Оплачено,0,0,,В бюджет
D00967,2026-09-17,990091300091,Мангистауская,Пошлина,Пошлина за регистрацию недвижимости,29123,eGov,Просрочено,108,0,,В бюджет
D00968,2026-09-18,990115300115,Алматинская,Налог,Налог на транспорт,21718,eGov,Оплачено,0,0,,В бюджет
D00969,2026-09-19,990007300007,Атырауская,Пошлина,Госпошлина за регистрацию авто,9070,ЦОН,Оплачено,0,0,,В бюджет
D00970,2026-09-19,990009300009,Павлодарская,Налог,Земельный налог,94974,Мобильное приложение,Оплачено,0,0,,В бюджет
D00971,2026-09-19,990027300027,Акмолинская,Субсидия,Агросубсидия,383951,Банк,Назначено,0,0,,Из бюджета
D00972,2026-09-19,990030300030,Шымкент,Субсидия,Агросубсидия,322915,ЦОН,Отказано,0,0,,Из бюджета
D00973,2026-09-19,990048300048,Жамбылская,Субсидия,Агросубсидия,42515,eGov,Назначено,0,0,,Из бюджета
D00974,2026-09-19,990083300083,Кызылординская,Налог,Налог на транспорт,48800,eGov,Просрочено,32,0,,В бюджет
D00975,2026-09-19,990095300095,Восточно-Казахстанская,Пошлина,Пошлина за загранпаспорт,23721,Банк,Оплачено,0,0,,В бюджет
D00976,2026-09-19,990109300109,Шымкент,Субсидия,Агросубсидия,208720,ЦОН,На рассмотрении,0,0,,Из бюджета
D00977,2026-09-19,990084300084,Кызылординская,Субсидия,Жилищная помощь,63078,ЦОН,Отказано,0,1,Отказ по субсидии: в регионе доля отказов заметно выше средней,Из бюджета
D00978,2026-09-20,990005300005,Алматы,Пособие,Адресная социальная помощь,132980,eGov,Отказано,0,0,,Из бюджета
D00979,2026-09-20,990007300007,Атырауская,Субсидия,Жилищная помощь,55353,eGov,Назначено,0,0,,Из бюджета
D00980,2026-09-20,990019300019,Атырауская,Штраф,Штраф за превышение скорости,18219,eGov,Просрочено,69,0,,В бюджет
D00981,2026-09-20,990021300021,Актюбинская,Субсидия,Агросубсидия,59717,Банк,Отказано,0,0,,Из бюджета
D00982,2026-09-20,990028300028,Павлодарская,Субсидия,Жилищная помощь,87565,eGov,Назначено,0,0,,Из бюджета
D00983,2026-09-20,990044300044,Северо-Казахстанская,Субсидия,Субсидия на коммунальные услуги,238647,Мобильное приложение,Отказано,0,0,,Из бюджета
D00984,2026-09-20,990091300091,Мангистауская,Пошлина,Пошлина за загранпаспорт,22027,Мобильное приложение,Ожидает оплаты,0,0,,В бюджет
D00985,2026-09-21,990001300001,Акмолинская,Штраф,Штраф за превышение скорости,22558,eGov,Оплачено,0,0,,В бюджет
D00986,2026-09-21,990010300010,Алматы,Штраф,Штраф за превышение скорости,47840,Мобильное приложение,Просрочено,37,0,,В бюджет
D00987,2026-09-21,990023300023,Костанайская,Пособие,Пособие по уходу за ребёнком,119269,ЦОН,Назначено,0,0,,Из бюджета
D00988,2026-09-21,990041300041,Павлодарская,Пошлина,Пошлина за регистрацию недвижимости,11256,Банк,Ожидает оплаты,0,0,,В бюджет
D00989,2026-09-21,990053300053,Атырауская,Субсидия,Субсидия на коммунальные услуги,168424,Мобильное приложение,Назначено,0,0,,Из бюджета
D00990,2026-09-21,990054300054,Шымкент,Налог,Налог на транспорт,102656,eGov,Оплачено,0,0,,В бюджет
D00991,2026-09-21,990057300057,Алматы,Пошлина,Пошлина за регистрацию недвижимости,10680,ЦОН,Оплачено,0,0,,В бюджет
D00992,2026-09-21,990092300092,Алматинская,Пособие,Пособие по инвалидности,92411,eGov,Назначено,0,0,,Из бюджета
D00993,2026-09-22,990003300003,Костанайская,Пособие,Пособие по инвалидности,132597,eGov,На рассмотрении,0,0,,Из бюджета
D00994,2026-09-22,990073300073,Атырауская,Штраф,Штраф за парковку,55461,eGov,Оплачено,0,0,,В бюджет
D00995,2026-09-22,990073300073,Атырауская,Пошлина,Пошлина за загранпаспорт,20070,eGov,Оплачено,0,0,,В бюджет
D00996,2026-09-22,990075300075,Атырауская,Налог,Налог на имущество,90206,ЦОН,Ожидает оплаты,0,0,,В бюджет
D00997,2026-09-22,990093300093,Туркестанская,Субсидия,Агросубсидия,165288,Банк,Отказано,0,0,,Из бюджета
D00998,2026-09-22,990096300096,Алматинская,Пособие,Адресная социальная помощь,145155,Мобильное приложение,Назначено,0,0,,Из бюджета
