tx_id,ts,client_id,amount_kzt,category,merchant,city,channel,is_suspicious
T00001,2026-04-01 08:59,C026,4974,Транспорт,Onay,Алматы,Перевод,0
T00002,2026-04-01 09:12,C048,141305,Переводы,Перевод на карту,Шымкент,Онлайн,0
T00003,2026-04-01 11:42,C048,8935,Кафе и рестораны,Coffee Boom,Шымкент,Онлайн,0
T00004,2026-04-01 12:29,C049,3798,Транспорт,Onay,Караганда,Онлайн,0
T00005,2026-04-01 14:12,C023,4152,Транспорт,Onay,Астана,Карта,0
T00006,2026-04-01 14:28,C003,2964,Транспорт,Onay,Астана,Перевод,0
T00007,2026-04-01 14:41,C026,24405,Здоровье,Invitro,Алматы,Карта,0
T00008,2026-04-01 14:44,C052,34348,Коммунальные,Алсеко,Алматы,Онлайн,0
T00009,2026-04-01 15:11,C050,4280,Продукты,Galmart,Алматы,Перевод,0
T00010,2026-04-01 15:12,C052,50170,Маркетплейсы,Ozon,Алматы,Перевод,0
T00011,2026-04-01 18:52,C028,20388,АЗС,Sinooil,Караганда,Перевод,0
T00012,2026-04-01 20:40,C016,19992,Здоровье,Invitro,Шымкент,QR,0
T00013,2026-04-02 09:45,C001,13090,АЗС,Helios,Алматы,Карта,0
T00014,2026-04-02 10:23,C056,7553,Транспорт,InDrive,Караганда,QR,0
T00015,2026-04-02 10:52,C028,40908,Коммунальные,Астана-ЕРЦ,Караганда,Карта,0
T00016,2026-04-02 10:55,C005,37154,Маркетплейсы,Ozon,Шымкент,Онлайн,0
T00017,2026-04-02 11:53,C024,240760,Переводы,Перевод на карту,Атырау,Перевод,0
T00018,2026-04-02 13:19,C002,31705,Здоровье,Биосфера,Караганда,QR,0
T00019,2026-04-02 13:29,C013,34066,Коммунальные,Астана-ЕРЦ,Шымкент,Карта,0
T00020,2026-04-02 13:50,C032,53710,Переводы,Перевод на карту,Атырау,Перевод,0
T00021,2026-04-02 15:17,C012,10936,Продукты,Small,Караганда,QR,0
T00022,2026-04-02 16:35,C008,10242,Продукты,Magnum,Астана,Перевод,0
T00023,2026-04-02 16:47,C013,2878,Здоровье,Биосфера,Шымкент,Онлайн,0
T00024,2026-04-02 17:03,C043,172889,Маркетплейсы,Wildberries,Павлодар,Карта,0
T00025,2026-04-02 18:33,C051,313135,Переводы,Перевод по номеру,Усть-Каменогорск,Онлайн,0
T00026,2026-04-02 20:57,C059,44110,Продукты,Magnum,Караганда,Карта,0
T00027,2026-04-02 22:26,C011,399,Транспорт,InDrive,Алматы,Перевод,0
T00028,2026-04-03 02:42,C029,451642,Переводы,Перевод на карту,Актобе,Онлайн,1
T00029,2026-04-03 08:44,C010,22392,Здоровье,Europharma,Астана,Онлайн,0
T00030,2026-04-03 09:07,C029,12001,Маркетплейсы,Wildberries,Астана,QR,0
T00031,2026-04-03 09:21,C048,21240,Продукты,Galmart,Шымкент,Перевод,0
T00032,2026-04-03 09:29,C026,2160,Транспорт,Яндекс Go,Алматы,Онлайн,0
T00033,2026-04-03 09:41,C020,660,Транспорт,InDrive,Актобе,Онлайн,0
T00034,2026-04-03 12:13,C011,9826,Здоровье,Europharma,Алматы,Перевод,0
T00035,2026-04-03 13:44,C032,2099,Кафе и рестораны,Rumi,Атырау,QR,0
T00036,2026-04-03 13:54,C048,8069,АЗС,Qazaq Oil,Шымкент,Карта,0
T00037,2026-04-03 14:53,C031,3396,Транспорт,Onay,Алматы,Перевод,0
T00038,2026-04-03 15:08,C009,45033,Маркетплейсы,Wildberries,Алматы,Онлайн,0
T00039,2026-04-03 15:59,C033,33572,Кафе и рестораны,Rumi,Алматы,QR,0
T00040,2026-04-03 17:30,C042,76948,Маркетплейсы,Wildberries,Шымкент,QR,0
T00041,2026-04-03 18:59,C013,5578,Продукты,Анвар,Шымкент,Онлайн,0
T00042,2026-04-03 19:59,C059,31529,Продукты,Small,Караганда,QR,0
T00043,2026-04-03 20:01,C052,32575,Продукты,Magnum,Алматы,Карта,0
T00044,2026-04-04 09:45,C058,29743,Здоровье,Биосфера,Атырау,QR,0
T00045,2026-04-04 10:07,C035,21350,Здоровье,Invitro,Караганда,Онлайн,0
T00046,2026-04-04 10:33,C022,2898,Транспорт,Onay,Усть-Каменогорск,Онлайн,0
T00047,2026-04-04 12:13,C010,4098,Кафе и рестораны,Del Papa,Астана,Онлайн,0
T00048,2026-04-04 12:26,C009,111977,Переводы,Перевод по номеру,Алматы,QR,0
T00049,2026-04-04 14:06,C020,27924,Кафе и рестораны,Coffee Boom,Актобе,Онлайн,0
T00050,2026-04-04 14:50,C046,120951,Маркетплейсы,Kaspi Магазин,Алматы,QR,0
T00051,2026-04-04 17:12,C030,120981,Переводы,Перевод по номеру,Актобе,Онлайн,0
T00052,2026-04-04 19:08,C010,33422,Кафе и рестораны,Del Papa,Астана,Онлайн,0
T00053,2026-04-04 19:09,C004,20292,Здоровье,Invitro,Шымкент,QR,0
T00054,2026-04-04 19:53,C037,22406,Продукты,Small,Павлодар,Карта,0
T00055,2026-04-04 19:55,C013,102080,Маркетплейсы,Ozon,Шымкент,QR,0
T00056,2026-04-04 20:21,C055,89098,Маркетплейсы,Wildberries,Павлодар,Карта,0
T00057,2026-04-04 21:22,C033,20337,Здоровье,Биосфера,Алматы,Онлайн,0
T00058,2026-04-05 08:03,C057,32884,Здоровье,Биосфера,Актобе,Онлайн,0
T00059,2026-04-05 08:18,C047,7811,Продукты,Small,Шымкент,Карта,0
T00060,2026-04-05 09:12,C043,142144,Маркетплейсы,Ozon,Павлодар,Перевод,0
T00061,2026-04-05 11:14,C012,234223,Переводы,Перевод по номеру,Караганда,QR,0
T00062,2026-04-05 11:27,C049,27934,АЗС,Helios,Караганда,Онлайн,0
T00063,2026-04-05 12:55,C018,26995,Кафе и рестораны,Rumi,Астана,QR,0
T00064,2026-04-05 13:21,C007,35739,Здоровье,Биосфера,Шымкент,Перевод,0
T00065,2026-04-05 13:43,C018,2333,Транспорт,InDrive,Астана,Перевод,0
T00066,2026-04-05 13:50,C006,15216,Коммунальные,Астана-ЕРЦ,Караганда,Карта,0
T00067,2026-04-05 16:51,C054,25401,Маркетплейсы,Wildberries,Усть-Каменогорск,Онлайн,0
T00068,2026-04-05 16:52,C008,30225,Коммунальные,Алсеко,Астана,QR,0
T00069,2026-04-05 17:12,C030,13272,Переводы,Перевод по номеру,Актобе,Онлайн,0
T00070,2026-04-05 17:27,C041,240169,Маркетплейсы,Ozon,Астана,Перевод,0
T00071,2026-04-05 17:27,C057,5182,Продукты,Galmart,Актобе,Онлайн,0
T00072,2026-04-05 17:43,C033,39544,Продукты,Small,Алматы,QR,0
T00073,2026-04-05 17:57,C045,34153,Здоровье,Europharma,Алматы,Перевод,0
T00074,2026-04-05 19:28,C054,9147,Транспорт,InDrive,Усть-Каменогорск,QR,0
T00075,2026-04-05 21:45,C041,24894,Коммунальные,Казахтелеком,Астана,Перевод,0
T00076,2026-04-06 09:36,C052,314578,Переводы,Перевод по номеру,Алматы,QR,0
T00077,2026-04-06 12:29,C007,22916,Продукты,Анвар,Шымкент,Онлайн,0
T00078,2026-04-06 14:07,C015,73607,Маркетплейсы,Ozon,Шымкент,QR,0
T00079,2026-04-06 14:35,C029,129822,Переводы,Перевод на карту,Астана,Карта,0
T00080,2026-04-06 18:05,C053,24500,АЗС,Qazaq Oil,Астана,Онлайн,0
T00081,2026-04-06 19:24,C016,13456,АЗС,Helios,Шымкент,Перевод,0
T00082,2026-04-06 19:30,C023,31828,Коммунальные,Алсеко,Астана,Онлайн,0
T00083,2026-04-06 20:18,C040,192148,Переводы,Перевод на карту,Атырау,QR,0
T00084,2026-04-06 20:24,C028,27594,Здоровье,Europharma,Караганда,Перевод,0
T00085,2026-04-06 20:43,C032,18050,АЗС,Qazaq Oil,Атырау,QR,0
T00086,2026-04-06 21:02,C031,5542,Кафе и рестораны,Rumi,Алматы,Карта,0
T00087,2026-04-06 21:39,C043,27426,АЗС,Qazaq Oil,Павлодар,Онлайн,0
T00088,2026-04-06 21:43,C026,4846,Кафе и рестораны,Coffee Boom,Алматы,Карта,0
T00089,2026-04-06 22:38,C044,9357,Коммунальные,Казахтелеком,Шымкент,Карта,0
T00090,2026-04-07 02:54,C027,1179448,Переводы,Перевод на карту,Шымкент,Онлайн,1
T00091,2026-04-07 09:14,C003,30546,Коммунальные,Казахтелеком,Астана,Карта,0
T00092,2026-04-07 10:56,C041,217294,Маркетплейсы,Wildberries,Астана,Карта,0
T00093,2026-04-07 10:59,C056,188910,Маркетплейсы,Kaspi Магазин,Караганда,Карта,0
T00094,2026-04-07 11:30,C024,31489,АЗС,Sinooil,Атырау,QR,0
T00095,2026-04-07 12:34,C058,2767,Продукты,Анвар,Атырау,Перевод,0
T00096,2026-04-07 13:13,C036,20916,Здоровье,Invitro,Шымкент,Онлайн,0
T00097,2026-04-07 13:35,C006,33792,Здоровье,Биосфера,Караганда,QR,0
T00098,2026-04-07 14:09,C053,30754,Кафе и рестораны,Del Papa,Астана,Перевод,0
T00099,2026-04-07 15:06,C009,65990,Маркетплейсы,Kaspi Магазин,Алматы,Карта,0
T00100,2026-04-07 15:14,C043,62345,Коммунальные,Астана-ЕРЦ,Павлодар,QR,0
T00101,2026-04-07 15:55,C041,240071,Переводы,Перевод по номеру,Астана,Онлайн,0
T00102,2026-04-07 17:08,C053,167095,Маркетплейсы,Wildberries,Астана,QR,0
T00103,2026-04-07 17:41,C059,30539,Продукты,Galmart,Караганда,QR,0
T00104,2026-04-07 18:12,C002,15611,АЗС,Qazaq Oil,Караганда,Карта,0
T00105,2026-04-07 18:21,C043,1386,Транспорт,Onay,Павлодар,Карта,0
T00106,2026-04-07 19:06,C052,9675,Транспорт,InDrive,Алматы,Карта,0
T00107,2026-04-07 20:25,C015,18940,Продукты,Magnum,Шымкент,Карта,0
T00108,2026-04-07 20:50,C034,36137,Продукты,Анвар,Астана,Карта,0
T00109,2026-04-08 03:51,C010,815189,Переводы,Перевод на карту,Атырау,Онлайн,1
T00110,2026-04-08 08:21,C027,182773,Переводы,Перевод по номеру,Атырау,QR,0
T00111,2026-04-08 08:42,C015,3146,Транспорт,Onay,Шымкент,Онлайн,0
T00112,2026-04-08 09:02,C007,31204,Продукты,Galmart,Шымкент,QR,0
T00113,2026-04-08 09:05,C059,66582,Переводы,Перевод по номеру,Караганда,Карта,0
T00114,2026-04-08 09:09,C022,193842,Маркетплейсы,Wildberries,Усть-Каменогорск,Перевод,0
T00115,2026-04-08 09:30,C020,9160,Здоровье,Биосфера,Актобе,Онлайн,0
T00116,2026-04-08 10:17,C005,52508,Коммунальные,Алсеко,Шымкент,Перевод,0
T00117,2026-04-08 11:42,C048,126610,Переводы,Перевод на карту,Шымкент,Онлайн,0
T00118,2026-04-08 13:08,C032,12163,АЗС,Sinooil,Атырау,QR,0
T00119,2026-04-08 14:03,C012,22507,Коммунальные,Казахтелеком,Караганда,QR,0
T00120,2026-04-08 14:43,C011,16150,Здоровье,Биосфера,Алматы,QR,0
T00121,2026-04-08 15:13,C042,2122,Транспорт,InDrive,Шымкент,Перевод,0
T00122,2026-04-08 15:38,C046,38047,Здоровье,Invitro,Алматы,Онлайн,0
T00123,2026-04-08 15:54,C003,35581,Маркетплейсы,Wildberries,Астана,QR,0
T00124,2026-04-08 16:51,C054,196336,Маркетплейсы,Kaspi Магазин,Усть-Каменогорск,Онлайн,0
T00125,2026-04-08 17:02,C023,5293,Продукты,Galmart,Астана,Перевод,0
T00126,2026-04-08 17:02,C044,34201,Здоровье,Europharma,Шымкент,Перевод,0
T00127,2026-04-08 17:15,C028,114399,Маркетплейсы,Ozon,Караганда,Карта,0
T00128,2026-04-08 17:45,C032,3940,Транспорт,Яндекс Go,Атырау,Онлайн,0
T00129,2026-04-08 18:17,C009,167973,Маркетплейсы,Wildberries,Алматы,Онлайн,0
T00130,2026-04-08 18:28,C054,55975,Переводы,Перевод по номеру,Усть-Каменогорск,Перевод,0
T00131,2026-04-08 20:03,C023,27826,Здоровье,Europharma,Астана,Онлайн,0
T00132,2026-04-08 20:36,C059,42095,Коммунальные,Астана-ЕРЦ,Караганда,Онлайн,0
T00133,2026-04-08 21:10,C054,19977,Продукты,Small,Усть-Каменогорск,Карта,0
T00134,2026-04-08 22:50,C025,21787,Продукты,Galmart,Павлодар,QR,0
T00135,2026-04-09 08:05,C001,28533,Переводы,Перевод по номеру,Алматы,QR,0
T00136,2026-04-09 09:04,C020,30150,Кафе и рестораны,Rumi,Актобе,Онлайн,0
T00137,2026-04-09 10:04,C006,14787,Здоровье,Invitro,Караганда,Перевод,0
T00138,2026-04-09 10:35,C022,26131,Продукты,Galmart,Усть-Каменогорск,QR,0
T00139,2026-04-09 12:14,C010,43373,Коммунальные,Астана-ЕРЦ,Астана,Онлайн,0
T00140,2026-04-09 12:17,C035,29501,Здоровье,Биосфера,Караганда,Карта,0
T00141,2026-04-09 12:26,C007,10507,Здоровье,Europharma,Шымкент,Онлайн,0
T00142,2026-04-09 12:26,C019,14917,Маркетплейсы,Kaspi Магазин,Усть-Каменогорск,Перевод,0
T00143,2026-04-09 15:16,C010,32497,Коммунальные,Астана-ЕРЦ,Астана,Онлайн,0
T00144,2026-04-09 17:44,C007,10150,АЗС,Helios,Шымкент,Онлайн,0
T00145,2026-04-09 18:36,C019,4805,Транспорт,Onay,Усть-Каменогорск,Перевод,0
T00146,2026-04-09 19:04,C053,279929,Переводы,Перевод на карту,Астана,Перевод,0
T00147,2026-04-09 19:55,C042,6882,Здоровье,Биосфера,Шымкент,Карта,0
T00148,2026-04-09 20:38,C015,23943,АЗС,Sinooil,Шымкент,QR,0
T00149,2026-04-09 22:07,C038,48479,Коммунальные,Казахтелеком,Караганда,QR,0
T00150,2026-04-09 22:52,C028,23575,Здоровье,Invitro,Караганда,Карта,0
T00151,2026-04-10 08:38,C041,51926,Здоровье,Invitro,Астана,Перевод,0
T00152,2026-04-10 08:47,C057,27036,Коммунальные,Казахтелеком,Актобе,QR,0
T00153,2026-04-10 12:43,C053,141837,Маркетплейсы,Wildberries,Астана,QR,0
T00154,2026-04-10 13:03,C021,7605,Продукты,Magnum,Усть-Каменогорск,Онлайн,0
T00155,2026-04-10 14:06,C036,244292,Маркетплейсы,Ozon,Шымкент,Перевод,0
T00156,2026-04-10 15:24,C019,21621,АЗС,Sinooil,Усть-Каменогорск,Карта,0
T00157,2026-04-10 15:25,C024,38569,Коммунальные,Казахтелеком,Атырау,Онлайн,0
T00158,2026-04-10 15:42,C023,138965,Маркетплейсы,Ozon,Астана,Онлайн,0
T00159,2026-04-10 17:05,C050,46139,Кафе и рестораны,Coffee Boom,Алматы,Карта,0
T00160,2026-04-10 17:30,C020,30878,Продукты,Magnum,Актобе,Онлайн,0
T00161,2026-04-10 18:24,C021,6329,Продукты,Galmart,Усть-Каменогорск,Онлайн,0
T00162,2026-04-10 19:47,C053,58112,Коммунальные,Алсеко,Астана,QR,0
T00163,2026-04-10 19:51,C017,20980,Коммунальные,Астана-ЕРЦ,Алматы,Карта,0
T00164,2026-04-10 21:24,C044,8772,АЗС,Sinooil,Шымкент,Карта,0
T00165,2026-04-10 21:58,C060,37521,Продукты,Magnum,Усть-Каменогорск,Карта,0
T00166,2026-04-10 22:02,C056,2673,Транспорт,InDrive,Караганда,Онлайн,0
T00167,2026-04-11 03:41,C032,319527,Переводы,Перевод на карту,Караганда,Онлайн,1
T00168,2026-04-11 08:14,C046,30034,Здоровье,Europharma,Алматы,QR,0
T00169,2026-04-11 08:28,C051,17334,АЗС,Sinooil,Усть-Каменогорск,Перевод,0
T00170,2026-04-11 08:52,C026,17125,Здоровье,Invitro,Алматы,Перевод,0
T00171,2026-04-11 11:01,C056,12383,Продукты,Galmart,Караганда,QR,0
T00172,2026-04-11 11:48,C014,127982,Маркетплейсы,Kaspi Магазин,Атырау,Перевод,0
T00173,2026-04-11 13:03,C044,167453,Переводы,Перевод на карту,Шымкент,Карта,0
T00174,2026-04-11 13:41,C043,253762,Переводы,Перевод на карту,Павлодар,Карта,0
T00175,2026-04-11 14:17,C013,111577,Переводы,Перевод по номеру,Шымкент,QR,0
T00176,2026-04-11 17:06,C043,190883,Переводы,Перевод по номеру,Павлодар,Карта,0
T00177,2026-04-11 18:09,C030,28432,Коммунальные,Алсеко,Актобе,QR,0
T00178,2026-04-11 21:23,C053,185568,Переводы,Перевод на карту,Астана,QR,0
T00179,2026-04-11 21:24,C053,18103,Здоровье,Invitro,Астана,Онлайн,0
T00180,2026-04-12 01:54,C012,466073,Переводы,Перевод на карту,Павлодар,Онлайн,1
T00181,2026-04-12 09:33,C019,29230,Здоровье,Invitro,Усть-Каменогорск,Перевод,0
T00182,2026-04-12 09:40,C010,31147,Продукты,Анвар,Астана,Карта,0
T00183,2026-04-12 11:14,C054,199314,Переводы,Перевод по номеру,Усть-Каменогорск,Карта,0
T00184,2026-04-12 14:03,C007,113764,Маркетплейсы,Kaspi Магазин,Шымкент,Перевод,0
T00185,2026-04-12 16:03,C057,19641,Кафе и рестораны,Coffee Boom,Актобе,Карта,0
T00186,2026-04-12 17:00,C044,129994,Маркетплейсы,Wildberries,Шымкент,Перевод,0
T00187,2026-04-12 17:22,C058,14823,Коммунальные,Астана-ЕРЦ,Атырау,Перевод,0
T00188,2026-04-12 18:14,C001,14826,Кафе и рестораны,Del Papa,Алматы,QR,0
T00189,2026-04-12 20:39,C026,17628,АЗС,Sinooil,Алматы,Перевод,0
T00190,2026-04-12 22:10,C013,15447,Кафе и рестораны,Coffee Boom,Шымкент,Онлайн,0
T00191,2026-04-13 04:18,C035,687360,Переводы,Перевод на карту,Шымкент,Онлайн,1
T00192,2026-04-13 09:26,C019,28227,Кафе и рестораны,Del Papa,Усть-Каменогорск,Перевод,0
T00193,2026-04-13 09:52,C012,12537,Здоровье,Europharma,Караганда,Перевод,0
T00194,2026-04-13 10:09,C019,6036,АЗС,Qazaq Oil,Усть-Каменогорск,Карта,0
T00195,2026-04-13 10:20,C029,22561,Кафе и рестораны,Rumi,Астана,QR,0
T00196,2026-04-13 10:36,C054,215784,Переводы,Перевод по номеру,Усть-Каменогорск,Перевод,0
T00197,2026-04-13 13:14,C017,21766,Коммунальные,Астана-ЕРЦ,Алматы,Карта,0
T00198,2026-04-13 13:41,C008,24292,Здоровье,Invitro,Астана,Перевод,0
T00199,2026-04-13 15:18,C039,13622,Переводы,Перевод на карту,Атырау,Онлайн,0
T00200,2026-04-13 15:37,C057,12865,Кафе и рестораны,Rumi,Актобе,Карта,0
T00201,2026-04-13 18:46,C017,4282,Транспорт,Onay,Алматы,Карта,0
T00202,2026-04-13 19:05,C045,20860,АЗС,Sinooil,Алматы,QR,0
T00203,2026-04-13 19:07,C012,18589,Продукты,Анвар,Караганда,Карта,0
T00204,2026-04-13 21:07,C001,3689,Кафе и рестораны,Del Papa,Алматы,Онлайн,0
T00205,2026-04-13 21:40,C027,36284,Здоровье,Invitro,Атырау,Карта,0
T00206,2026-04-13 21:55,C057,8135,Кафе и рестораны,Coffee Boom,Актобе,Перевод,0
T00207,2026-04-13 22:38,C039,143116,Маркетплейсы,Wildberries,Атырау,Онлайн,0
T00208,2026-04-14 08:54,C048,11573,Маркетплейсы,Kaspi Магазин,Шымкент,Перевод,0
T00209,2026-04-14 09:23,C021,16175,Коммунальные,Алсеко,Усть-Каменогорск,Карта,0
T00210,2026-04-14 09:27,C019,75344,Переводы,Перевод на карту,Усть-Каменогорск,Перевод,0
T00211,2026-04-14 10:10,C005,35523,Кафе и рестораны,Del Papa,Шымкент,Карта,0
T00212,2026-04-14 10:50,C013,8631,Кафе и рестораны,Del Papa,Шымкент,QR,0
T00213,2026-04-14 11:17,C003,15710,Здоровье,Биосфера,Астана,Онлайн,0
T00214,2026-04-14 11:47,C052,7049,Транспорт,Яндекс Go,Алматы,Онлайн,0
T00215,2026-04-14 12:24,C008,19520,АЗС,Sinooil,Астана,Карта,0
T00216,2026-04-14 13:00,C011,2506,Транспорт,Onay,Алматы,Онлайн,0
T00217,2026-04-14 13:13,C047,32493,Кафе и рестораны,Rumi,Шымкент,Перевод,0
T00218,2026-04-14 14:32,C006,110199,Переводы,Перевод на карту,Караганда,Карта,0
T00219,2026-04-14 14:45,C038,33275,Коммунальные,Алсеко,Караганда,QR,0
T00220,2026-04-14 14:49,C034,27480,Здоровье,Europharma,Астана,Онлайн,0
T00221,2026-04-14 18:03,C013,1431,Транспорт,Яндекс Go,Шымкент,Перевод,0
T00222,2026-04-14 18:15,C030,29598,Коммунальные,Астана-ЕРЦ,Актобе,Карта,0
T00223,2026-04-14 18:16,C020,193375,Маркетплейсы,Kaspi Магазин,Актобе,Карта,0
T00224,2026-04-14 18:41,C001,24811,Здоровье,Europharma,Алматы,Карта,0
T00225,2026-04-14 18:53,C030,8992,АЗС,Sinooil,Актобе,Карта,0
T00226,2026-04-14 20:23,C031,4986,Транспорт,Яндекс Go,Алматы,Перевод,0
T00227,2026-04-14 20:59,C032,134931,Переводы,Перевод по номеру,Атырау,Онлайн,0
T00228,2026-04-14 21:40,C012,38122,Здоровье,Invitro,Караганда,Карта,0
T00229,2026-04-14 21:54,C012,51110,Переводы,Перевод по номеру,Караганда,Перевод,0
T00230,2026-04-14 22:02,C033,28556,Кафе и рестораны,Del Papa,Алматы,Карта,0
T00231,2026-04-14 22:34,C021,5071,Кафе и рестораны,Del Papa,Усть-Каменогорск,Онлайн,0
T00232,2026-04-15 08:37,C001,46046,Маркетплейсы,Ozon,Алматы,QR,0
T00233,2026-04-15 09:03,C034,14286,АЗС,Helios,Астана,Перевод,0
T00234,2026-04-15 09:53,C054,45198,Кафе и рестораны,Rumi,Усть-Каменогорск,QR,0
T00235,2026-04-15 12:39,C026,22767,Здоровье,Europharma,Алматы,Карта,0
T00236,2026-04-15 12:53,C034,51781,Кафе и рестораны,Del Papa,Астана,Перевод,0
T00237,2026-04-15 14:22,C041,208823,Переводы,Перевод по номеру,Астана,Онлайн,0
T00238,2026-04-15 16:50,C012,42309,Маркетплейсы,Wildberries,Караганда,Онлайн,0
T00239,2026-04-15 16:53,C044,8707,Коммунальные,Астана-ЕРЦ,Шымкент,Перевод,0
T00240,2026-04-15 16:56,C053,14747,АЗС,Qazaq Oil,Астана,Онлайн,0
T00241,2026-04-15 17:42,C020,45740,Кафе и рестораны,Del Papa,Актобе,Карта,0
T00242,2026-04-15 17:52,C057,8309,АЗС,Helios,Актобе,Онлайн,0
T00243,2026-04-15 18:41,C021,15535,Переводы,Перевод на карту,Усть-Каменогорск,Карта,0
T00244,2026-04-15 18:43,C046,18603,АЗС,Helios,Алматы,QR,0
T00245,2026-04-15 18:52,C030,3005,Маркетплейсы,Wildberries,Актобе,QR,0
T00246,2026-04-15 19:04,C024,123833,Маркетплейсы,Ozon,Атырау,Онлайн,0
T00247,2026-04-16 10:28,C007,17485,Кафе и рестораны,Rumi,Шымкент,QR,0
T00248,2026-04-16 10:50,C003,7194,Кафе и рестораны,Coffee Boom,Астана,Перевод,0
T00249,2026-04-16 11:14,C041,27377,Коммунальные,Казахтелеком,Астана,Онлайн,0
T00250,2026-04-16 12:12,C018,4856,Транспорт,InDrive,Астана,Перевод,0
T00251,2026-04-16 12:48,C028,37435,Продукты,Magnum,Караганда,Карта,0
T00252,2026-04-16 13:57,C020,47996,Коммунальные,Астана-ЕРЦ,Актобе,Карта,0
T00253,2026-04-16 14:13,C051,36325,АЗС,Qazaq Oil,Усть-Каменогорск,QR,0
T00254,2026-04-16 14:56,C025,7868,Кафе и рестораны,Del Papa,Павлодар,Онлайн,0
T00255,2026-04-16 15:05,C057,26614,Маркетплейсы,Kaspi Магазин,Актобе,Онлайн,0
T00256,2026-04-16 15:15,C046,35188,Маркетплейсы,Kaspi Магазин,Алматы,Перевод,0
T00257,2026-04-16 16:01,C024,23080,АЗС,Qazaq Oil,Атырау,Карта,0
T00258,2026-04-16 17:48,C045,175159,Маркетплейсы,Kaspi Магазин,Алматы,Онлайн,0
T00259,2026-04-16 17:56,C050,7552,Кафе и рестораны,Del Papa,Алматы,Онлайн,0
T00260,2026-04-16 18:07,C007,21795,АЗС,Helios,Шымкент,Онлайн,0
T00261,2026-04-16 18:30,C020,49831,Коммунальные,Казахтелеком,Актобе,Карта,0
T00262,2026-04-17 08:02,C050,196988,Маркетплейсы,Wildberries,Алматы,Онлайн,0
T00263,2026-04-17 08:17,C053,7127,Транспорт,Яндекс Go,Астана,Онлайн,0
T00264,2026-04-17 08:39,C034,90241,Переводы,Перевод по номеру,Астана,Карта,0
T00265,2026-04-17 08:55,C021,19504,АЗС,Sinooil,Усть-Каменогорск,Перевод,0
T00266,2026-04-17 09:01,C045,2484,Кафе и рестораны,Del Papa,Алматы,Перевод,0
T00267,2026-04-17 09:09,C026,158320,Переводы,Перевод по номеру,Алматы,QR,0
T00268,2026-04-17 09:16,C048,23019,Кафе и рестораны,Coffee Boom,Шымкент,Перевод,0
T00269,2026-04-17 10:17,C019,119821,Маркетплейсы,Wildberries,Усть-Каменогорск,Онлайн,0
T00270,2026-04-17 10:27,C009,2662,Транспорт,Onay,Алматы,Онлайн,0
T00271,2026-04-17 11:29,C049,42045,Здоровье,Europharma,Караганда,Онлайн,0
T00272,2026-04-17 12:25,C006,43458,Кафе и рестораны,Coffee Boom,Караганда,Онлайн,0
T00273,2026-04-17 13:13,C020,276619,Переводы,Перевод на карту,Актобе,Онлайн,0
T00274,2026-04-17 13:27,C024,6859,Продукты,Small,Атырау,Карта,0
T00275,2026-04-17 14:33,C054,5051,Продукты,Galmart,Усть-Каменогорск,Карта,0
T00276,2026-04-17 14:43,C047,23565,АЗС,Helios,Шымкент,Онлайн,0
T00277,2026-04-17 15:38,C050,8024,Транспорт,Яндекс Go,Алматы,Карта,0
T00278,2026-04-17 18:52,C027,13293,АЗС,Sinooil,Атырау,Перевод,0
T00279,2026-04-17 19:58,C029,102795,Маркетплейсы,Ozon,Астана,QR,0
T00280,2026-04-17 20:12,C021,12190,АЗС,Sinooil,Усть-Каменогорск,Онлайн,0
T00281,2026-04-17 20:33,C059,10691,Здоровье,Биосфера,Караганда,Карта,0
T00282,2026-04-17 20:34,C021,100750,Переводы,Перевод на карту,Усть-Каменогорск,Онлайн,0
T00283,2026-04-17 21:19,C023,5094,Кафе и рестораны,Del Papa,Астана,Карта,0
T00284,2026-04-17 21:57,C052,1982,Транспорт,Onay,Алматы,Карта,0
T00285,2026-04-17 22:26,C023,44049,Коммунальные,Казахтелеком,Астана,Карта,0
T00286,2026-04-18 01:38,C007,340292,Переводы,Перевод на карту,Атырау,Онлайн,1
T00287,2026-04-18 08:01,C034,298556,Переводы,Перевод по номеру,Астана,QR,0
T00288,2026-04-18 09:24,C012,136038,Маркетплейсы,Ozon,Караганда,Перевод,0
T00289,2026-04-18 09:37,C051,577,Транспорт,Onay,Усть-Каменогорск,Карта,0
T00290,2026-04-18 11:00,C056,74657,Маркетплейсы,Wildberries,Караганда,Карта,0
T00291,2026-04-18 11:03,C028,40200,Здоровье,Europharma,Караганда,QR,0
T00292,2026-04-18 13:01,C027,27486,Здоровье,Invitro,Атырау,Онлайн,0
T00293,2026-04-18 13:53,C056,51617,Здоровье,Europharma,Караганда,Карта,0
T00294,2026-04-18 15:24,C046,36106,Коммунальные,Алсеко,Алматы,QR,0
T00295,2026-04-18 16:36,C010,542,Транспорт,InDrive,Астана,QR,0
T00296,2026-04-18 18:58,C002,70306,Переводы,Перевод на карту,Караганда,Карта,0
T00297,2026-04-18 21:55,C034,45834,Маркетплейсы,Wildberries,Астана,Карта,0
T00298,2026-04-18 22:13,C027,12730,Продукты,Анвар,Атырау,Карта,0
T00299,2026-04-19 03:56,C042,626523,Переводы,Перевод на карту,Астана,Онлайн,1
T00300,2026-04-19 08:47,C021,6649,АЗС,Sinooil,Усть-Каменогорск,Карта,0
T00301,2026-04-19 10:41,C041,140791,Маркетплейсы,Wildberries,Астана,Онлайн,0
T00302,2026-04-19 11:17,C042,24545,Маркетплейсы,Wildberries,Шымкент,Карта,0
T00303,2026-04-19 11:42,C032,16565,АЗС,Helios,Атырау,Перевод,0
T00304,2026-04-19 12:49,C020,1112,Транспорт,Onay,Актобе,Перевод,0
T00305,2026-04-19 13:49,C041,7196,Транспорт,Яндекс Go,Астана,QR,0
T00306,2026-04-19 14:32,C007,32313,Коммунальные,Казахтелеком,Шымкент,Перевод,0
T00307,2026-04-19 14:38,C034,195319,Маркетплейсы,Kaspi Магазин,Астана,Онлайн,0
T00308,2026-04-19 14:55,C005,173094,Маркетплейсы,Wildberries,Шымкент,Карта,0
T00309,2026-04-19 15:37,C021,13322,АЗС,Qazaq Oil,Усть-Каменогорск,QR,0
T00310,2026-04-19 16:13,C001,10028,Кафе и рестораны,Del Papa,Алматы,Перевод,0
T00311,2026-04-19 16:59,C058,10050,Продукты,Galmart,Атырау,Перевод,0
T00312,2026-04-19 19:58,C035,12524,Продукты,Анвар,Караганда,Онлайн,0
T00313,2026-04-19 22:15,C021,17176,Кафе и рестораны,Coffee Boom,Усть-Каменогорск,Перевод,0
T00314,2026-04-19 22:30,C060,3976,Транспорт,Яндекс Go,Усть-Каменогорск,Карта,0
T00315,2026-04-20 08:04,C011,14023,Коммунальные,Казахтелеком,Алматы,Онлайн,0
T00316,2026-04-20 08:46,C045,2677,Кафе и рестораны,Rumi,Алматы,Карта,0
T00317,2026-04-20 08:49,C022,23292,Кафе и рестораны,Rumi,Усть-Каменогорск,Карта,0
T00318,2026-04-20 10:23,C045,9417,АЗС,Sinooil,Алматы,QR,0
T00319,2026-04-20 10:46,C060,41136,Переводы,Перевод по номеру,Усть-Каменогорск,Карта,0
T00320,2026-04-20 10:55,C051,8864,Кафе и рестораны,Del Papa,Усть-Каменогорск,QR,0
T00321,2026-04-20 12:10,C009,161552,Переводы,Перевод на карту,Алматы,Перевод,0
T00322,2026-04-20 13:23,C039,3968,Продукты,Magnum,Атырау,Онлайн,0
T00323,2026-04-20 13:53,C030,703,Транспорт,Onay,Актобе,Карта,0
T00324,2026-04-20 14:38,C048,1915,Здоровье,Europharma,Шымкент,Карта,0
T00325,2026-04-20 15:03,C033,12057,Кафе и рестораны,Coffee Boom,Алматы,QR,0
T00326,2026-04-20 17:36,C011,13122,Переводы,Перевод по номеру,Алматы,QR,0
T00327,2026-04-20 18:50,C010,54932,Здоровье,Europharma,Астана,Онлайн,0
T00328,2026-04-20 20:31,C013,2116,Транспорт,Onay,Шымкент,Перевод,0
T00329,2026-04-20 21:20,C005,36223,Здоровье,Invitro,Шымкент,Онлайн,0
T00330,2026-04-20 22:15,C026,36702,Переводы,Перевод на карту,Алматы,Перевод,0
T00331,2026-04-21 02:36,C059,1014629,Переводы,Перевод на карту,Шымкент,Онлайн,1
T00332,2026-04-21 10:12,C045,11452,Продукты,Small,Алматы,Карта,0
T00333,2026-04-21 11:58,C035,16110,Коммунальные,Казахтелеком,Караганда,QR,0
T00334,2026-04-21 12:05,C028,3831,Транспорт,Onay,Караганда,Карта,0
T00335,2026-04-21 12:12,C006,45644,Коммунальные,Казахтелеком,Караганда,Перевод,0
T00336,2026-04-21 13:37,C057,558,Транспорт,Яндекс Go,Актобе,QR,0
T00337,2026-04-21 14:40,C016,16262,Коммунальные,Казахтелеком,Шымкент,Перевод,0
T00338,2026-04-21 15:01,C003,25026,Коммунальные,Астана-ЕРЦ,Астана,Перевод,0
T00339,2026-04-21 15:21,C012,6253,Транспорт,Яндекс Go,Караганда,Перевод,0
T00340,2026-04-21 15:53,C024,27128,Продукты,Анвар,Атырау,Онлайн,0
T00341,2026-04-21 16:58,C010,24132,Коммунальные,Астана-ЕРЦ,Астана,Перевод,0
T00342,2026-04-21 17:10,C054,2325,Кафе и рестораны,Del Papa,Усть-Каменогорск,QR,0
T00343,2026-04-21 17:42,C006,34475,Маркетплейсы,Wildberries,Караганда,Перевод,0
T00344,2026-04-21 17:56,C046,56090,Маркетплейсы,Kaspi Магазин,Алматы,Онлайн,0
T00345,2026-04-21 18:12,C054,37959,Кафе и рестораны,Rumi,Усть-Каменогорск,Карта,0
T00346,2026-04-21 18:27,C012,67357,Переводы,Перевод по номеру,Караганда,Перевод,0
T00347,2026-04-21 18:29,C049,28228,Кафе и рестораны,Rumi,Караганда,Перевод,0
T00348,2026-04-22 08:30,C023,6627,Здоровье,Биосфера,Астана,Онлайн,0
T00349,2026-04-22 11:28,C014,52166,Коммунальные,Алсеко,Атырау,Онлайн,0
T00350,2026-04-22 11:43,C057,20249,Здоровье,Europharma,Актобе,Карта,0
T00351,2026-04-22 12:23,C024,6496,Транспорт,Onay,Атырау,Перевод,0
T00352,2026-04-22 13:31,C022,7096,Продукты,Galmart,Усть-Каменогорск,Онлайн,0
T00353,2026-04-22 14:53,C038,9151,Транспорт,Яндекс Go,Караганда,Онлайн,0
T00354,2026-04-22 15:54,C008,2478,Транспорт,Onay,Астана,Карта,0
T00355,2026-04-22 16:06,C039,1403,Транспорт,Яндекс Go,Атырау,Онлайн,0
T00356,2026-04-22 17:36,C031,12084,Коммунальные,Алсеко,Алматы,Карта,0
T00357,2026-04-22 18:26,C031,96782,Маркетплейсы,Wildberries,Алматы,Карта,0
T00358,2026-04-22 20:10,C006,26220,Коммунальные,Казахтелеком,Караганда,QR,0
T00359,2026-04-22 22:40,C021,14079,Здоровье,Europharma,Усть-Каменогорск,QR,0
T00360,2026-04-23 04:19,C015,738940,Переводы,Перевод на карту,Караганда,Онлайн,1
T00361,2026-04-23 08:26,C022,195581,Переводы,Перевод на карту,Усть-Каменогорск,Онлайн,0
T00362,2026-04-23 09:16,C015,61881,Переводы,Перевод по номеру,Шымкент,Карта,0
T00363,2026-04-23 09:25,C021,28046,Здоровье,Биосфера,Усть-Каменогорск,Карта,0
T00364,2026-04-23 09:58,C038,8098,Здоровье,Invitro,Караганда,Карта,0
T00365,2026-04-23 10:08,C024,12636,Коммунальные,Астана-ЕРЦ,Атырау,Карта,0
T00366,2026-04-23 10:39,C012,28744,Здоровье,Биосфера,Караганда,Онлайн,0
T00367,2026-04-23 11:23,C031,6344,АЗС,Helios,Алматы,Перевод,0
T00368,2026-04-23 11:46,C033,8686,Транспорт,Onay,Алматы,Карта,0
T00369,2026-04-23 12:53,C028,42557,Здоровье,Invitro,Караганда,Онлайн,0
T00370,2026-04-23 12:56,C003,11401,АЗС,Qazaq Oil,Астана,Онлайн,0
T00371,2026-04-23 13:16,C003,9535,Здоровье,Биосфера,Астана,Карта,0
T00372,2026-04-23 14:16,C048,61592,Переводы,Перевод на карту,Шымкент,Перевод,0
T00373,2026-04-23 14:54,C021,14050,АЗС,Helios,Усть-Каменогорск,Онлайн,0
T00374,2026-04-23 17:23,C047,114384,Маркетплейсы,Wildberries,Шымкент,QR,0
T00375,2026-04-23 21:23,C055,7404,Продукты,Galmart,Павлодар,Карта,0
T00376,2026-04-23 21:38,C020,8820,Кафе и рестораны,Coffee Boom,Актобе,QR,0
T00377,2026-04-24 08:58,C011,15165,Коммунальные,Казахтелеком,Алматы,Онлайн,0
T00378,2026-04-24 09:06,C025,42378,Коммунальные,Алсеко,Павлодар,QR,0
T00379,2026-04-24 09:45,C018,14478,Кафе и рестораны,Rumi,Астана,Карта,0
T00380,2026-04-24 10:00,C016,16720,АЗС,Qazaq Oil,Шымкент,Онлайн,0
T00381,2026-04-24 10:37,C028,5354,Транспорт,Яндекс Go,Караганда,QR,0
T00382,2026-04-24 11:38,C023,6171,Здоровье,Биосфера,Астана,Перевод,0
T00383,2026-04-24 13:03,C022,140651,Маркетплейсы,Kaspi Магазин,Усть-Каменогорск,QR,0
T00384,2026-04-24 13:08,C031,1672,Транспорт,Onay,Алматы,Перевод,0
T00385,2026-04-24 13:11,C051,107232,Маркетплейсы,Kaspi Магазин,Усть-Каменогорск,Перевод,0
T00386,2026-04-24 13:14,C013,175921,Переводы,Перевод на карту,Шымкент,Перевод,0
T00387,2026-04-24 13:52,C013,20565,Коммунальные,Астана-ЕРЦ,Шымкент,Онлайн,0
T00388,2026-04-24 14:06,C004,28677,АЗС,Sinooil,Шымкент,Карта,0
T00389,2026-04-24 14:43,C015,48125,Коммунальные,Алсеко,Шымкент,Карта,0
T00390,2026-04-24 15:42,C015,7028,Кафе и рестораны,Coffee Boom,Шымкент,Карта,0
T00391,2026-04-24 15:56,C050,307505,Переводы,Перевод по номеру,Алматы,Карта,0
T00392,2026-04-24 16:35,C025,19351,АЗС,Qazaq Oil,Павлодар,QR,0
T00393,2026-04-24 16:49,C038,28227,Коммунальные,Астана-ЕРЦ,Караганда,Онлайн,0
T00394,2026-04-24 18:05,C030,9470,Маркетплейсы,Kaspi Магазин,Актобе,Карта,0
T00395,2026-04-24 18:39,C016,13691,Здоровье,Invitro,Шымкент,Карта,0
T00396,2026-04-24 19:05,C045,458,Транспорт,InDrive,Алматы,QR,0
T00397,2026-04-24 19:12,C041,56494,Коммунальные,Астана-ЕРЦ,Астана,QR,0
T00398,2026-04-24 19:15,C039,44794,Переводы,Перевод на карту,Атырау,Карта,0
T00399,2026-04-24 20:25,C004,6027,Маркетплейсы,Ozon,Шымкент,Карта,0
T00400,2026-04-24 22:14,C006,237236,Переводы,Перевод на карту,Караганда,Карта,0
T00401,2026-04-24 22:54,C011,4603,Транспорт,Onay,Алматы,Карта,0
T00402,2026-04-25 08:13,C010,23464,Кафе и рестораны,Del Papa,Астана,QR,0
T00403,2026-04-25 08:13,C011,8488,АЗС,Qazaq Oil,Алматы,Карта,0
T00404,2026-04-25 08:29,C017,1665,Транспорт,Яндекс Go,Алматы,Перевод,0
T00405,2026-04-25 08:43,C047,44761,Переводы,Перевод по номеру,Шымкент,Онлайн,0
T00406,2026-04-25 09:19,C033,7791,Транспорт,Onay,Алматы,Онлайн,0
T00407,2026-04-25 09:42,C001,9939,АЗС,Qazaq Oil,Алматы,Онлайн,0
T00408,2026-04-25 10:00,C044,132008,Маркетплейсы,Ozon,Шымкент,Карта,0
T00409,2026-04-25 10:20,C029,119594,Переводы,Перевод по номеру,Астана,Перевод,0
T00410,2026-04-25 10:32,C033,36511,Продукты,Анвар,Алматы,Перевод,0
T00411,2026-04-25 10:49,C013,16738,Кафе и рестораны,Del Papa,Шымкент,Карта,0
T00412,2026-04-25 11:07,C036,76097,Коммунальные,Алсеко,Шымкент,Онлайн,0
T00413,2026-04-25 11:29,C057,3966,Продукты,Galmart,Актобе,QR,0
T00414,2026-04-25 11:56,C004,20090,Кафе и рестораны,Rumi,Шымкент,Онлайн,0
T00415,2026-04-25 13:27,C005,98654,Переводы,Перевод на карту,Шымкент,Перевод,0
T00416,2026-04-25 14:30,C052,155746,Маркетплейсы,Kaspi Магазин,Алматы,Перевод,0
T00417,2026-04-25 15:20,C031,9530,Здоровье,Биосфера,Алматы,QR,0
T00418,2026-04-25 15:32,C053,251588,Переводы,Перевод по номеру,Астана,Карта,0
T00419,2026-04-25 16:09,C008,7478,Кафе и рестораны,Coffee Boom,Астана,Перевод,0
T00420,2026-04-25 17:48,C022,1907,Транспорт,Onay,Усть-Каменогорск,Перевод,0
T00421,2026-04-25 19:25,C042,9909,Кафе и рестораны,Coffee Boom,Шымкент,Карта,0
T00422,2026-04-25 19:38,C053,21156,Кафе и рестораны,Rumi,Астана,Карта,0
T00423,2026-04-25 20:00,C031,8208,Здоровье,Биосфера,Алматы,Карта,0
T00424,2026-04-25 21:43,C044,125168,Маркетплейсы,Ozon,Шымкент,Перевод,0
T00425,2026-04-25 21:59,C058,37199,Коммунальные,Казахтелеком,Атырау,Карта,0
T00426,2026-04-25 22:47,C048,3658,Транспорт,Яндекс Go,Шымкент,Карта,0
T00427,2026-04-26 08:36,C017,15057,АЗС,Qazaq Oil,Алматы,Онлайн,0
T00428,2026-04-26 09:31,C034,28913,Коммунальные,Казахтелеком,Астана,Перевод,0
T00429,2026-04-26 10:13,C058,88136,Переводы,Перевод по номеру,Атырау,Онлайн,0
T00430,2026-04-26 10:45,C025,26597,Здоровье,Биосфера,Павлодар,Карта,0
T00431,2026-04-26 10:49,C053,15311,АЗС,Qazaq Oil,Астана,Перевод,0
T00432,2026-04-26 11:42,C011,1533,Транспорт,InDrive,Алматы,Карта,0
T00433,2026-04-26 12:21,C057,105760,Переводы,Перевод по номеру,Актобе,Карта,0
T00434,2026-04-26 12:52,C048,20678,Кафе и рестораны,Coffee Boom,Шымкент,Карта,0
T00435,2026-04-26 13:09,C025,126532,Переводы,Перевод на карту,Павлодар,Перевод,0
T00436,2026-04-26 13:13,C011,22349,Продукты,Анвар,Алматы,Перевод,0
T00437,2026-04-26 13:23,C041,304317,Переводы,Перевод по номеру,Астана,Онлайн,0
T00438,2026-04-26 16:49,C006,40535,Коммунальные,Казахтелеком,Караганда,Карта,0
T00439,2026-04-26 16:56,C041,50611,Здоровье,Биосфера,Астана,Карта,0
T00440,2026-04-26 18:55,C039,86033,Маркетплейсы,Kaspi Магазин,Атырау,QR,0
T00441,2026-04-26 19:10,C015,18718,Переводы,Перевод на карту,Шымкент,Онлайн,0
T00442,2026-04-26 19:27,C056,7162,Транспорт,InDrive,Караганда,Карта,0
T00443,2026-04-26 19:51,C043,21142,Продукты,Анвар,Павлодар,QR,0
T00444,2026-04-26 21:37,C022,35395,Кафе и рестораны,Coffee Boom,Усть-Каменогорск,QR,0
T00445,2026-04-26 22:46,C043,18217,Коммунальные,Алсеко,Павлодар,Перевод,0
T00446,2026-04-27 08:05,C009,102441,Переводы,Перевод по номеру,Алматы,Перевод,0
T00447,2026-04-27 09:20,C006,145139,Маркетплейсы,Wildberries,Караганда,Онлайн,0
T00448,2026-04-27 09:23,C031,23379,Кафе и рестораны,Rumi,Алматы,Карта,0
T00449,2026-04-27 10:54,C040,15384,Кафе и рестораны,Coffee Boom,Атырау,Карта,0
T00450,2026-04-27 11:03,C057,15947,Здоровье,Europharma,Актобе,Перевод,0
T00451,2026-04-27 11:55,C055,161136,Маркетплейсы,Ozon,Павлодар,Карта,0
T00452,2026-04-27 13:55,C033,6733,Транспорт,Onay,Алматы,QR,0
T00453,2026-04-27 16:46,C012,199445,Переводы,Перевод на карту,Караганда,Карта,0
T00454,2026-04-27 18:35,C027,1459,Транспорт,InDrive,Атырау,Онлайн,0
T00455,2026-04-27 18:54,C024,27312,Продукты,Анвар,Атырау,Онлайн,0
T00456,2026-04-27 20:52,C043,147394,Маркетплейсы,Ozon,Павлодар,Перевод,0
T00457,2026-04-27 21:00,C003,16389,Здоровье,Биосфера,Астана,Онлайн,0
T00458,2026-04-28 08:50,C022,32720,АЗС,Sinooil,Усть-Каменогорск,Карта,0
T00459,2026-04-28 09:11,C032,34238,Здоровье,Биосфера,Атырау,Онлайн,0
T00460,2026-04-28 09:26,C058,551,Транспорт,Яндекс Go,Атырау,Карта,0
T00461,2026-04-28 10:19,C009,1796,Здоровье,Биосфера,Алматы,Перевод,0
T00462,2026-04-28 10:27,C015,133143,Маркетплейсы,Wildberries,Шымкент,Перевод,0
T00463,2026-04-28 13:15,C053,27655,АЗС,Sinooil,Астана,QR,0
T00464,2026-04-28 13:35,C020,221409,Переводы,Перевод на карту,Актобе,Онлайн,0
T00465,2026-04-28 13:43,C044,13393,Коммунальные,Казахтелеком,Шымкент,QR,0
T00466,2026-04-28 14:08,C007,29212,Продукты,Galmart,Шымкент,Онлайн,0
T00467,2026-04-28 14:40,C059,17413,Продукты,Galmart,Караганда,QR,0
T00468,2026-04-28 15:42,C030,25911,Коммунальные,Астана-ЕРЦ,Актобе,QR,0
T00469,2026-04-28 15:45,C005,281263,Переводы,Перевод по номеру,Шымкент,Карта,0
T00470,2026-04-28 18:03,C033,207419,Переводы,Перевод по номеру,Алматы,QR,0
T00471,2026-04-28 18:14,C004,86363,Маркетплейсы,Ozon,Шымкент,Перевод,0
T00472,2026-04-28 18:37,C031,4624,Продукты,Small,Алматы,Карта,0
T00473,2026-04-28 19:00,C011,8955,Коммунальные,Алсеко,Алматы,Онлайн,0
T00474,2026-04-28 20:01,C030,3380,Кафе и рестораны,Rumi,Актобе,Карта,0
T00475,2026-04-28 20:40,C017,83113,Переводы,Перевод на карту,Алматы,Онлайн,0
T00476,2026-04-28 21:09,C049,32700,Коммунальные,Астана-ЕРЦ,Караганда,QR,0
T00477,2026-04-29 02:53,C047,392185,Переводы,Перевод на карту,Актобе,Онлайн,1
T00478,2026-04-29 04:42,C022,964541,Переводы,Перевод на карту,Актобе,Онлайн,1
T00479,2026-04-29 09:28,C058,5203,Транспорт,InDrive,Атырау,Перевод,0
T00480,2026-04-29 09:50,C024,36828,Здоровье,Europharma,Атырау,Карта,0
T00481,2026-04-29 10:03,C031,50788,Коммунальные,Астана-ЕРЦ,Алматы,QR,0
T00482,2026-04-29 10:34,C027,2984,Транспорт,InDrive,Атырау,Карта,0
T00483,2026-04-29 10:44,C013,4416,Транспорт,Яндекс Go,Шымкент,Карта,0
T00484,2026-04-29 11:31,C010,199576,Переводы,Перевод по номеру,Астана,Карта,0
T00485,2026-04-29 11:40,C016,15288,АЗС,Helios,Шымкент,QR,0
T00486,2026-04-29 12:23,C030,12194,Коммунальные,Алсеко,Актобе,Онлайн,0
T00487,2026-04-29 14:23,C021,9891,Продукты,Magnum,Усть-Каменогорск,Перевод,0
T00488,2026-04-29 14:25,C057,3756,Кафе и рестораны,Del Papa,Актобе,Карта,0
T00489,2026-04-29 15:59,C032,21423,Кафе и рестораны,Del Papa,Атырау,QR,0
T00490,2026-04-29 16:08,C022,30957,Здоровье,Биосфера,Усть-Каменогорск,Перевод,0
T00491,2026-04-29 20:09,C021,17232,АЗС,Qazaq Oil,Усть-Каменогорск,Онлайн,0
T00492,2026-04-29 20:11,C041,32185,Здоровье,Биосфера,Астана,Онлайн,0
T00493,2026-04-29 21:18,C020,220839,Маркетплейсы,Kaspi Магазин,Актобе,Онлайн,0
T00494,2026-04-29 21:44,C051,9548,АЗС,Helios,Усть-Каменогорск,Перевод,0
T00495,2026-04-29 21:57,C006,22817,Кафе и рестораны,Coffee Boom,Караганда,Карта,0
T00496,2026-04-29 22:26,C013,18085,Здоровье,Europharma,Шымкент,Перевод,0
T00497,2026-04-29 22:30,C055,20119,Кафе и рестораны,Del Papa,Павлодар,Карта,0
T00498,2026-04-30 03:03,C025,682004,Переводы,Перевод на карту,Актобе,Онлайн,1
T00499,2026-04-30 09:16,C051,207064,Маркетплейсы,Wildberries,Усть-Каменогорск,Карта,0
T00500,2026-04-30 09:30,C059,26177,Маркетплейсы,Ozon,Караганда,Карта,0
T00501,2026-04-30 10:02,C004,226170,Переводы,Перевод на карту,Шымкент,Онлайн,0
T00502,2026-04-30 10:51,C032,10920,Продукты,Small,Атырау,Перевод,0
T00503,2026-04-30 12:50,C011,15108,Здоровье,Биосфера,Алматы,Перевод,0
T00504,2026-04-30 16:02,C048,41656,Переводы,Перевод по номеру,Шымкент,Перевод,0
T00505,2026-04-30 16:14,C003,91258,Переводы,Перевод на карту,Астана,QR,0
T00506,2026-04-30 17:23,C029,6485,АЗС,Qazaq Oil,Астана,Онлайн,0
T00507,2026-04-30 17:38,C020,32304,Здоровье,Invitro,Актобе,Карта,0
T00508,2026-04-30 19:08,C053,19979,Кафе и рестораны,Del Papa,Астана,Карта,0
T00509,2026-04-30 20:12,C040,197051,Переводы,Перевод на карту,Атырау,QR,0
T00510,2026-04-30 21:15,C051,75483,Коммунальные,Алсеко,Усть-Каменогорск,Перевод,0
T00511,2026-04-30 22:11,C032,81652,Маркетплейсы,Wildberries,Атырау,QR,0
T00512,2026-04-30 22:16,C002,6372,Продукты,Galmart,Караганда,Карта,0
T00513,2026-04-30 22:18,C044,4671,АЗС,Helios,Шымкент,Перевод,0
T00514,2026-05-01 08:12,C025,74713,Переводы,Перевод по номеру,Павлодар,Онлайн,0
T00515,2026-05-01 09:10,C011,34682,Коммунальные,Алсеко,Алматы,Карта,0
T00516,2026-05-01 11:13,C027,25522,Переводы,Перевод на карту,Атырау,QR,0
T00517,2026-05-01 13:05,C043,7502,Здоровье,Биосфера,Павлодар,Онлайн,0
T00518,2026-05-01 18:36,C021,64817,Маркетплейсы,Wildberries,Усть-Каменогорск,QR,0
T00519,2026-05-01 18:53,C003,4909,Здоровье,Invitro,Астана,Перевод,0
T00520,2026-05-01 18:58,C007,56080,Коммунальные,Алсеко,Шымкент,QR,0
T00521,2026-05-01 19:34,C003,100051,Маркетплейсы,Ozon,Астана,QR,0
T00522,2026-05-01 19:46,C048,4596,Транспорт,InDrive,Шымкент,QR,0
T00523,2026-05-01 19:48,C008,15168,АЗС,Helios,Астана,QR,0
T00524,2026-05-01 22:16,C022,4092,Здоровье,Биосфера,Усть-Каменогорск,Карта,0
T00525,2026-05-01 22:36,C001,31974,Переводы,Перевод по номеру,Алматы,Карта,0
T00526,2026-05-02 08:00,C014,6108,Транспорт,Onay,Атырау,Карта,0
T00527,2026-05-02 08:40,C003,17340,Здоровье,Europharma,Астана,QR,0
T00528,2026-05-02 08:48,C025,149126,Маркетплейсы,Kaspi Магазин,Павлодар,Онлайн,0
T00529,2026-05-02 10:33,C029,17634,Кафе и рестораны,Rumi,Астана,Онлайн,0
T00530,2026-05-02 13:05,C024,2169,Транспорт,Onay,Атырау,QR,0
T00531,2026-05-02 14:46,C053,52109,Маркетплейсы,Kaspi Магазин,Астана,Карта,0
T00532,2026-05-02 14:59,C028,23440,Продукты,Small,Караганда,Онлайн,0
T00533,2026-05-02 15:44,C003,9011,Здоровье,Биосфера,Астана,Перевод,0
T00534,2026-05-02 17:08,C059,39724,Кафе и рестораны,Coffee Boom,Караганда,QR,0
T00535,2026-05-02 17:43,C007,36813,Коммунальные,Алсеко,Шымкент,Перевод,0
T00536,2026-05-02 20:23,C006,35022,Коммунальные,Алсеко,Караганда,Онлайн,0
T00537,2026-05-02 22:38,C022,11194,Кафе и рестораны,Del Papa,Усть-Каменогорск,QR,0
T00538,2026-05-03 01:58,C002,772824,Переводы,Перевод на карту,Атырау,Онлайн,1
T00539,2026-05-03 03:46,C010,1363698,Переводы,Перевод на карту,Усть-Каменогорск,Онлайн,1
T00540,2026-05-03 08:19,C002,77424,Переводы,Перевод по номеру,Караганда,Перевод,0
T00541,2026-05-03 09:25,C007,15900,Кафе и рестораны,Rumi,Шымкент,Перевод,0
T00542,2026-05-03 14:42,C034,5559,Переводы,Перевод на карту,Астана,Карта,0
T00543,2026-05-03 14:44,C035,104578,Маркетплейсы,Ozon,Караганда,Перевод,0
T00544,2026-05-03 16:02,C044,15262,АЗС,Helios,Шымкент,Карта,0
T00545,2026-05-03 16:07,C032,22597,Кафе и рестораны,Rumi,Атырау,Перевод,0
T00546,2026-05-03 17:32,C039,81885,Маркетплейсы,Wildberries,Атырау,Карта,0
T00547,2026-05-03 17:37,C014,9778,Продукты,Magnum,Атырау,QR,0
T00548,2026-05-03 18:44,C006,180936,Маркетплейсы,Ozon,Караганда,Карта,0
T00549,2026-05-03 18:57,C024,2987,Транспорт,Яндекс Go,Атырау,Онлайн,0
T00550,2026-05-03 19:39,C029,18709,Коммунальные,Казахтелеком,Астана,Перевод,0
T00551,2026-05-03 21:02,C035,31132,Кафе и рестораны,Del Papa,Караганда,QR,0
T00552,2026-05-03 22:58,C055,558,Транспорт,Onay,Павлодар,Карта,0
T00553,2026-05-04 04:02,C032,1374995,Переводы,Перевод на карту,Актобе,Онлайн,1
T00554,2026-05-04 08:30,C019,21558,Продукты,Magnum,Усть-Каменогорск,Карта,0
T00555,2026-05-04 09:58,C004,55397,Маркетплейсы,Ozon,Шымкент,Онлайн,0
T00556,2026-05-04 10:01,C056,37322,АЗС,Helios,Караганда,QR,0
T00557,2026-05-04 10:55,C017,1946,Продукты,Magnum,Алматы,Онлайн,0
T00558,2026-05-04 11:00,C019,18214,Кафе и рестораны,Rumi,Усть-Каменогорск,Карта,0
T00559,2026-05-04 11:40,C036,70478,Коммунальные,Казахтелеком,Шымкент,QR,0
T00560,2026-05-04 12:02,C030,28770,Коммунальные,Астана-ЕРЦ,Актобе,QR,0
T00561,2026-05-04 12:04,C040,230361,Маркетплейсы,Kaspi Магазин,Атырау,Онлайн,0
T00562,2026-05-04 13:18,C021,8547,АЗС,Helios,Усть-Каменогорск,Карта,0
T00563,2026-05-04 14:02,C030,6173,Кафе и рестораны,Del Papa,Актобе,QR,0
T00564,2026-05-04 15:40,C032,19153,Продукты,Galmart,Атырау,QR,0
T00565,2026-05-04 16:55,C035,20437,Кафе и рестораны,Rumi,Караганда,Онлайн,0
T00566,2026-05-04 17:45,C006,272040,Переводы,Перевод на карту,Караганда,Онлайн,0
T00567,2026-05-04 19:02,C051,19245,АЗС,Helios,Усть-Каменогорск,Карта,0
T00568,2026-05-04 19:20,C034,52098,Коммунальные,Казахтелеком,Астана,Перевод,0
T00569,2026-05-04 20:23,C007,136213,Переводы,Перевод по номеру,Шымкент,Перевод,0
T00570,2026-05-04 22:18,C024,43335,Здоровье,Биосфера,Атырау,Онлайн,0
T00571,2026-05-05 08:22,C006,120662,Маркетплейсы,Ozon,Караганда,QR,0
T00572,2026-05-05 09:08,C020,218989,Переводы,Перевод на карту,Актобе,Онлайн,0
T00573,2026-05-05 09:50,C021,16732,Продукты,Анвар,Усть-Каменогорск,QR,0
T00574,2026-05-05 12:20,C027,108476,Маркетплейсы,Kaspi Магазин,Атырау,Онлайн,0
T00575,2026-05-05 12:30,C015,207084,Переводы,Перевод по номеру,Шымкент,Перевод,0
T00576,2026-05-05 14:09,C056,51094,Здоровье,Europharma,Караганда,Перевод,0
T00577,2026-05-05 14:41,C053,19130,АЗС,Helios,Астана,Карта,0
T00578,2026-05-05 15:09,C007,21453,АЗС,Sinooil,Шымкент,Перевод,0
T00579,2026-05-05 16:54,C018,24877,Здоровье,Invitro,Астана,Перевод,0
T00580,2026-05-05 18:46,C014,88664,Маркетплейсы,Wildberries,Атырау,Онлайн,0
T00581,2026-05-05 19:33,C045,60808,Переводы,Перевод по номеру,Алматы,QR,0
T00582,2026-05-05 21:04,C006,20843,Кафе и рестораны,Coffee Boom,Караганда,Онлайн,0
T00583,2026-05-05 21:20,C050,46766,Здоровье,Invitro,Алматы,Онлайн,0
T00584,2026-05-05 22:07,C031,4157,Здоровье,Биосфера,Алматы,Перевод,0
T00585,2026-05-06 04:37,C038,687589,Переводы,Перевод на карту,Атырау,Онлайн,1
T00586,2026-05-06 08:18,C006,8013,Транспорт,Onay,Караганда,QR,0
T00587,2026-05-06 09:00,C011,2982,Кафе и рестораны,Del Papa,Алматы,QR,0
T00588,2026-05-06 09:39,C007,46397,Коммунальные,Астана-ЕРЦ,Шымкент,QR,0
T00589,2026-05-06 10:47,C048,5104,Транспорт,InDrive,Шымкент,Карта,0
T00590,2026-05-06 11:07,C023,123068,Переводы,Перевод по номеру,Астана,Перевод,0
T00591,2026-05-06 12:50,C034,53767,Здоровье,Биосфера,Астана,Онлайн,0
T00592,2026-05-06 13:56,C033,29492,Коммунальные,Казахтелеком,Алматы,QR,0
T00593,2026-05-06 14:11,C001,7474,Здоровье,Europharma,Алматы,Карта,0
T00594,2026-05-06 15:56,C034,191148,Маркетплейсы,Wildberries,Астана,Карта,0
T00595,2026-05-06 16:13,C007,19522,Продукты,Анвар,Шымкент,Онлайн,0
T00596,2026-05-06 16:40,C025,4423,Транспорт,Onay,Павлодар,Онлайн,0
T00597,2026-05-06 16:51,C038,21645,Продукты,Анвар,Караганда,Перевод,0
T00598,2026-05-06 17:24,C036,46750,АЗС,Helios,Шымкент,QR,0
T00599,2026-05-06 17:29,C033,1569,Транспорт,Onay,Алматы,QR,0
T00600,2026-05-06 17:58,C034,17696,Кафе и рестораны,Del Papa,Астана,Перевод,0
T00601,2026-05-06 19:21,C007,26847,Продукты,Анвар,Шымкент,QR,0
T00602,2026-05-06 20:02,C026,5832,АЗС,Qazaq Oil,Алматы,Онлайн,0
T00603,2026-05-06 20:16,C005,18897,АЗС,Helios,Шымкент,Карта,0
T00604,2026-05-06 20:20,C046,10580,Продукты,Small,Алматы,Онлайн,0
T00605,2026-05-06 20:44,C009,206637,Переводы,Перевод на карту,Алматы,Карта,0
T00606,2026-05-06 21:51,C057,7259,Кафе и рестораны,Rumi,Актобе,Карта,0
T00607,2026-05-07 08:42,C033,31134,Здоровье,Биосфера,Алматы,Карта,0
T00608,2026-05-07 08:58,C031,58057,Переводы,Перевод по номеру,Алматы,Онлайн,0
T00609,2026-05-07 09:17,C032,15119,Кафе и рестораны,Rumi,Атырау,Онлайн,0
T00610,2026-05-07 10:30,C038,9444,Транспорт,Onay,Караганда,Карта,0
T00611,2026-05-07 12:27,C006,7302,АЗС,Qazaq Oil,Караганда,QR,0
T00612,2026-05-07 12:29,C047,69239,Коммунальные,Астана-ЕРЦ,Шымкент,Карта,0
T00613,2026-05-07 12:47,C028,52787,Маркетплейсы,Ozon,Караганда,Онлайн,0
T00614,2026-05-07 13:47,C011,3694,Здоровье,Биосфера,Алматы,Перевод,0
T00615,2026-05-07 14:39,C037,39337,Кафе и рестораны,Coffee Boom,Павлодар,QR,0
T00616,2026-05-07 15:59,C057,2715,Продукты,Magnum,Актобе,Перевод,0
T00617,2026-05-07 17:15,C044,3508,Транспорт,Onay,Шымкент,Онлайн,0
T00618,2026-05-07 17:40,C010,17852,Здоровье,Биосфера,Астана,Онлайн,0
T00619,2026-05-07 19:25,C053,28008,Кафе и рестораны,Rumi,Астана,QR,0
T00620,2026-05-07 19:40,C005,45090,Кафе и рестораны,Del Papa,Шымкент,QR,0
T00621,2026-05-07 19:46,C020,27979,Кафе и рестораны,Rumi,Актобе,Онлайн,0
T00622,2026-05-07 20:55,C019,16510,Маркетплейсы,Ozon,Усть-Каменогорск,QR,0
T00623,2026-05-07 20:58,C049,1626,Транспорт,InDrive,Караганда,Онлайн,0
T00624,2026-05-07 21:25,C054,13462,Продукты,Magnum,Усть-Каменогорск,Карта,0
T00625,2026-05-07 21:47,C034,7079,Транспорт,Яндекс Go,Астана,QR,0
T00626,2026-05-07 22:06,C045,25220,Продукты,Magnum,Алматы,Онлайн,0
T00627,2026-05-08 08:17,C016,22763,Кафе и рестораны,Del Papa,Шымкент,Онлайн,0
T00628,2026-05-08 11:09,C023,32208,Здоровье,Биосфера,Астана,Онлайн,0
T00629,2026-05-08 11:13,C029,29918,Коммунальные,Астана-ЕРЦ,Астана,Карта,0
T00630,2026-05-08 12:12,C005,9953,Кафе и рестораны,Del Papa,Шымкент,Карта,0
T00631,2026-05-08 12:38,C048,11799,Маркетплейсы,Kaspi Магазин,Шымкент,Онлайн,0
T00632,2026-05-08 13:36,C054,11635,АЗС,Helios,Усть-Каменогорск,Перевод,0
T00633,2026-05-08 13:41,C031,73544,Переводы,Перевод на карту,Алматы,Карта,0
T00634,2026-05-08 13:43,C050,33390,АЗС,Sinooil,Алматы,Перевод,0
T00635,2026-05-08 15:27,C024,2747,Здоровье,Europharma,Атырау,QR,0
T00636,2026-05-08 16:18,C040,767,Транспорт,Onay,Атырау,Перевод,0
T00637,2026-05-08 16:29,C060,49566,Кафе и рестораны,Coffee Boom,Усть-Каменогорск,Перевод,0
T00638,2026-05-08 17:20,C046,17775,Переводы,Перевод на карту,Алматы,Онлайн,0
T00639,2026-05-08 17:45,C011,21145,Продукты,Magnum,Алматы,Перевод,0
T00640,2026-05-08 18:09,C020,21055,Продукты,Galmart,Актобе,Онлайн,0
T00641,2026-05-08 18:13,C032,15632,Здоровье,Europharma,Атырау,Онлайн,0
T00642,2026-05-08 19:45,C049,20060,Кафе и рестораны,Del Papa,Караганда,Карта,0
T00643,2026-05-08 19:54,C022,131935,Переводы,Перевод на карту,Усть-Каменогорск,Перевод,0
T00644,2026-05-08 20:00,C024,43024,Здоровье,Invitro,Атырау,Карта,0
T00645,2026-05-08 20:29,C022,18263,Коммунальные,Алсеко,Усть-Каменогорск,Онлайн,0
T00646,2026-05-08 21:03,C013,33364,Коммунальные,Алсеко,Шымкент,QR,0
T00647,2026-05-09 01:28,C005,424202,Переводы,Перевод на карту,Усть-Каменогорск,Онлайн,1
T00648,2026-05-09 08:14,C024,14217,АЗС,Qazaq Oil,Атырау,Перевод,0
T00649,2026-05-09 08:35,C048,17018,АЗС,Helios,Шымкент,QR,0
T00650,2026-05-09 09:23,C023,15290,Коммунальные,Казахтелеком,Астана,Карта,0
T00651,2026-05-09 09:49,C012,33625,Здоровье,Invitro,Караганда,Карта,0
T00652,2026-05-09 10:17,C019,11581,Коммунальные,Казахтелеком,Усть-Каменогорск,Карта,0
T00653,2026-05-09 12:09,C048,29934,Здоровье,Биосфера,Шымкент,QR,0
T00654,2026-05-09 14:13,C027,23394,АЗС,Helios,Атырау,Онлайн,0
T00655,2026-05-09 14:32,C033,25168,АЗС,Qazaq Oil,Алматы,Карта,0
T00656,2026-05-09 15:04,C037,9239,Транспорт,Яндекс Go,Павлодар,Перевод,0
T00657,2026-05-09 16:00,C046,27380,АЗС,Sinooil,Алматы,Перевод,0
T00658,2026-05-09 16:02,C002,26384,Кафе и рестораны,Coffee Boom,Караганда,QR,0
T00659,2026-05-09 16:46,C006,29305,АЗС,Qazaq Oil,Караганда,Карта,0
T00660,2026-05-09 16:48,C012,17662,АЗС,Helios,Караганда,Онлайн,0
T00661,2026-05-09 18:29,C031,937,Транспорт,InDrive,Алматы,Карта,0
T00662,2026-05-09 18:36,C056,8630,Продукты,Galmart,Караганда,Карта,0
T00663,2026-05-09 18:46,C029,64960,Переводы,Перевод по номеру,Астана,Карта,0
T00664,2026-05-09 19:04,C050,2971,Транспорт,Onay,Алматы,Перевод,0
T00665,2026-05-09 19:56,C048,13885,Здоровье,Invitro,Шымкент,Онлайн,0
T00666,2026-05-09 20:17,C053,151154,Переводы,Перевод на карту,Астана,Перевод,0
T00667,2026-05-09 20:36,C003,4001,Транспорт,Яндекс Go,Астана,QR,0
T00668,2026-05-09 20:41,C031,6719,Продукты,Small,Алматы,Онлайн,0
T00669,2026-05-09 20:44,C012,27841,Продукты,Magnum,Караганда,Перевод,0
T00670,2026-05-09 20:48,C024,27074,АЗС,Helios,Атырау,QR,0
T00671,2026-05-09 22:00,C035,22693,Кафе и рестораны,Rumi,Караганда,Онлайн,0
T00672,2026-05-09 22:29,C032,27212,Продукты,Анвар,Атырау,Перевод,0
T00673,2026-05-10 08:29,C013,21808,Кафе и рестораны,Del Papa,Шымкент,Карта,0
T00674,2026-05-10 08:47,C022,126776,Маркетплейсы,Ozon,Усть-Каменогорск,Перевод,0
T00675,2026-05-10 09:10,C011,13104,Кафе и рестораны,Rumi,Алматы,Онлайн,0
T00676,2026-05-10 12:32,C044,13326,Переводы,Перевод по номеру,Шымкент,QR,0
T00677,2026-05-10 13:50,C029,69608,Переводы,Перевод по номеру,Астана,QR,0
T00678,2026-05-10 14:45,C009,52594,Коммунальные,Астана-ЕРЦ,Алматы,Онлайн,0
T00679,2026-05-10 20:06,C015,27796,Маркетплейсы,Kaspi Магазин,Шымкент,Онлайн,0
T00680,2026-05-10 20:46,C017,91840,Маркетплейсы,Kaspi Магазин,Алматы,Карта,0
T00681,2026-05-10 21:44,C047,58627,Здоровье,Europharma,Шымкент,Карта,0
T00682,2026-05-10 22:06,C049,32313,Здоровье,Invitro,Караганда,Перевод,0
T00683,2026-05-11 08:50,C052,58588,Здоровье,Europharma,Алматы,Онлайн,0
T00684,2026-05-11 09:43,C042,28390,Маркетплейсы,Ozon,Шымкент,QR,0
T00685,2026-05-11 09:48,C046,35891,Здоровье,Биосфера,Алматы,QR,0
T00686,2026-05-11 09:55,C057,18592,АЗС,Sinooil,Актобе,Онлайн,0
T00687,2026-05-11 11:04,C052,9661,Кафе и рестораны,Del Papa,Алматы,Онлайн,0
T00688,2026-05-11 11:33,C023,23358,Кафе и рестораны,Coffee Boom,Астана,QR,0
T00689,2026-05-11 11:38,C053,5459,Транспорт,Яндекс Go,Астана,Карта,0
T00690,2026-05-11 11:49,C041,98484,Маркетплейсы,Kaspi Магазин,Астана,QR,0
T00691,2026-05-11 12:49,C011,16596,Маркетплейсы,Ozon,Алматы,Карта,0
T00692,2026-05-11 13:06,C039,26669,Здоровье,Invitro,Атырау,Онлайн,0
T00693,2026-05-11 13:38,C014,7521,Транспорт,Яндекс Go,Атырау,QR,0
T00694,2026-05-11 15:29,C010,2363,Кафе и рестораны,Rumi,Астана,QR,0
T00695,2026-05-11 16:21,C036,76027,Маркетплейсы,Ozon,Шымкент,Карта,0
T00696,2026-05-11 17:20,C049,103405,Маркетплейсы,Kaspi Магазин,Караганда,Карта,0
T00697,2026-05-11 18:26,C042,82442,Переводы,Перевод по номеру,Шымкент,QR,0
T00698,2026-05-11 18:59,C021,425,Транспорт,InDrive,Усть-Каменогорск,Перевод,0
T00699,2026-05-11 20:44,C002,12521,Коммунальные,Астана-ЕРЦ,Караганда,Онлайн,0
T00700,2026-05-11 21:38,C052,35777,Здоровье,Invitro,Алматы,QR,0
T00701,2026-05-11 22:55,C040,13579,Здоровье,Биосфера,Атырау,Карта,0
T00702,2026-05-12 09:13,C022,39151,Маркетплейсы,Kaspi Магазин,Усть-Каменогорск,QR,0
T00703,2026-05-12 09:36,C048,5466,Продукты,Small,Шымкент,Онлайн,0
T00704,2026-05-12 10:04,C041,49296,Здоровье,Invitro,Астана,Перевод,0
T00705,2026-05-12 10:19,C032,1617,Здоровье,Europharma,Атырау,Карта,0
T00706,2026-05-12 10:32,C025,41056,Переводы,Перевод на карту,Павлодар,QR,0
T00707,2026-05-12 13:02,C035,10708,Продукты,Small,Караганда,Карта,0
T00708,2026-05-12 13:06,C051,43107,АЗС,Qazaq Oil,Усть-Каменогорск,Перевод,0
T00709,2026-05-12 13:47,C045,12475,Коммунальные,Алсеко,Алматы,QR,0
T00710,2026-05-12 14:07,C045,4740,Транспорт,InDrive,Алматы,Онлайн,0
T00711,2026-05-12 14:29,C035,43853,Коммунальные,Астана-ЕРЦ,Караганда,QR,0
T00712,2026-05-12 16:15,C060,17671,Здоровье,Europharma,Усть-Каменогорск,QR,0
T00713,2026-05-12 18:12,C030,15798,Продукты,Galmart,Актобе,Карта,0
T00714,2026-05-12 18:38,C049,27345,АЗС,Helios,Караганда,Онлайн,0
T00715,2026-05-12 19:47,C016,20394,АЗС,Qazaq Oil,Шымкент,QR,0
T00716,2026-05-12 20:07,C058,2583,Транспорт,Onay,Атырау,QR,0
T00717,2026-05-12 21:32,C022,179284,Маркетплейсы,Ozon,Усть-Каменогорск,QR,0
T00718,2026-05-12 22:08,C056,276015,Переводы,Перевод на карту,Караганда,Онлайн,0
T00719,2026-05-12 22:28,C023,22232,АЗС,Sinooil,Астана,Онлайн,0
T00720,2026-05-13 08:41,C045,54173,Маркетплейсы,Wildberries,Алматы,Перевод,0
T00721,2026-05-13 10:20,C006,61712,Коммунальные,Астана-ЕРЦ,Караганда,Перевод,0
T00722,2026-05-13 10:54,C015,8861,Переводы,Перевод по номеру,Шымкент,Перевод,0
T00723,2026-05-13 11:28,C037,40736,Кафе и рестораны,Del Papa,Павлодар,Карта,0
T00724,2026-05-13 12:05,C055,148986,Переводы,Перевод на карту,Павлодар,QR,0
T00725,2026-05-13 12:07,C021,16637,Кафе и рестораны,Rumi,Усть-Каменогорск,QR,0
T00726,2026-05-13 12:45,C052,29577,АЗС,Sinooil,Алматы,Перевод,0
T00727,2026-05-13 12:57,C055,18352,Кафе и рестораны,Coffee Boom,Павлодар,Перевод,0
T00728,2026-05-13 12:59,C014,10523,Продукты,Анвар,Атырау,Карта,0
T00729,2026-05-13 14:00,C001,15537,Продукты,Galmart,Алматы,Онлайн,0
T00730,2026-05-13 15:28,C028,133832,Переводы,Перевод на карту,Караганда,QR,0
T00731,2026-05-13 17:08,C010,244766,Переводы,Перевод по номеру,Астана,Карта,0
T00732,2026-05-13 17:38,C003,101375,Маркетплейсы,Ozon,Астана,Карта,0
T00733,2026-05-13 17:40,C040,28773,АЗС,Helios,Атырау,Перевод,0
T00734,2026-05-13 18:07,C024,39065,Кафе и рестораны,Rumi,Атырау,QR,0
T00735,2026-05-13 18:39,C009,13519,Маркетплейсы,Ozon,Алматы,Онлайн,0
T00736,2026-05-13 18:53,C038,21342,АЗС,Helios,Караганда,Онлайн,0
T00737,2026-05-13 19:19,C004,43277,Здоровье,Europharma,Шымкент,Перевод,0
T00738,2026-05-13 19:28,C006,103768,Переводы,Перевод по номеру,Караганда,Перевод,0
T00739,2026-05-13 19:43,C015,27872,Коммунальные,Алсеко,Шымкент,Карта,0
T00740,2026-05-13 20:11,C017,12288,Кафе и рестораны,Coffee Boom,Алматы,Перевод,0
T00741,2026-05-14 01:06,C028,821872,Переводы,Перевод на карту,Павлодар,Онлайн,1
T00742,2026-05-14 08:12,C060,59810,Здоровье,Invitro,Усть-Каменогорск,Онлайн,0
T00743,2026-05-14 09:14,C031,6214,Здоровье,Биосфера,Алматы,Перевод,0
T00744,2026-05-14 09:19,C019,19245,АЗС,Qazaq Oil,Усть-Каменогорск,Онлайн,0
T00745,2026-05-14 09:32,C005,148390,Маркетплейсы,Ozon,Шымкент,QR,0
T00746,2026-05-14 10:05,C004,4508,Транспорт,Onay,Шымкент,QR,0
T00747,2026-05-14 11:22,C054,211433,Маркетплейсы,Wildberries,Усть-Каменогорск,Карта,0
T00748,2026-05-14 13:43,C033,10750,АЗС,Helios,Алматы,Перевод,0
T00749,2026-05-14 16:40,C007,38160,Здоровье,Биосфера,Шымкент,QR,0
T00750,2026-05-14 17:27,C032,44681,Маркетплейсы,Wildberries,Атырау,QR,0
T00751,2026-05-14 18:39,C007,5775,Транспорт,InDrive,Шымкент,Перевод,0
T00752,2026-05-14 18:59,C030,23483,Здоровье,Invitro,Актобе,QR,0
T00753,2026-05-14 19:23,C021,86875,Переводы,Перевод на карту,Усть-Каменогорск,QR,0
T00754,2026-05-14 19:50,C008,13168,Здоровье,Europharma,Астана,Онлайн,0
T00755,2026-05-14 20:13,C033,21848,АЗС,Qazaq Oil,Алматы,Перевод,0
T00756,2026-05-14 21:42,C012,64870,Коммунальные,Астана-ЕРЦ,Караганда,Перевод,0
T00757,2026-05-14 22:25,C050,39827,АЗС,Qazaq Oil,Алматы,Карта,0
T00758,2026-05-15 02:47,C041,1271301,Переводы,Перевод на карту,Павлодар,Онлайн,1
T00759,2026-05-15 08:16,C058,83398,Маркетплейсы,Ozon,Атырау,Карта,0
T00760,2026-05-15 09:42,C005,61865,Коммунальные,Астана-ЕРЦ,Шымкент,Карта,0
T00761,2026-05-15 10:13,C012,52194,Здоровье,Europharma,Караганда,Карта,0
T00762,2026-05-15 10:18,C059,11977,Кафе и рестораны,Rumi,Караганда,Онлайн,0
T00763,2026-05-15 12:16,C060,69354,Маркетплейсы,Ozon,Усть-Каменогорск,Перевод,0
T00764,2026-05-15 12:19,C039,9655,АЗС,Helios,Атырау,QR,0
T00765,2026-05-15 12:50,C020,179740,Маркетплейсы,Wildberries,Актобе,QR,0
T00766,2026-05-15 14:56,C007,27861,Продукты,Magnum,Шымкент,Онлайн,0
T00767,2026-05-15 15:02,C011,10382,Коммунальные,Астана-ЕРЦ,Алматы,QR,0
T00768,2026-05-15 15:02,C038,16712,Кафе и рестораны,Del Papa,Караганда,Онлайн,0
T00769,2026-05-15 15:58,C007,106608,Маркетплейсы,Ozon,Шымкент,Перевод,0
T00770,2026-05-15 16:58,C041,28914,Кафе и рестораны,Coffee Boom,Астана,Карта,0
T00771,2026-05-15 18:35,C021,83014,Маркетплейсы,Ozon,Усть-Каменогорск,QR,0
T00772,2026-05-15 19:35,C011,96089,Маркетплейсы,Ozon,Алматы,Перевод,0
T00773,2026-05-15 21:45,C021,3309,Транспорт,InDrive,Усть-Каменогорск,QR,0
T00774,2026-05-15 22:12,C054,11843,АЗС,Helios,Усть-Каменогорск,Перевод,0
T00775,2026-05-16 01:26,C018,669675,Переводы,Перевод на карту,Павлодар,Онлайн,1
T00776,2026-05-16 03:26,C054,334988,Переводы,Перевод на карту,Алматы,Онлайн,1
T00777,2026-05-16 08:07,C029,31082,Здоровье,Invitro,Астана,Перевод,0
T00778,2026-05-16 08:55,C038,101418,Маркетплейсы,Wildberries,Караганда,Перевод,0
T00779,2026-05-16 11:45,C027,8961,Маркетплейсы,Ozon,Атырау,QR,0
T00780,2026-05-16 12:01,C030,18499,Коммунальные,Казахтелеком,Актобе,Карта,0
T00781,2026-05-16 12:07,C027,18601,Кафе и рестораны,Rumi,Атырау,QR,0
T00782,2026-05-16 12:25,C020,6298,Здоровье,Europharma,Актобе,Онлайн,0
T00783,2026-05-16 14:33,C031,2763,Транспорт,Яндекс Go,Алматы,Онлайн,0
T00784,2026-05-16 14:49,C052,13977,Коммунальные,Казахтелеком,Алматы,Карта,0
T00785,2026-05-16 15:14,C027,9012,Продукты,Magnum,Атырау,Перевод,0
T00786,2026-05-16 15:18,C058,19651,АЗС,Sinooil,Атырау,QR,0
T00787,2026-05-16 15:24,C056,137902,Маркетплейсы,Kaspi Магазин,Караганда,Онлайн,0
T00788,2026-05-16 15:58,C022,210360,Переводы,Перевод по номеру,Усть-Каменогорск,Карта,0
T00789,2026-05-16 16:25,C007,21712,Кафе и рестораны,Coffee Boom,Шымкент,QR,0
T00790,2026-05-16 17:00,C041,13183,АЗС,Helios,Астана,QR,0
T00791,2026-05-16 17:36,C014,6955,Транспорт,Яндекс Go,Атырау,Онлайн,0
T00792,2026-05-16 19:00,C011,5226,Транспорт,InDrive,Алматы,Онлайн,0
T00793,2026-05-16 19:59,C002,10059,Продукты,Анвар,Караганда,QR,0
T00794,2026-05-16 20:44,C002,18729,АЗС,Helios,Караганда,QR,0
T00795,2026-05-16 22:47,C038,266837,Маркетплейсы,Kaspi Магазин,Караганда,Онлайн,0
T00796,2026-05-16 22:51,C011,116374,Маркетплейсы,Wildberries,Алматы,Карта,0
T00797,2026-05-16 22:54,C009,13123,Продукты,Small,Алматы,QR,0
T00798,2026-05-17 10:18,C016,4479,Кафе и рестораны,Rumi,Шымкент,Онлайн,0
T00799,2026-05-17 11:47,C058,124441,Переводы,Перевод на карту,Атырау,Карта,0
T00800,2026-05-17 14:01,C025,260215,Переводы,Перевод на карту,Павлодар,Онлайн,0
T00801,2026-05-17 15:01,C045,198196,Переводы,Перевод на карту,Алматы,QR,0
T00802,2026-05-17 15:47,C031,1374,Транспорт,InDrive,Алматы,Перевод,0
T00803,2026-05-17 17:20,C011,21226,Продукты,Small,Алматы,Карта,0
T00804,2026-05-17 17:27,C003,22064,Коммунальные,Алсеко,Астана,Карта,0
T00805,2026-05-17 18:18,C030,1208,Здоровье,Europharma,Актобе,QR,0
T00806,2026-05-17 21:25,C024,828,Транспорт,Onay,Атырау,Перевод,0
T00807,2026-05-18 08:10,C030,12803,АЗС,Sinooil,Актобе,Карта,0
T00808,2026-05-18 08:47,C007,26823,Коммунальные,Алсеко,Шымкент,QR,0
T00809,2026-05-18 09:02,C046,14423,АЗС,Helios,Алматы,QR,0
T00810,2026-05-18 09:18,C016,7899,Продукты,Анвар,Шымкент,Карта,0
T00811,2026-05-18 11:04,C027,25517,Продукты,Анвар,Атырау,Перевод,0
T00812,2026-05-18 11:11,C024,21519,Маркетплейсы,Ozon,Атырау,Перевод,0
T00813,2026-05-18 12:01,C033,31236,Здоровье,Invitro,Алматы,Онлайн,0
T00814,2026-05-18 12:18,C020,25106,Кафе и рестораны,Del Papa,Актобе,Онлайн,0
T00815,2026-05-18 12:31,C030,49087,Переводы,Перевод на карту,Актобе,Карта,0
T00816,2026-05-18 13:53,C018,26887,Кафе и рестораны,Coffee Boom,Астана,Карта,0
T00817,2026-05-18 16:04,C013,24518,АЗС,Helios,Шымкент,Онлайн,0
T00818,2026-05-18 17:11,C056,17878,Продукты,Small,Караганда,Карта,0
T00819,2026-05-18 18:42,C006,27464,Переводы,Перевод на карту,Караганда,Карта,0
T00820,2026-05-18 22:14,C044,26268,Здоровье,Europharma,Шымкент,QR,0
T00821,2026-05-18 22:47,C007,50472,Здоровье,Биосфера,Шымкент,Карта,0
T00822,2026-05-19 09:08,C018,1369,Транспорт,InDrive,Астана,Перевод,0
T00823,2026-05-19 09:17,C033,136878,Переводы,Перевод на карту,Алматы,Карта,0
T00824,2026-05-19 10:54,C045,15156,Кафе и рестораны,Del Papa,Алматы,QR,0
T00825,2026-05-19 11:05,C041,257852,Переводы,Перевод на карту,Астана,Онлайн,0
T00826,2026-05-19 11:44,C047,40118,Коммунальные,Астана-ЕРЦ,Шымкент,Карта,0
T00827,2026-05-19 12:02,C030,3523,Кафе и рестораны,Rumi,Актобе,Перевод,0
T00828,2026-05-19 12:13,C001,3668,Транспорт,InDrive,Алматы,Карта,0
T00829,2026-05-19 13:59,C019,2892,Транспорт,InDrive,Усть-Каменогорск,Перевод,0
T00830,2026-05-19 14:44,C032,21619,АЗС,Helios,Атырау,Онлайн,0
T00831,2026-05-19 15:13,C012,44176,Кафе и рестораны,Rumi,Караганда,Онлайн,0
T00832,2026-05-19 15:38,C046,22679,АЗС,Qazaq Oil,Алматы,Онлайн,0
T00833,2026-05-19 15:51,C052,7064,Кафе и рестораны,Coffee Boom,Алматы,Перевод,0
T00834,2026-05-19 16:12,C031,39552,Коммунальные,Астана-ЕРЦ,Алматы,QR,0
T00835,2026-05-19 18:39,C044,2865,Транспорт,InDrive,Шымкент,QR,0
T00836,2026-05-19 19:21,C013,5174,Здоровье,Биосфера,Шымкент,Карта,0
T00837,2026-05-19 20:09,C041,2372,Транспорт,Яндекс Go,Астана,Карта,0
T00838,2026-05-19 20:48,C008,16306,Кафе и рестораны,Coffee Boom,Астана,QR,0
T00839,2026-05-19 21:04,C056,1504,Транспорт,InDrive,Караганда,QR,0
T00840,2026-05-19 21:13,C034,40654,Здоровье,Биосфера,Астана,Перевод,0
T00841,2026-05-19 21:37,C030,2577,Транспорт,Яндекс Go,Актобе,QR,0
T00842,2026-05-20 08:07,C019,8412,Коммунальные,Казахтелеком,Усть-Каменогорск,Карта,0
T00843,2026-05-20 08:46,C021,19401,Продукты,Small,Усть-Каменогорск,Онлайн,0
T00844,2026-05-20 09:11,C014,56253,Коммунальные,Казахтелеком,Атырау,Карта,0
T00845,2026-05-20 09:33,C021,22907,АЗС,Sinooil,Усть-Каменогорск,Перевод,0
T00846,2026-05-20 10:52,C052,22679,Коммунальные,Казахтелеком,Алматы,Карта,0
T00847,2026-05-20 10:59,C060,7492,Транспорт,Onay,Усть-Каменогорск,Перевод,0
T00848,2026-05-20 12:14,C003,8258,Кафе и рестораны,Rumi,Астана,Карта,0
T00849,2026-05-20 12:17,C019,17328,АЗС,Qazaq Oil,Усть-Каменогорск,Карта,0
T00850,2026-05-20 12:57,C028,8228,Транспорт,Onay,Караганда,Карта,0
T00851,2026-05-20 13:05,C026,157854,Переводы,Перевод по номеру,Алматы,QR,0
T00852,2026-05-20 14:35,C030,2890,Транспорт,InDrive,Актобе,Перевод,0
T00853,2026-05-20 14:42,C002,5906,Транспорт,InDrive,Караганда,QR,0
T00854,2026-05-20 15:20,C022,184840,Переводы,Перевод по номеру,Усть-Каменогорск,Перевод,0
T00855,2026-05-20 16:07,C012,55888,Здоровье,Биосфера,Караганда,Перевод,0
T00856,2026-05-20 16:17,C045,63032,Коммунальные,Астана-ЕРЦ,Алматы,Онлайн,0
T00857,2026-05-20 16:42,C017,8027,АЗС,Sinooil,Алматы,QR,0
T00858,2026-05-20 20:07,C007,26512,Коммунальные,Казахтелеком,Шымкент,Онлайн,0
T00859,2026-05-20 20:32,C059,45198,АЗС,Helios,Караганда,Онлайн,0
T00860,2026-05-20 21:38,C037,266753,Переводы,Перевод на карту,Павлодар,Онлайн,0
T00861,2026-05-20 21:43,C026,7931,Коммунальные,Казахтелеком,Алматы,Перевод,0
T00862,2026-05-20 21:48,C038,28221,Кафе и рестораны,Coffee Boom,Караганда,Перевод,0
T00863,2026-05-20 22:53,C016,1664,Транспорт,Onay,Шымкент,Карта,0
T00864,2026-05-21 08:05,C022,42502,Коммунальные,Алсеко,Усть-Каменогорск,Карта,0
T00865,2026-05-21 08:31,C046,59571,Маркетплейсы,Wildberries,Алматы,Перевод,0
T00866,2026-05-21 09:37,C003,97221,Переводы,Перевод по номеру,Астана,Карта,0
T00867,2026-05-21 10:22,C055,179445,Переводы,Перевод на карту,Павлодар,QR,0
T00868,2026-05-21 11:03,C032,140246,Маркетплейсы,Wildberries,Атырау,Карта,0
T00869,2026-05-21 11:29,C054,16596,АЗС,Helios,Усть-Каменогорск,Перевод,0
T00870,2026-05-21 11:40,C026,122291,Маркетплейсы,Kaspi Магазин,Алматы,Перевод,0
T00871,2026-05-21 11:43,C020,59712,Здоровье,Биосфера,Актобе,Перевод,0
T00872,2026-05-21 12:11,C026,9380,АЗС,Qazaq Oil,Алматы,QR,0
T00873,2026-05-21 13:14,C008,2203,Транспорт,Яндекс Go,Астана,Онлайн,0
T00874,2026-05-21 13:57,C046,40531,Маркетплейсы,Kaspi Магазин,Алматы,Перевод,0
T00875,2026-05-21 15:50,C056,33815,АЗС,Helios,Караганда,QR,0
T00876,2026-05-21 16:29,C018,3538,Транспорт,InDrive,Астана,Карта,0
T00877,2026-05-21 17:32,C007,3391,Транспорт,Яндекс Go,Шымкент,Карта,0
T00878,2026-05-21 18:21,C027,44179,Маркетплейсы,Ozon,Атырау,Перевод,0
T00879,2026-05-21 18:54,C032,6210,Транспорт,Onay,Атырау,Онлайн,0
T00880,2026-05-21 19:31,C045,34992,Здоровье,Europharma,Алматы,Онлайн,0
T00881,2026-05-21 19:37,C014,26364,Кафе и рестораны,Rumi,Атырау,Перевод,0
T00882,2026-05-21 19:43,C021,140057,Переводы,Перевод по номеру,Усть-Каменогорск,Карта,0
T00883,2026-05-21 21:13,C052,2343,Транспорт,Onay,Алматы,Онлайн,0
T00884,2026-05-21 21:40,C026,9950,Продукты,Galmart,Алматы,Онлайн,0
T00885,2026-05-22 08:09,C027,27219,Коммунальные,Алсеко,Атырау,QR,0
T00886,2026-05-22 10:30,C031,28958,Кафе и рестораны,Rumi,Алматы,QR,0
T00887,2026-05-22 10:50,C004,4031,Транспорт,Onay,Шымкент,Перевод,0
T00888,2026-05-22 11:21,C045,20883,Продукты,Small,Алматы,Онлайн,0
T00889,2026-05-22 11:39,C013,22731,АЗС,Sinooil,Шымкент,Перевод,0
T00890,2026-05-22 12:42,C022,31081,Здоровье,Invitro,Усть-Каменогорск,Перевод,0
T00891,2026-05-22 13:42,C041,9360,АЗС,Sinooil,Астана,Карта,0
T00892,2026-05-22 17:02,C046,6681,Продукты,Анвар,Алматы,Карта,0
T00893,2026-05-22 19:06,C037,28580,АЗС,Qazaq Oil,Павлодар,Карта,0
T00894,2026-05-22 20:38,C006,1578,Транспорт,Onay,Караганда,Карта,0
T00895,2026-05-22 21:01,C003,14389,АЗС,Helios,Астана,QR,0
T00896,2026-05-22 21:58,C002,17225,АЗС,Qazaq Oil,Караганда,QR,0
T00897,2026-05-22 22:05,C019,11554,Продукты,Magnum,Усть-Каменогорск,Онлайн,0
T00898,2026-05-23 09:11,C018,28514,АЗС,Qazaq Oil,Астана,Онлайн,0
T00899,2026-05-23 09:38,C049,28509,Продукты,Galmart,Караганда,Карта,0
T00900,2026-05-23 10:18,C046,8775,Коммунальные,Казахтелеком,Алматы,Онлайн,0
T00901,2026-05-23 10:55,C027,47480,Переводы,Перевод на карту,Атырау,Онлайн,0
T00902,2026-05-23 13:36,C035,17601,АЗС,Sinooil,Караганда,Онлайн,0
T00903,2026-05-23 14:04,C027,119833,Переводы,Перевод по номеру,Атырау,Онлайн,0
T00904,2026-05-23 14:07,C052,66702,Коммунальные,Астана-ЕРЦ,Алматы,Перевод,0
T00905,2026-05-23 14:22,C052,2253,Транспорт,InDrive,Алматы,QR,0
T00906,2026-05-23 15:08,C049,73480,Маркетплейсы,Kaspi Магазин,Караганда,QR,0
T00907,2026-05-23 15:09,C042,4289,Транспорт,Onay,Шымкент,Карта,0
T00908,2026-05-23 16:09,C034,26107,Продукты,Анвар,Астана,QR,0
T00909,2026-05-23 16:38,C010,41757,Коммунальные,Казахтелеком,Астана,Онлайн,0
T00910,2026-05-23 16:39,C048,4734,Переводы,Перевод по номеру,Шымкент,Карта,0
T00911,2026-05-23 16:53,C013,21407,Кафе и рестораны,Coffee Boom,Шымкент,Онлайн,0
T00912,2026-05-23 17:40,C044,22731,Здоровье,Europharma,Шымкент,Онлайн,0
T00913,2026-05-23 22:41,C044,32174,Коммунальные,Алсеко,Шымкент,Онлайн,0
T00914,2026-05-24 08:04,C049,16095,Коммунальные,Астана-ЕРЦ,Караганда,Перевод,0
T00915,2026-05-24 08:51,C057,19258,Продукты,Анвар,Актобе,QR,0
T00916,2026-05-24 09:31,C041,7271,Транспорт,Onay,Астана,Перевод,0
T00917,2026-05-24 10:24,C024,29578,Продукты,Galmart,Атырау,QR,0
T00918,2026-05-24 10:25,C015,5979,Кафе и рестораны,Del Papa,Шымкент,Онлайн,0
T00919,2026-05-24 11:29,C050,38671,Маркетплейсы,Kaspi Магазин,Алматы,Карта,0
T00920,2026-05-24 12:29,C026,34303,Маркетплейсы,Wildberries,Алматы,QR,0
T00921,2026-05-24 13:44,C046,10642,АЗС,Qazaq Oil,Алматы,Онлайн,0
T00922,2026-05-24 13:50,C023,18376,Переводы,Перевод на карту,Астана,Перевод,0
T00923,2026-05-24 14:16,C021,15860,Коммунальные,Алсеко,Усть-Каменогорск,Карта,0
T00924,2026-05-24 15:28,C027,189906,Переводы,Перевод по номеру,Атырау,Перевод,0
T00925,2026-05-24 15:51,C009,17570,Здоровье,Invitro,Алматы,Карта,0
T00926,2026-05-24 16:02,C027,27894,Коммунальные,Астана-ЕРЦ,Атырау,Онлайн,0
T00927,2026-05-24 16:49,C043,8384,Транспорт,InDrive,Павлодар,Перевод,0
T00928,2026-05-24 18:57,C029,3838,Кафе и рестораны,Coffee Boom,Астана,QR,0
T00929,2026-05-24 19:05,C026,28302,Здоровье,Invitro,Алматы,Карта,0
T00930,2026-05-24 19:47,C014,70999,Коммунальные,Алсеко,Атырау,QR,0
T00931,2026-05-24 21:01,C053,8756,Транспорт,Яндекс Go,Астана,Карта,0
T00932,2026-05-24 21:14,C031,8001,АЗС,Helios,Алматы,Карта,0
T00933,2026-05-24 21:46,C029,4458,Транспорт,Яндекс Go,Астана,Карта,0
T00934,2026-05-24 21:58,C008,12499,Здоровье,Europharma,Астана,QR,0
T00935,2026-05-25 09:11,C048,13999,Здоровье,Invitro,Шымкент,Карта,0
T00936,2026-05-25 11:06,C048,29554,Здоровье,Биосфера,Шымкент,Онлайн,0
T00937,2026-05-25 11:17,C009,27436,Продукты,Magnum,Алматы,Карта,0
T00938,2026-05-25 11:49,C032,106652,Переводы,Перевод на карту,Атырау,Карта,0
T00939,2026-05-25 12:30,C030,29313,Маркетплейсы,Ozon,Актобе,Карта,0
T00940,2026-05-25 14:39,C031,775,Транспорт,Onay,Алматы,QR,0
T00941,2026-05-25 15:30,C025,3671,Кафе и рестораны,Del Papa,Павлодар,Перевод,0
T00942,2026-05-25 15:45,C056,39845,Кафе и рестораны,Rumi,Караганда,QR,0
T00943,2026-05-25 17:19,C040,9271,Продукты,Magnum,Атырау,Перевод,0
T00944,2026-05-25 17:35,C038,313613,Переводы,Перевод по номеру,Караганда,Онлайн,0
T00945,2026-05-25 18:52,C023,32032,Здоровье,Биосфера,Астана,Перевод,0
T00946,2026-05-25 20:41,C021,15976,Кафе и рестораны,Rumi,Усть-Каменогорск,QR,0
T00947,2026-05-25 21:01,C057,1491,Транспорт,Яндекс Go,Актобе,QR,0
T00948,2026-05-26 09:01,C046,2485,Транспорт,Яндекс Go,Алматы,Перевод,0
T00949,2026-05-26 09:57,C010,7648,Здоровье,Europharma,Астана,Онлайн,0
T00950,2026-05-26 10:38,C029,22522,Коммунальные,Казахтелеком,Астана,Перевод,0
T00951,2026-05-26 11:07,C040,197000,Переводы,Перевод по номеру,Атырау,QR,0
T00952,2026-05-26 11:48,C053,37452,АЗС,Helios,Астана,Перевод,0
T00953,2026-05-26 15:04,C054,41918,АЗС,Sinooil,Усть-Каменогорск,Перевод,0
T00954,2026-05-26 16:06,C017,3137,Кафе и рестораны,Del Papa,Алматы,Онлайн,0
T00955,2026-05-26 16:29,C008,9458,Продукты,Анвар,Астана,Онлайн,0
T00956,2026-05-26 17:32,C041,25732,АЗС,Qazaq Oil,Астана,Карта,0
T00957,2026-05-26 17:41,C020,39058,Переводы,Перевод на карту,Актобе,Перевод,0
T00958,2026-05-26 17:42,C019,15990,АЗС,Qazaq Oil,Усть-Каменогорск,Онлайн,0
T00959,2026-05-26 19:30,C003,8348,АЗС,Sinooil,Астана,Перевод,0
T00960,2026-05-26 20:32,C005,18859,Коммунальные,Алсеко,Шымкент,Карта,0
T00961,2026-05-26 20:43,C031,26712,АЗС,Sinooil,Алматы,QR,0
T00962,2026-05-27 03:27,C002,882770,Переводы,Перевод на карту,Актобе,Онлайн,1
T00963,2026-05-27 04:38,C014,471255,Переводы,Перевод на карту,Актобе,Онлайн,1
T00964,2026-05-27 08:30,C033,67852,Коммунальные,Астана-ЕРЦ,Алматы,Онлайн,0
T00965,2026-05-27 10:51,C056,24082,Здоровье,Europharma,Караганда,Карта,0
T00966,2026-05-27 11:01,C040,37182,Кафе и рестораны,Del Papa,Атырау,Карта,0
T00967,2026-05-27 14:38,C005,5035,Продукты,Small,Шымкент,Перевод,0
T00968,2026-05-27 14:44,C003,11914,Коммунальные,Казахтелеком,Астана,Перевод,0
T00969,2026-05-27 15:37,C001,35962,Переводы,Перевод по номеру,Алматы,QR,0
T00970,2026-05-27 15:43,C029,19699,Коммунальные,Казахтелеком,Астана,Перевод,0
T00971,2026-05-27 16:08,C042,5077,Транспорт,Яндекс Go,Шымкент,QR,0
T00972,2026-05-27 17:22,C047,245625,Переводы,Перевод по номеру,Шымкент,QR,0
T00973,2026-05-27 18:09,C033,116055,Переводы,Перевод по номеру,Алматы,QR,0
T00974,2026-05-27 18:34,C012,155367,Маркетплейсы,Wildberries,Караганда,Перевод,0
T00975,2026-05-27 19:01,C026,17413,Продукты,Galmart,Алматы,QR,0
T00976,2026-05-27 19:18,C020,67866,Маркетплейсы,Kaspi Магазин,Актобе,Карта,0
T00977,2026-05-27 21:12,C055,119323,Переводы,Перевод по номеру,Павлодар,Перевод,0
T00978,2026-05-27 22:12,C026,14600,АЗС,Helios,Алматы,Онлайн,0
T00979,2026-05-28 04:55,C031,854734,Переводы,Перевод на карту,Астана,Онлайн,1
T00980,2026-05-28 08:12,C055,20957,Коммунальные,Казахтелеком,Павлодар,Карта,0
T00981,2026-05-28 08:20,C006,202636,Маркетплейсы,Ozon,Караганда,Перевод,0
T00982,2026-05-28 09:26,C042,153910,Маркетплейсы,Kaspi Магазин,Шымкент,Онлайн,0
T00983,2026-05-28 10:18,C045,137413,Маркетплейсы,Kaspi Магазин,Алматы,Онлайн,0
T00984,2026-05-28 10:27,C020,155763,Маркетплейсы,Ozon,Актобе,Онлайн,0
T00985,2026-05-28 10:47,C001,4764,АЗС,Sinooil,Алматы,Карта,0
T00986,2026-05-28 12:00,C029,680,Транспорт,Яндекс Go,Астана,Онлайн,0
T00987,2026-05-28 12:11,C042,24136,АЗС,Qazaq Oil,Шымкент,Перевод,0
T00988,2026-05-28 12:43,C008,22969,АЗС,Helios,Астана,Карта,0
T00989,2026-05-28 13:15,C011,77289,Переводы,Перевод на карту,Алматы,Перевод,0
T00990,2026-05-28 13:27,C041,8782,Продукты,Small,Астана,Перевод,0
T00991,2026-05-28 15:52,C043,14440,Маркетплейсы,Ozon,Павлодар,QR,0
T00992,2026-05-28 16:06,C043,18106,Коммунальные,Казахтелеком,Павлодар,Перевод,0
T00993,2026-05-28 19:13,C023,7413,Кафе и рестораны,Rumi,Астана,Перевод,0
T00994,2026-05-28 19:56,C012,21835,АЗС,Helios,Караганда,Карта,0
T00995,2026-05-28 21:01,C049,18159,АЗС,Qazaq Oil,Караганда,Перевод,0
T00996,2026-05-28 21:18,C034,40598,Продукты,Galmart,Астана,Онлайн,0
T00997,2026-05-28 21:25,C040,171253,Переводы,Перевод на карту,Атырау,Перевод,0
T00998,2026-05-28 22:10,C036,21368,Здоровье,Биосфера,Шымкент,Карта,0
T00999,2026-05-29 09:07,C027,11824,Коммунальные,Астана-ЕРЦ,Атырау,QR,0
T01000,2026-05-29 09:15,C021,86777,Маркетплейсы,Kaspi Магазин,Усть-Каменогорск,Онлайн,0
T01001,2026-05-29 09:32,C014,6799,Транспорт,Яндекс Go,Атырау,QR,0
T01002,2026-05-29 11:57,C008,19631,Продукты,Анвар,Астана,Перевод,0
T01003,2026-05-29 12:08,C022,2277,Транспорт,Яндекс Go,Усть-Каменогорск,Онлайн,0
T01004,2026-05-29 14:47,C034,33771,Продукты,Magnum,Астана,Карта,0
T01005,2026-05-29 14:59,C031,17264,Коммунальные,Астана-ЕРЦ,Алматы,Онлайн,0
T01006,2026-05-29 15:23,C021,34195,Коммунальные,Астана-ЕРЦ,Усть-Каменогорск,QR,0
T01007,2026-05-29 15:50,C015,28885,Кафе и рестораны,Del Papa,Шымкент,Карта,0
T01008,2026-05-29 17:51,C004,25125,Коммунальные,Казахтелеком,Шымкент,QR,0
T01009,2026-05-29 19:05,C041,51561,Коммунальные,Алсеко,Астана,Онлайн,0
T01010,2026-05-29 19:28,C048,28238,Здоровье,Europharma,Шымкент,Карта,0
T01011,2026-05-29 19:43,C053,109835,Переводы,Перевод по номеру,Астана,Перевод,0
T01012,2026-05-29 19:45,C041,26373,АЗС,Helios,Астана,Перевод,0
T01013,2026-05-29 19:47,C027,11388,АЗС,Helios,Атырау,Онлайн,0
T01014,2026-05-30 01:17,C025,964890,Переводы,Перевод на карту,Актобе,Онлайн,1
T01015,2026-05-30 02:56,C054,437983,Переводы,Перевод на карту,Актобе,Онлайн,1
T01016,2026-05-30 04:02,C003,681812,Переводы,Перевод на карту,Актобе,Онлайн,1
T01017,2026-05-30 08:42,C014,57229,Маркетплейсы,Wildberries,Атырау,Онлайн,0
T01018,2026-05-30 11:19,C041,25407,Кафе и рестораны,Rumi,Астана,Онлайн,0
T01019,2026-05-30 12:42,C027,20126,АЗС,Qazaq Oil,Атырау,Карта,0
T01020,2026-05-30 12:45,C003,5958,Продукты,Анвар,Астана,Карта,0
T01021,2026-05-30 13:35,C016,30620,Здоровье,Биосфера,Шымкент,Онлайн,0
T01022,2026-05-30 14:44,C002,1222,Транспорт,Яндекс Go,Караганда,Карта,0
T01023,2026-05-30 17:51,C043,211562,Маркетплейсы,Wildberries,Павлодар,QR,0
T01024,2026-05-30 18:08,C022,3287,Здоровье,Invitro,Усть-Каменогорск,Карта,0
T01025,2026-05-30 19:46,C030,11890,Здоровье,Europharma,Актобе,Онлайн,0
T01026,2026-05-30 21:38,C026,141430,Переводы,Перевод по номеру,Алматы,Онлайн,0
T01027,2026-05-30 21:58,C008,31338,Коммунальные,Алсеко,Астана,Перевод,0
T01028,2026-05-30 22:25,C025,104445,Переводы,Перевод по номеру,Павлодар,Онлайн,0
T01029,2026-05-31 09:02,C021,4644,Транспорт,InDrive,Усть-Каменогорск,QR,0
T01030,2026-05-31 09:48,C046,2312,Транспорт,Onay,Алматы,Перевод,0
T01031,2026-05-31 09:57,C034,47256,АЗС,Sinooil,Астана,Онлайн,0
T01032,2026-05-31 10:26,C001,9665,Кафе и рестораны,Del Papa,Алматы,Онлайн,0
T01033,2026-05-31 10:41,C056,39088,Кафе и рестораны,Del Papa,Караганда,Перевод,0
T01034,2026-05-31 11:51,C010,35023,Кафе и рестораны,Coffee Boom,Астана,Перевод,0
T01035,2026-05-31 12:07,C006,14153,Коммунальные,Алсеко,Караганда,Онлайн,0
T01036,2026-05-31 12:30,C015,58585,Коммунальные,Алсеко,Шымкент,Перевод,0
T01037,2026-05-31 14:39,C055,33076,Коммунальные,Алсеко,Павлодар,Карта,0
T01038,2026-05-31 15:55,C054,50211,Коммунальные,Казахтелеком,Усть-Каменогорск,QR,0
T01039,2026-05-31 16:27,C015,53487,Коммунальные,Астана-ЕРЦ,Шымкент,QR,0
T01040,2026-05-31 16:35,C056,19648,Коммунальные,Астана-ЕРЦ,Караганда,Перевод,0
T01041,2026-05-31 16:52,C026,18994,Продукты,Magnum,Алматы,Онлайн,0
T01042,2026-05-31 17:01,C032,67732,Переводы,Перевод по номеру,Атырау,Онлайн,0
T01043,2026-05-31 17:07,C052,27506,Маркетплейсы,Wildberries,Алматы,QR,0
T01044,2026-05-31 17:20,C005,8216,Маркетплейсы,Wildberries,Шымкент,Карта,0
T01045,2026-05-31 18:31,C052,17814,Продукты,Small,Алматы,Карта,0
T01046,2026-05-31 21:10,C002,6119,Транспорт,Яндекс Go,Караганда,Онлайн,0
T01047,2026-05-31 21:32,C054,301036,Переводы,Перевод на карту,Усть-Каменогорск,QR,0
T01048,2026-05-31 22:27,C023,48312,Переводы,Перевод по номеру,Астана,QR,0
T01049,2026-06-01 03:57,C053,965437,Переводы,Перевод на карту,Усть-Каменогорск,Онлайн,1
T01050,2026-06-01 04:00,C050,816013,Переводы,Перевод на карту,Астана,Онлайн,1
T01051,2026-06-01 08:15,C010,29655,Переводы,Перевод на карту,Астана,Карта,0
T01052,2026-06-01 09:09,C023,42786,Переводы,Перевод по номеру,Астана,Перевод,0
T01053,2026-06-01 09:35,C021,23647,Здоровье,Invitro,Усть-Каменогорск,Онлайн,0
T01054,2026-06-01 10:39,C021,108191,Переводы,Перевод по номеру,Усть-Каменогорск,Онлайн,0
T01055,2026-06-01 11:14,C048,108015,Переводы,Перевод на карту,Шымкент,Перевод,0
T01056,2026-06-01 11:37,C007,19342,Здоровье,Europharma,Шымкент,Перевод,0
T01057,2026-06-01 12:25,C001,14011,Маркетплейсы,Ozon,Алматы,Перевод,0
T01058,2026-06-01 13:31,C012,25131,Продукты,Small,Караганда,Онлайн,0
T01059,2026-06-01 13:37,C043,33186,Кафе и рестораны,Coffee Boom,Павлодар,Онлайн,0
T01060,2026-06-01 16:20,C008,139014,Переводы,Перевод на карту,Астана,Онлайн,0
T01061,2026-06-01 16:35,C052,6376,Кафе и рестораны,Coffee Boom,Алматы,Карта,0
T01062,2026-06-01 16:38,C050,4858,Транспорт,Onay,Алматы,QR,0
T01063,2026-06-01 17:09,C018,87471,Переводы,Перевод на карту,Астана,Перевод,0
T01064,2026-06-01 21:16,C015,13707,АЗС,Helios,Шымкент,QR,0
T01065,2026-06-01 22:36,C001,14982,Продукты,Magnum,Алматы,Онлайн,0
T01066,2026-06-02 02:34,C027,364889,Переводы,Перевод на карту,Павлодар,Онлайн,1
T01067,2026-06-02 09:17,C017,17472,АЗС,Qazaq Oil,Алматы,Карта,0
T01068,2026-06-02 10:20,C041,35538,Кафе и рестораны,Coffee Boom,Астана,Онлайн,0
T01069,2026-06-02 10:41,C002,144149,Переводы,Перевод по номеру,Караганда,Онлайн,0
T01070,2026-06-02 12:46,C039,21427,Здоровье,Биосфера,Атырау,Онлайн,0
T01071,2026-06-02 14:22,C053,46170,Коммунальные,Астана-ЕРЦ,Астана,Перевод,0
T01072,2026-06-02 14:30,C048,94107,Маркетплейсы,Ozon,Шымкент,Онлайн,0
T01073,2026-06-02 15:39,C002,22480,Продукты,Magnum,Караганда,Онлайн,0
T01074,2026-06-02 18:38,C040,31351,Здоровье,Europharma,Атырау,QR,0
T01075,2026-06-02 19:42,C030,94724,Маркетплейсы,Ozon,Актобе,Карта,0
T01076,2026-06-02 19:52,C031,18636,Продукты,Small,Алматы,Карта,0
T01077,2026-06-02 20:16,C040,24590,Здоровье,Invitro,Атырау,Онлайн,0
T01078,2026-06-02 20:36,C056,189926,Маркетплейсы,Ozon,Караганда,QR,0
T01079,2026-06-02 20:51,C007,36311,Здоровье,Биосфера,Шымкент,Онлайн,0
T01080,2026-06-02 21:50,C059,4328,Транспорт,Onay,Караганда,Онлайн,0
T01081,2026-06-03 08:16,C007,77805,Маркетплейсы,Wildberries,Шымкент,Перевод,0
T01082,2026-06-03 08:29,C012,5075,Продукты,Galmart,Караганда,QR,0
T01083,2026-06-03 10:45,C010,3322,Транспорт,Яндекс Go,Астана,Онлайн,0
T01084,2026-06-03 11:04,C001,7015,Кафе и рестораны,Coffee Boom,Алматы,QR,0
T01085,2026-06-03 11:59,C057,21213,Здоровье,Invitro,Актобе,QR,0
T01086,2026-06-03 12:02,C029,18827,Продукты,Galmart,Астана,Онлайн,0
T01087,2026-06-03 13:58,C027,12184,АЗС,Helios,Атырау,Карта,0
T01088,2026-06-03 14:49,C016,28241,Кафе и рестораны,Del Papa,Шымкент,Карта,0
T01089,2026-06-03 15:22,C007,11632,АЗС,Helios,Шымкент,Карта,0
T01090,2026-06-03 17:54,C051,73099,Коммунальные,Казахтелеком,Усть-Каменогорск,Онлайн,0
T01091,2026-06-03 18:38,C030,42780,Маркетплейсы,Wildberries,Актобе,QR,0
T01092,2026-06-03 18:57,C056,133605,Маркетплейсы,Ozon,Караганда,Онлайн,0
T01093,2026-06-03 19:18,C015,21672,АЗС,Helios,Шымкент,QR,0
T01094,2026-06-03 20:05,C030,1211,Транспорт,InDrive,Актобе,Карта,0
T01095,2026-06-03 20:34,C043,141462,Маркетплейсы,Kaspi Магазин,Павлодар,Онлайн,0
T01096,2026-06-03 22:33,C018,9121,Продукты,Анвар,Астана,Онлайн,0
T01097,2026-06-04 09:23,C010,156567,Маркетплейсы,Ozon,Астана,QR,0
T01098,2026-06-04 09:38,C027,2388,Транспорт,InDrive,Атырау,Онлайн,0
T01099,2026-06-04 09:45,C027,25665,Продукты,Galmart,Атырау,Онлайн,0
T01100,2026-06-04 10:26,C033,30093,АЗС,Qazaq Oil,Алматы,Перевод,0
T01101,2026-06-04 10:39,C020,31189,Коммунальные,Алсеко,Актобе,Карта,0
T01102,2026-06-04 11:06,C026,65033,Маркетплейсы,Wildberries,Алматы,Карта,0
T01103,2026-06-04 11:39,C013,21860,Продукты,Анвар,Шымкент,QR,0
T01104,2026-06-04 13:51,C060,195047,Маркетплейсы,Wildberries,Усть-Каменогорск,Карта,0
T01105,2026-06-04 13:52,C043,44374,Здоровье,Биосфера,Павлодар,QR,0
T01106,2026-06-04 15:07,C047,22078,Кафе и рестораны,Rumi,Шымкент,Онлайн,0
T01107,2026-06-04 15:28,C034,38427,АЗС,Helios,Астана,QR,0
T01108,2026-06-04 15:40,C016,9658,Кафе и рестораны,Rumi,Шымкент,Карта,0
T01109,2026-06-04 16:13,C034,27294,Кафе и рестораны,Coffee Boom,Астана,Перевод,0
T01110,2026-06-04 16:39,C023,11511,Продукты,Анвар,Астана,Перевод,0
T01111,2026-06-04 16:58,C038,8774,Маркетплейсы,Wildberries,Караганда,Карта,0
T01112,2026-06-04 17:07,C047,29480,Продукты,Анвар,Шымкент,QR,0
T01113,2026-06-04 17:51,C012,45849,АЗС,Sinooil,Караганда,Перевод,0
T01114,2026-06-04 19:08,C051,34688,АЗС,Sinooil,Усть-Каменогорск,Карта,0
T01115,2026-06-04 19:51,C052,91728,Переводы,Перевод по номеру,Алматы,Онлайн,0
T01116,2026-06-04 19:54,C006,46797,Коммунальные,Казахтелеком,Караганда,QR,0
T01117,2026-06-04 20:15,C052,59192,Коммунальные,Казахтелеком,Алматы,QR,0
T01118,2026-06-04 20:26,C041,25456,Продукты,Анвар,Астана,QR,0
T01119,2026-06-05 11:00,C015,191950,Переводы,Перевод по номеру,Шымкент,Карта,0
T01120,2026-06-05 12:05,C023,200446,Переводы,Перевод по номеру,Астана,Перевод,0
T01121,2026-06-05 17:12,C013,6807,Кафе и рестораны,Rumi,Шымкент,QR,0
T01122,2026-06-05 17:47,C041,68354,Коммунальные,Астана-ЕРЦ,Астана,Карта,0
T01123,2026-06-05 20:05,C025,1782,Транспорт,Onay,Павлодар,QR,0
T01124,2026-06-05 20:52,C008,66872,Маркетплейсы,Ozon,Астана,Онлайн,0
T01125,2026-06-05 21:00,C007,196092,Переводы,Перевод по номеру,Шымкент,Карта,0
T01126,2026-06-05 22:52,C004,6786,Транспорт,Onay,Шымкент,Перевод,0
T01127,2026-06-06 09:04,C011,48749,Маркетплейсы,Wildberries,Алматы,QR,0
T01128,2026-06-06 09:18,C029,5698,АЗС,Helios,Астана,Перевод,0
T01129,2026-06-06 09:20,C023,590,Транспорт,Яндекс Go,Астана,Онлайн,0
T01130,2026-06-06 10:05,C053,41249,Коммунальные,Астана-ЕРЦ,Астана,Онлайн,0
T01131,2026-06-06 10:37,C022,5093,Продукты,Galmart,Усть-Каменогорск,Онлайн,0
T01132,2026-06-06 12:01,C035,21691,Продукты,Galmart,Караганда,Карта,0
T01133,2026-06-06 13:11,C021,7008,Здоровье,Invitro,Усть-Каменогорск,Карта,0
T01134,2026-06-06 13:17,C003,92783,Маркетплейсы,Ozon,Астана,Перевод,0
T01135,2026-06-06 13:35,C052,21417,Коммунальные,Астана-ЕРЦ,Алматы,Карта,0
T01136,2026-06-06 15:16,C031,38479,Здоровье,Биосфера,Алматы,QR,0
T01137,2026-06-06 16:59,C008,13792,Продукты,Анвар,Астана,Перевод,0
T01138,2026-06-06 17:13,C052,228568,Маркетплейсы,Kaspi Магазин,Алматы,QR,0
T01139,2026-06-06 17:29,C028,8874,Транспорт,Яндекс Go,Караганда,Перевод,0
T01140,2026-06-06 17:35,C049,25633,Здоровье,Invitro,Караганда,Перевод,0
T01141,2026-06-06 18:03,C032,65420,Переводы,Перевод по номеру,Атырау,Карта,0
T01142,2026-06-06 18:20,C036,110672,Маркетплейсы,Wildberries,Шымкент,Онлайн,0
T01143,2026-06-06 18:43,C022,146523,Переводы,Перевод по номеру,Усть-Каменогорск,Перевод,0
T01144,2026-06-06 18:45,C012,69364,Коммунальные,Казахтелеком,Караганда,Перевод,0
T01145,2026-06-06 19:28,C038,31786,Коммунальные,Алсеко,Караганда,Перевод,0
T01146,2026-06-06 19:40,C039,34381,Переводы,Перевод на карту,Атырау,Перевод,0
T01147,2026-06-06 21:16,C020,10329,Продукты,Magnum,Актобе,Онлайн,0
T01148,2026-06-06 21:16,C056,129640,Маркетплейсы,Wildberries,Караганда,Карта,0
T01149,2026-06-06 21:20,C011,38694,Коммунальные,Алсеко,Алматы,Перевод,0
T01150,2026-06-06 22:03,C036,96153,Переводы,Перевод по номеру,Шымкент,Перевод,0
T01151,2026-06-06 22:50,C033,4773,Продукты,Magnum,Алматы,Перевод,0
T01152,2026-06-07 03:47,C053,1455755,Переводы,Перевод на карту,Алматы,Онлайн,1
T01153,2026-06-07 08:19,C023,47985,Коммунальные,Алсеко,Астана,QR,0
T01154,2026-06-07 09:21,C040,36059,АЗС,Helios,Атырау,Онлайн,0
T01155,2026-06-07 09:59,C033,133881,Маркетплейсы,Wildberries,Алматы,Онлайн,0
T01156,2026-06-07 10:15,C001,2864,Транспорт,InDrive,Алматы,Перевод,0
T01157,2026-06-07 10:45,C043,111350,Переводы,Перевод на карту,Павлодар,Онлайн,0
T01158,2026-06-07 11:39,C023,26406,Коммунальные,Астана-ЕРЦ,Астана,Перевод,0
T01159,2026-06-07 13:44,C033,30262,Кафе и рестораны,Rumi,Алматы,Перевод,0
T01160,2026-06-07 14:03,C048,20669,АЗС,Helios,Шымкент,Перевод,0
T01161,2026-06-07 14:03,C060,66197,Коммунальные,Астана-ЕРЦ,Усть-Каменогорск,Перевод,0
T01162,2026-06-07 14:41,C012,157474,Переводы,Перевод на карту,Караганда,Карта,0
T01163,2026-06-07 15:59,C041,42460,АЗС,Qazaq Oil,Астана,Перевод,0
T01164,2026-06-07 17:03,C054,53557,Коммунальные,Астана-ЕРЦ,Усть-Каменогорск,Перевод,0
T01165,2026-06-07 19:54,C023,9861,АЗС,Qazaq Oil,Астана,Онлайн,0
T01166,2026-06-07 20:48,C035,110740,Маркетплейсы,Kaspi Магазин,Караганда,Перевод,0
T01167,2026-06-07 20:50,C003,14454,АЗС,Sinooil,Астана,QR,0
T01168,2026-06-07 22:04,C033,2032,Транспорт,Яндекс Go,Алматы,Перевод,0
T01169,2026-06-07 22:11,C032,13251,Коммунальные,Алсеко,Атырау,Перевод,0
T01170,2026-06-08 08:27,C048,17972,АЗС,Qazaq Oil,Шымкент,Карта,0
T01171,2026-06-08 09:58,C045,35039,Коммунальные,Казахтелеком,Алматы,Карта,0
T01172,2026-06-08 10:57,C060,2509,Транспорт,InDrive,Усть-Каменогорск,QR,0
T01173,2026-06-08 11:53,C035,107894,Маркетплейсы,Kaspi Магазин,Караганда,Перевод,0
T01174,2026-06-08 12:11,C055,152027,Маркетплейсы,Wildberries,Павлодар,Онлайн,0
T01175,2026-06-08 15:38,C040,63789,Коммунальные,Казахтелеком,Атырау,Перевод,0
T01176,2026-06-08 16:07,C030,9508,Коммунальные,Астана-ЕРЦ,Актобе,QR,0
T01177,2026-06-08 16:25,C058,16470,АЗС,Sinooil,Атырау,QR,0
T01178,2026-06-08 17:25,C039,164508,Переводы,Перевод по номеру,Атырау,QR,0
T01179,2026-06-08 17:57,C060,2760,Транспорт,Яндекс Go,Усть-Каменогорск,Перевод,0
T01180,2026-06-08 20:25,C008,13062,Маркетплейсы,Wildberries,Астана,Онлайн,0
T01181,2026-06-08 22:01,C055,18701,Продукты,Galmart,Павлодар,Онлайн,0
T01182,2026-06-08 22:23,C012,2871,Здоровье,Биосфера,Караганда,Перевод,0
T01183,2026-06-09 08:26,C040,26831,Коммунальные,Алсеко,Атырау,QR,0
T01184,2026-06-09 08:44,C047,47079,Коммунальные,Астана-ЕРЦ,Шымкент,QR,0
T01185,2026-06-09 09:08,C009,22503,Маркетплейсы,Wildberries,Алматы,Онлайн,0
T01186,2026-06-09 09:34,C029,3672,Кафе и рестораны,Coffee Boom,Астана,Онлайн,0
T01187,2026-06-09 10:01,C023,1896,Транспорт,Onay,Астана,QR,0
T01188,2026-06-09 10:07,C051,41628,Кафе и рестораны,Rumi,Усть-Каменогорск,Карта,0
T01189,2026-06-09 10:46,C033,11341,Кафе и рестораны,Coffee Boom,Алматы,Карта,0
T01190,2026-06-09 12:38,C002,1566,Транспорт,Onay,Караганда,QR,0
T01191,2026-06-09 12:51,C020,29580,Маркетплейсы,Ozon,Актобе,Онлайн,0
T01192,2026-06-09 13:06,C033,4654,Здоровье,Биосфера,Алматы,Онлайн,0
T01193,2026-06-09 13:20,C002,28512,АЗС,Helios,Караганда,QR,0
T01194,2026-06-09 18:33,C033,35514,Кафе и рестораны,Del Papa,Алматы,QR,0
T01195,2026-06-09 18:44,C022,50947,Коммунальные,Астана-ЕРЦ,Усть-Каменогорск,Перевод,0
T01196,2026-06-09 19:02,C034,1562,Транспорт,Onay,Астана,QR,0
T01197,2026-06-09 19:07,C037,32075,Продукты,Анвар,Павлодар,Онлайн,0
T01198,2026-06-09 21:05,C037,1141,Транспорт,InDrive,Павлодар,Онлайн,0
T01199,2026-06-09 21:50,C028,26595,АЗС,Qazaq Oil,Караганда,Онлайн,0
T01200,2026-06-09 22:28,C015,211118,Переводы,Перевод на карту,Шымкент,Онлайн,0
T01201,2026-06-09 22:31,C031,25466,Кафе и рестораны,Rumi,Алматы,Карта,0
T01202,2026-06-10 02:07,C004,1438813,Переводы,Перевод на карту,Усть-Каменогорск,Онлайн,1
T01203,2026-06-10 04:01,C050,902102,Переводы,Перевод на карту,Павлодар,Онлайн,1
T01204,2026-06-10 08:00,C002,71000,Переводы,Перевод по номеру,Караганда,Перевод,0
T01205,2026-06-10 08:03,C003,2420,Транспорт,InDrive,Астана,QR,0
T01206,2026-06-10 08:36,C004,206969,Переводы,Перевод по номеру,Шымкент,Онлайн,0
T01207,2026-06-10 11:56,C033,30602,Кафе и рестораны,Coffee Boom,Алматы,Онлайн,0
T01208,2026-06-10 12:03,C054,75015,Переводы,Перевод по номеру,Усть-Каменогорск,Перевод,0
T01209,2026-06-10 12:28,C011,4885,Транспорт,Яндекс Go,Алматы,QR,0
T01210,2026-06-10 12:55,C035,32422,Коммунальные,Астана-ЕРЦ,Караганда,QR,0
T01211,2026-06-10 13:29,C039,190668,Переводы,Перевод по номеру,Атырау,Онлайн,0
T01212,2026-06-10 13:48,C033,33186,Коммунальные,Астана-ЕРЦ,Алматы,Перевод,0
T01213,2026-06-10 14:09,C012,6136,Транспорт,InDrive,Караганда,Онлайн,0
T01214,2026-06-10 14:49,C055,4379,Здоровье,Invitro,Павлодар,Карта,0
T01215,2026-06-10 15:04,C022,28265,Кафе и рестораны,Rumi,Усть-Каменогорск,Онлайн,0
T01216,2026-06-10 15:12,C032,50152,Коммунальные,Алсеко,Атырау,Перевод,0
T01217,2026-06-10 15:26,C023,12149,АЗС,Sinooil,Астана,Карта,0
T01218,2026-06-10 16:42,C040,960,Транспорт,Onay,Атырау,QR,0
T01219,2026-06-10 17:03,C005,32466,Коммунальные,Астана-ЕРЦ,Шымкент,Перевод,0
T01220,2026-06-10 18:50,C006,274881,Переводы,Перевод по номеру,Караганда,Онлайн,0
T01221,2026-06-10 19:41,C041,36402,Продукты,Magnum,Астана,QR,0
T01222,2026-06-10 20:13,C025,11547,Продукты,Анвар,Павлодар,Карта,0
T01223,2026-06-10 20:25,C015,15587,Кафе и рестораны,Rumi,Шымкент,Онлайн,0
T01224,2026-06-10 20:50,C003,18115,Кафе и рестораны,Rumi,Астана,Перевод,0
T01225,2026-06-10 21:05,C023,22392,Продукты,Анвар,Астана,Онлайн,0
T01226,2026-06-10 22:00,C047,14658,Продукты,Анвар,Шымкент,QR,0
T01227,2026-06-11 01:14,C035,656818,Переводы,Перевод на карту,Шымкент,Онлайн,1
T01228,2026-06-11 08:46,C021,13779,Здоровье,Europharma,Усть-Каменогорск,QR,0
T01229,2026-06-11 08:51,C011,22710,Продукты,Galmart,Алматы,QR,0
T01230,2026-06-11 10:07,C021,16809,Продукты,Анвар,Усть-Каменогорск,Онлайн,0
T01231,2026-06-11 11:46,C029,41999,Переводы,Перевод на карту,Астана,Карта,0
T01232,2026-06-11 12:55,C056,11113,Здоровье,Биосфера,Караганда,Перевод,0
T01233,2026-06-11 13:49,C033,47083,Здоровье,Europharma,Алматы,Карта,0
T01234,2026-06-11 14:41,C047,3491,Кафе и рестораны,Del Papa,Шымкент,Карта,0
T01235,2026-06-11 15:11,C015,155191,Переводы,Перевод по номеру,Шымкент,Карта,0
T01236,2026-06-11 17:14,C005,37846,Кафе и рестораны,Coffee Boom,Шымкент,Карта,0
T01237,2026-06-11 17:23,C031,14474,Кафе и рестораны,Del Papa,Алматы,QR,0
T01238,2026-06-11 18:37,C052,44118,Кафе и рестораны,Del Papa,Алматы,Карта,0
T01239,2026-06-11 20:19,C059,136416,Маркетплейсы,Wildberries,Караганда,Карта,0
T01240,2026-06-11 20:43,C035,29416,Продукты,Magnum,Караганда,QR,0
T01241,2026-06-11 21:39,C035,13346,Продукты,Magnum,Караганда,Онлайн,0
T01242,2026-06-11 21:52,C014,9408,Кафе и рестораны,Coffee Boom,Атырау,QR,0
T01243,2026-06-11 22:26,C026,12758,Продукты,Galmart,Алматы,Карта,0
T01244,2026-06-11 22:33,C025,24236,Продукты,Small,Павлодар,Онлайн,0
T01245,2026-06-12 10:06,C057,682,Транспорт,Яндекс Go,Актобе,Онлайн,0
T01246,2026-06-12 10:34,C031,9583,АЗС,Helios,Алматы,Карта,0
T01247,2026-06-12 10:57,C022,36306,АЗС,Helios,Усть-Каменогорск,Карта,0
T01248,2026-06-12 12:01,C037,2496,Транспорт,InDrive,Павлодар,QR,0
T01249,2026-06-12 13:08,C044,14782,АЗС,Helios,Шымкент,Перевод,0
T01250,2026-06-12 13:20,C015,5576,Транспорт,Onay,Шымкент,Онлайн,0
T01251,2026-06-12 13:22,C022,13831,Продукты,Анвар,Усть-Каменогорск,Карта,0
T01252,2026-06-12 13:28,C055,20955,Кафе и рестораны,Coffee Boom,Павлодар,Онлайн,0
T01253,2026-06-12 14:35,C028,38474,Здоровье,Europharma,Караганда,Перевод,0
T01254,2026-06-12 15:10,C021,73143,Маркетплейсы,Kaspi Магазин,Усть-Каменогорск,Перевод,0
T01255,2026-06-12 16:18,C044,53270,Переводы,Перевод на карту,Шымкент,Карта,0
T01256,2026-06-12 16:42,C002,20387,Кафе и рестораны,Rumi,Караганда,Карта,0
T01257,2026-06-12 17:13,C032,123321,Переводы,Перевод по номеру,Атырау,Перевод,0
T01258,2026-06-12 17:21,C041,41390,Здоровье,Invitro,Астана,Карта,0
T01259,2026-06-12 19:19,C003,14899,Продукты,Анвар,Астана,QR,0
T01260,2026-06-12 19:30,C047,25302,Коммунальные,Алсеко,Шымкент,Карта,0
T01261,2026-06-12 20:10,C045,14775,Коммунальные,Астана-ЕРЦ,Алматы,Онлайн,0
T01262,2026-06-12 20:22,C020,6350,Транспорт,Яндекс Go,Актобе,Карта,0
T01263,2026-06-12 21:43,C039,152023,Маркетплейсы,Wildberries,Атырау,Онлайн,0
T01264,2026-06-12 22:44,C037,33774,Здоровье,Europharma,Павлодар,Онлайн,0
T01265,2026-06-13 08:15,C057,5423,АЗС,Helios,Актобе,Перевод,0
T01266,2026-06-13 10:11,C009,18859,Здоровье,Биосфера,Алматы,Карта,0
T01267,2026-06-13 11:04,C056,118415,Маркетплейсы,Kaspi Магазин,Караганда,Карта,0
T01268,2026-06-13 13:18,C007,27707,АЗС,Helios,Шымкент,QR,0
T01269,2026-06-13 13:20,C035,15236,Коммунальные,Алсеко,Караганда,Онлайн,0
T01270,2026-06-13 13:55,C006,35535,АЗС,Sinooil,Караганда,Перевод,0
T01271,2026-06-13 18:10,C023,18707,Коммунальные,Казахтелеком,Астана,QR,0
T01272,2026-06-13 18:56,C027,30771,Кафе и рестораны,Rumi,Атырау,Перевод,0
T01273,2026-06-13 22:51,C020,20893,Продукты,Galmart,Актобе,Карта,0
T01274,2026-06-14 08:18,C007,7527,Транспорт,Яндекс Go,Шымкент,Перевод,0
T01275,2026-06-14 09:25,C005,9466,Переводы,Перевод на карту,Шымкент,QR,0
T01276,2026-06-14 12:33,C022,25415,Продукты,Magnum,Усть-Каменогорск,QR,0
T01277,2026-06-14 14:05,C037,71292,Переводы,Перевод на карту,Павлодар,Перевод,0
T01278,2026-06-14 14:55,C007,21164,Продукты,Small,Шымкент,QR,0
T01279,2026-06-14 15:08,C019,4712,Кафе и рестораны,Rumi,Усть-Каменогорск,Перевод,0
T01280,2026-06-14 15:27,C024,5576,Кафе и рестораны,Rumi,Атырау,Перевод,0
T01281,2026-06-14 16:36,C053,63671,Коммунальные,Казахтелеком,Астана,Карта,0
T01282,2026-06-14 17:30,C034,37047,Кафе и рестораны,Del Papa,Астана,Карта,0
T01283,2026-06-14 18:02,C058,4804,Транспорт,Onay,Атырау,Перевод,0
T01284,2026-06-14 18:12,C021,6142,Здоровье,Europharma,Усть-Каменогорск,Онлайн,0
T01285,2026-06-14 19:44,C009,136498,Маркетплейсы,Ozon,Алматы,QR,0
T01286,2026-06-14 19:50,C045,202549,Маркетплейсы,Kaspi Магазин,Алматы,Перевод,0
T01287,2026-06-14 20:10,C036,48431,АЗС,Qazaq Oil,Шымкент,Онлайн,0
T01288,2026-06-14 20:20,C040,42319,Коммунальные,Алсеко,Атырау,Карта,0
T01289,2026-06-14 22:14,C048,12575,АЗС,Qazaq Oil,Шымкент,Карта,0
T01290,2026-06-15 08:29,C033,4256,Кафе и рестораны,Rumi,Алматы,Карта,0
T01291,2026-06-15 11:02,C006,29266,Продукты,Magnum,Караганда,Перевод,0
T01292,2026-06-15 11:25,C033,15026,АЗС,Qazaq Oil,Алматы,Онлайн,0
T01293,2026-06-15 11:48,C013,93361,Маркетплейсы,Wildberries,Шымкент,Карта,0
T01294,2026-06-15 12:10,C020,13891,Маркетплейсы,Ozon,Актобе,Перевод,0
T01295,2026-06-15 12:13,C030,721,Здоровье,Invitro,Актобе,Онлайн,0
T01296,2026-06-15 13:23,C004,14220,Продукты,Small,Шымкент,Онлайн,0
T01297,2026-06-15 13:26,C039,551,Транспорт,Onay,Атырау,Перевод,0
T01298,2026-06-15 14:10,C001,9092,Кафе и рестораны,Coffee Boom,Алматы,Перевод,0
T01299,2026-06-15 14:49,C052,177427,Переводы,Перевод по номеру,Алматы,Карта,0
T01300,2026-06-15 14:57,C042,109316,Переводы,Перевод на карту,Шымкент,Онлайн,0
T01301,2026-06-15 15:06,C055,55288,Маркетплейсы,Wildberries,Павлодар,QR,0
T01302,2026-06-15 15:09,C031,6330,Транспорт,InDrive,Алматы,Онлайн,0
T01303,2026-06-15 17:12,C028,223274,Переводы,Перевод по номеру,Караганда,QR,0
T01304,2026-06-15 17:12,C057,9999,Продукты,Galmart,Актобе,QR,0
T01305,2026-06-15 17:52,C032,203641,Переводы,Перевод на карту,Атырау,Онлайн,0
T01306,2026-06-15 17:53,C024,38362,АЗС,Helios,Атырау,Перевод,0
T01307,2026-06-15 19:03,C046,22059,Кафе и рестораны,Del Papa,Алматы,Перевод,0
T01308,2026-06-15 19:05,C033,33610,Коммунальные,Астана-ЕРЦ,Алматы,QR,0
T01309,2026-06-15 21:10,C047,4167,Здоровье,Invitro,Шымкент,Перевод,0
T01310,2026-06-15 21:32,C027,17908,Кафе и рестораны,Coffee Boom,Атырау,Карта,0
T01311,2026-06-16 08:49,C016,17152,Здоровье,Биосфера,Шымкент,QR,0
T01312,2026-06-16 08:51,C009,30924,Кафе и рестораны,Del Papa,Алматы,Перевод,0
T01313,2026-06-16 08:59,C039,242063,Переводы,Перевод по номеру,Атырау,Онлайн,0
T01314,2026-06-16 11:06,C011,9006,Коммунальные,Казахтелеком,Алматы,Онлайн,0
T01315,2026-06-16 11:51,C057,13941,Здоровье,Europharma,Актобе,QR,0
T01316,2026-06-16 12:03,C008,100298,Переводы,Перевод по номеру,Астана,Онлайн,0
T01317,2026-06-16 12:42,C025,178852,Маркетплейсы,Ozon,Павлодар,QR,0
T01318,2026-06-16 12:52,C027,11083,Продукты,Анвар,Атырау,Онлайн,0
T01319,2026-06-16 13:06,C030,2493,Маркетплейсы,Ozon,Актобе,QR,0
T01320,2026-06-16 14:30,C034,51607,Кафе и рестораны,Del Papa,Астана,Перевод,0
T01321,2026-06-16 15:51,C024,20516,Кафе и рестораны,Rumi,Атырау,QR,0
T01322,2026-06-16 17:25,C058,3694,Кафе и рестораны,Coffee Boom,Атырау,Карта,0
T01323,2026-06-16 17:38,C007,5854,Продукты,Galmart,Шымкент,Перевод,0
T01324,2026-06-16 17:59,C033,30970,Кафе и рестораны,Coffee Boom,Алматы,QR,0
T01325,2026-06-16 18:08,C051,32170,Продукты,Анвар,Усть-Каменогорск,QR,0
T01326,2026-06-16 18:53,C022,48030,Коммунальные,Астана-ЕРЦ,Усть-Каменогорск,Перевод,0
T01327,2026-06-16 19:24,C021,21343,АЗС,Sinooil,Усть-Каменогорск,Перевод,0
T01328,2026-06-16 20:18,C007,29639,АЗС,Sinooil,Шымкент,Онлайн,0
T01329,2026-06-16 21:10,C006,49759,Коммунальные,Казахтелеком,Караганда,QR,0
T01330,2026-06-16 21:45,C008,7694,АЗС,Qazaq Oil,Астана,Карта,0
T01331,2026-06-16 22:39,C041,12049,Кафе и рестораны,Coffee Boom,Астана,QR,0
T01332,2026-06-16 22:53,C045,54414,Здоровье,Invitro,Алматы,Онлайн,0
T01333,2026-06-17 08:47,C022,7524,Транспорт,Яндекс Go,Усть-Каменогорск,QR,0
T01334,2026-06-17 10:27,C041,47878,АЗС,Helios,Астана,QR,0
T01335,2026-06-17 11:24,C004,40944,Здоровье,Europharma,Шымкент,QR,0
T01336,2026-06-17 11:33,C019,12107,Здоровье,Europharma,Усть-Каменогорск,Перевод,0
T01337,2026-06-17 12:29,C037,10322,Продукты,Galmart,Павлодар,Онлайн,0
T01338,2026-06-17 12:54,C056,40161,Коммунальные,Казахтелеком,Караганда,Онлайн,0
T01339,2026-06-17 14:12,C045,32421,Продукты,Анвар,Алматы,Онлайн,0
T01340,2026-06-17 15:55,C022,27602,АЗС,Qazaq Oil,Усть-Каменогорск,Карта,0
T01341,2026-06-17 17:05,C014,31559,Коммунальные,Алсеко,Атырау,Онлайн,0
T01342,2026-06-17 17:26,C026,2545,Транспорт,InDrive,Алматы,QR,0
T01343,2026-06-17 17:39,C022,1293,Транспорт,Яндекс Go,Усть-Каменогорск,Онлайн,0
T01344,2026-06-17 17:46,C007,114264,Маркетплейсы,Wildberries,Шымкент,Перевод,0
T01345,2026-06-17 17:58,C056,1440,Транспорт,Яндекс Go,Караганда,Онлайн,0
T01346,2026-06-17 21:13,C047,178440,Переводы,Перевод по номеру,Шымкент,QR,0
T01347,2026-06-17 21:34,C048,79847,Маркетплейсы,Wildberries,Шымкент,Онлайн,0
T01348,2026-06-17 22:09,C008,26491,АЗС,Sinooil,Астана,QR,0
T01349,2026-06-18 08:25,C022,29073,Кафе и рестораны,Del Papa,Усть-Каменогорск,Онлайн,0
T01350,2026-06-18 12:23,C008,70050,Маркетплейсы,Wildberries,Астана,Онлайн,0
T01351,2026-06-18 13:40,C056,2372,Транспорт,InDrive,Караганда,QR,0
T01352,2026-06-18 13:46,C041,3726,Транспорт,InDrive,Астана,Перевод,0
T01353,2026-06-18 14:36,C041,26287,Здоровье,Биосфера,Астана,Карта,0
T01354,2026-06-18 14:56,C026,12921,АЗС,Helios,Алматы,Перевод,0
T01355,2026-06-18 15:03,C027,133853,Переводы,Перевод по номеру,Атырау,Онлайн,0
T01356,2026-06-18 15:26,C036,12367,Продукты,Small,Шымкент,QR,0
T01357,2026-06-18 17:04,C057,63261,Переводы,Перевод на карту,Актобе,Перевод,0
T01358,2026-06-18 17:22,C015,49392,Коммунальные,Алсеко,Шымкент,QR,0
T01359,2026-06-18 17:42,C035,13121,Кафе и рестораны,Rumi,Караганда,QR,0
T01360,2026-06-18 18:54,C030,4759,АЗС,Qazaq Oil,Актобе,Онлайн,0
T01361,2026-06-18 19:10,C040,49680,Коммунальные,Алсеко,Атырау,Онлайн,0
T01362,2026-06-18 21:04,C045,20009,АЗС,Qazaq Oil,Алматы,Онлайн,0
T01363,2026-06-18 21:57,C032,43372,Коммунальные,Алсеко,Атырау,QR,0
T01364,2026-06-18 22:18,C025,10514,Продукты,Анвар,Павлодар,Карта,0
T01365,2026-06-18 22:59,C030,19225,АЗС,Sinooil,Актобе,Карта,0
T01366,2026-06-19 03:30,C015,947602,Переводы,Перевод на карту,Усть-Каменогорск,Онлайн,1
T01367,2026-06-19 08:37,C029,11345,Продукты,Анвар,Астана,Онлайн,0
T01368,2026-06-19 09:37,C003,313,Транспорт,Onay,Астана,Онлайн,0
T01369,2026-06-19 10:07,C060,7089,Транспорт,InDrive,Усть-Каменогорск,QR,0
T01370,2026-06-19 11:02,C033,46984,Коммунальные,Казахтелеком,Алматы,Перевод,0
T01371,2026-06-19 11:14,C040,14992,АЗС,Sinooil,Атырау,Карта,0
T01372,2026-06-19 13:11,C043,34772,Кафе и рестораны,Rumi,Павлодар,Онлайн,0
T01373,2026-06-19 13:27,C059,39385,Продукты,Анвар,Караганда,Онлайн,0
T01374,2026-06-19 16:49,C047,173844,Маркетплейсы,Wildberries,Шымкент,QR,0
T01375,2026-06-19 16:52,C051,27945,АЗС,Helios,Усть-Каменогорск,Карта,0
T01376,2026-06-19 17:21,C026,11062,Здоровье,Europharma,Алматы,QR,0
T01377,2026-06-19 17:56,C026,73928,Маркетплейсы,Kaspi Магазин,Алматы,QR,0
T01378,2026-06-19 19:45,C018,5487,Транспорт,Яндекс Go,Астана,Онлайн,0
T01379,2026-06-19 20:50,C006,24238,АЗС,Helios,Караганда,Перевод,0
T01380,2026-06-19 21:48,C051,50665,Коммунальные,Казахтелеком,Усть-Каменогорск,Карта,0
T01381,2026-06-19 22:02,C019,16850,Продукты,Magnum,Усть-Каменогорск,Перевод,0
T01382,2026-06-19 22:32,C059,28533,Здоровье,Биосфера,Караганда,Карта,0
T01383,2026-06-20 08:49,C017,18280,АЗС,Sinooil,Алматы,Перевод,0
T01384,2026-06-20 09:19,C031,2746,Продукты,Galmart,Алматы,Перевод,0
T01385,2026-06-20 09:31,C013,29896,Здоровье,Europharma,Шымкент,Карта,0
T01386,2026-06-20 09:54,C038,25935,Продукты,Small,Караганда,Карта,0
T01387,2026-06-20 11:26,C059,351096,Переводы,Перевод по номеру,Караганда,Карта,0
T01388,2026-06-20 11:50,C014,12159,Продукты,Анвар,Атырау,Перевод,0
T01389,2026-06-20 13:38,C034,29855,Продукты,Small,Астана,Перевод,0
T01390,2026-06-20 13:56,C010,15595,Кафе и рестораны,Rumi,Астана,QR,0
T01391,2026-06-20 15:37,C060,58397,Коммунальные,Алсеко,Усть-Каменогорск,Карта,0
T01392,2026-06-20 17:56,C046,21523,Здоровье,Invitro,Алматы,QR,0
T01393,2026-06-20 17:59,C045,43749,Здоровье,Invitro,Алматы,Карта,0
T01394,2026-06-20 18:17,C006,74520,Переводы,Перевод по номеру,Караганда,Карта,0
T01395,2026-06-20 21:15,C028,220714,Маркетплейсы,Ozon,Караганда,Онлайн,0
T01396,2026-06-20 21:23,C041,43890,Кафе и рестораны,Rumi,Астана,QR,0
T01397,2026-06-20 22:48,C001,23621,Здоровье,Europharma,Алматы,Онлайн,0
T01398,2026-06-20 22:54,C026,124742,Переводы,Перевод по номеру,Алматы,Карта,0
T01399,2026-06-20 22:57,C045,16586,Кафе и рестораны,Coffee Boom,Алматы,QR,0
T01400,2026-06-21 10:24,C010,201442,Маркетплейсы,Ozon,Астана,Онлайн,0
T01401,2026-06-21 12:55,C057,22067,Маркетплейсы,Ozon,Актобе,Карта,0
T01402,2026-06-21 15:28,C014,22635,АЗС,Sinooil,Атырау,Перевод,0
T01403,2026-06-21 15:30,C023,187142,Переводы,Перевод по номеру,Астана,Перевод,0
T01404,2026-06-21 16:22,C043,11120,АЗС,Sinooil,Павлодар,QR,0
T01405,2026-06-21 17:40,C038,10373,Транспорт,Яндекс Go,Караганда,Карта,0
T01406,2026-06-21 20:45,C056,186864,Маркетплейсы,Wildberries,Караганда,QR,0
T01407,2026-06-21 21:53,C023,195112,Переводы,Перевод по номеру,Астана,Онлайн,0
T01408,2026-06-21 22:03,C030,6332,АЗС,Helios,Актобе,Карта,0
T01409,2026-06-22 02:44,C003,586567,Переводы,Перевод на карту,Актобе,Онлайн,1
T01410,2026-06-22 04:11,C035,910401,Переводы,Перевод на карту,Атырау,Онлайн,1
T01411,2026-06-22 08:31,C048,67375,Маркетплейсы,Wildberries,Шымкент,Онлайн,0
T01412,2026-06-22 10:10,C011,32133,Коммунальные,Алсеко,Алматы,Онлайн,0
T01413,2026-06-22 10:46,C042,39019,Здоровье,Europharma,Шымкент,Карта,0
T01414,2026-06-22 10:48,C052,37208,Кафе и рестораны,Coffee Boom,Алматы,Карта,0
T01415,2026-06-22 11:05,C032,964,Транспорт,Onay,Атырау,Карта,0
T01416,2026-06-22 12:47,C056,57453,Здоровье,Invitro,Караганда,Перевод,0
T01417,2026-06-22 13:57,C019,20843,Коммунальные,Астана-ЕРЦ,Усть-Каменогорск,Онлайн,0
T01418,2026-06-22 13:57,C021,9097,АЗС,Sinooil,Усть-Каменогорск,Онлайн,0
T01419,2026-06-22 14:48,C046,94522,Маркетплейсы,Wildberries,Алматы,Карта,0
T01420,2026-06-22 15:14,C041,4706,Транспорт,Onay,Астана,QR,0
T01421,2026-06-22 16:30,C044,17226,Кафе и рестораны,Rumi,Шымкент,Онлайн,0
T01422,2026-06-22 16:40,C027,34299,Маркетплейсы,Kaspi Магазин,Атырау,Онлайн,0
T01423,2026-06-22 17:03,C013,4683,Транспорт,InDrive,Шымкент,Перевод,0
T01424,2026-06-22 17:06,C023,173337,Переводы,Перевод по номеру,Астана,QR,0
T01425,2026-06-22 19:36,C037,24439,Продукты,Magnum,Павлодар,Перевод,0
T01426,2026-06-22 20:40,C046,3498,Транспорт,Яндекс Go,Алматы,QR,0
T01427,2026-06-22 20:53,C012,22806,Продукты,Magnum,Караганда,Карта,0
T01428,2026-06-22 22:15,C048,74834,Маркетплейсы,Wildberries,Шымкент,Перевод,0
T01429,2026-06-23 09:35,C011,22797,Коммунальные,Алсеко,Алматы,QR,0
T01430,2026-06-23 09:51,C025,5834,Транспорт,InDrive,Павлодар,Онлайн,0
T01431,2026-06-23 10:05,C011,20855,АЗС,Qazaq Oil,Алматы,Онлайн,0
T01432,2026-06-23 10:11,C056,8213,Продукты,Small,Караганда,Онлайн,0
T01433,2026-06-23 10:45,C051,20446,Коммунальные,Астана-ЕРЦ,Усть-Каменогорск,Карта,0
T01434,2026-06-23 11:03,C026,3482,Транспорт,Onay,Алматы,QR,0
T01435,2026-06-23 11:42,C036,30645,Здоровье,Europharma,Шымкент,Онлайн,0
T01436,2026-06-23 12:13,C030,12965,АЗС,Qazaq Oil,Актобе,QR,0
T01437,2026-06-23 13:38,C059,18101,Коммунальные,Алсеко,Караганда,Карта,0
T01438,2026-06-23 13:48,C003,24740,Здоровье,Биосфера,Астана,Онлайн,0
T01439,2026-06-23 14:19,C044,2406,Продукты,Galmart,Шымкент,Карта,0
T01440,2026-06-23 16:30,C041,6472,Транспорт,Onay,Астана,Перевод,0
T01441,2026-06-23 18:28,C028,11513,Продукты,Анвар,Караганда,Онлайн,0
T01442,2026-06-23 21:20,C041,44961,Кафе и рестораны,Coffee Boom,Астана,QR,0
T01443,2026-06-23 21:49,C001,15372,АЗС,Helios,Алматы,Карта,0
T01444,2026-06-23 21:49,C056,22743,Продукты,Анвар,Караганда,Онлайн,0
T01445,2026-06-23 22:39,C007,2772,Транспорт,Onay,Шымкент,Перевод,0
T01446,2026-06-23 22:50,C046,33403,Здоровье,Биосфера,Алматы,Онлайн,0
T01447,2026-06-24 09:32,C001,4709,Продукты,Анвар,Алматы,QR,0
T01448,2026-06-24 11:00,C012,2402,Здоровье,Europharma,Караганда,Карта,0
T01449,2026-06-24 11:19,C049,158748,Маркетплейсы,Kaspi Магазин,Караганда,Карта,0
T01450,2026-06-24 13:16,C012,189239,Переводы,Перевод на карту,Караганда,Карта,0
T01451,2026-06-24 14:57,C031,28308,Кафе и рестораны,Del Papa,Алматы,QR,0
T01452,2026-06-24 15:09,C031,21291,Коммунальные,Казахтелеком,Алматы,Перевод,0
T01453,2026-06-24 15:21,C009,124027,Переводы,Перевод по номеру,Алматы,Перевод,0
T01454,2026-06-24 17:28,C027,21906,Кафе и рестораны,Rumi,Атырау,Карта,0
T01455,2026-06-24 17:40,C027,5396,Транспорт,InDrive,Атырау,Онлайн,0
T01456,2026-06-24 18:05,C008,25073,АЗС,Qazaq Oil,Астана,Карта,0
T01457,2026-06-24 18:05,C029,9381,Кафе и рестораны,Rumi,Астана,Перевод,0
T01458,2026-06-24 19:07,C014,166808,Переводы,Перевод на карту,Атырау,Онлайн,0
T01459,2026-06-24 19:08,C053,36914,Коммунальные,Казахтелеком,Астана,Карта,0
T01460,2026-06-24 21:21,C019,26557,АЗС,Qazaq Oil,Усть-Каменогорск,Онлайн,0
T01461,2026-06-24 21:43,C004,31044,Кафе и рестораны,Rumi,Шымкент,Перевод,0
T01462,2026-06-25 08:26,C050,46359,Коммунальные,Астана-ЕРЦ,Алматы,Онлайн,0
T01463,2026-06-25 08:48,C011,15672,Продукты,Galmart,Алматы,Карта,0
T01464,2026-06-25 10:11,C051,35700,Кафе и рестораны,Coffee Boom,Усть-Каменогорск,Карта,0
T01465,2026-06-25 10:40,C027,5159,Транспорт,InDrive,Атырау,Перевод,0
T01466,2026-06-25 11:34,C021,738,Транспорт,Onay,Усть-Каменогорск,QR,0
T01467,2026-06-25 11:42,C057,17178,Продукты,Small,Актобе,Онлайн,0
T01468,2026-06-25 14:57,C035,121793,Маркетплейсы,Wildberries,Караганда,Перевод,0
T01469,2026-06-25 15:07,C047,21446,АЗС,Qazaq Oil,Шымкент,Онлайн,0
T01470,2026-06-25 16:02,C021,47282,Переводы,Перевод на карту,Усть-Каменогорск,QR,0
T01471,2026-06-25 16:02,C045,7426,Кафе и рестораны,Coffee Boom,Алматы,Карта,0
T01472,2026-06-25 16:43,C048,13272,АЗС,Qazaq Oil,Шымкент,Онлайн,0
T01473,2026-06-25 17:55,C018,4108,Транспорт,Яндекс Go,Астана,QR,0
T01474,2026-06-25 19:27,C023,187831,Переводы,Перевод по номеру,Астана,QR,0
T01475,2026-06-25 21:08,C024,31286,Маркетплейсы,Kaspi Магазин,Атырау,Онлайн,0
T01476,2026-06-25 21:12,C019,32539,Коммунальные,Казахтелеком,Усть-Каменогорск,Карта,0
T01477,2026-06-25 21:34,C039,53582,Здоровье,Europharma,Атырау,QR,0
T01478,2026-06-26 04:46,C002,498054,Переводы,Перевод на карту,Актобе,Онлайн,1
T01479,2026-06-26 08:06,C050,115058,Маркетплейсы,Ozon,Алматы,QR,0
T01480,2026-06-26 09:44,C048,17447,Здоровье,Биосфера,Шымкент,Карта,0
T01481,2026-06-26 09:56,C045,81586,Маркетплейсы,Kaspi Магазин,Алматы,QR,0
T01482,2026-06-26 10:31,C006,201474,Переводы,Перевод на карту,Караганда,Перевод,0
T01483,2026-06-26 11:23,C044,5046,Кафе и рестораны,Rumi,Шымкент,QR,0
T01484,2026-06-26 13:25,C024,43764,Кафе и рестораны,Del Papa,Атырау,Онлайн,0
T01485,2026-06-26 13:30,C052,31957,Продукты,Galmart,Алматы,Онлайн,0
T01486,2026-06-26 14:16,C034,11564,Продукты,Magnum,Астана,QR,0
T01487,2026-06-26 17:25,C035,11618,Коммунальные,Алсеко,Караганда,Перевод,0
T01488,2026-06-26 19:07,C022,44957,Здоровье,Europharma,Усть-Каменогорск,QR,0
T01489,2026-06-26 19:09,C060,59962,Здоровье,Europharma,Усть-Каменогорск,Карта,0
T01490,2026-06-26 19:11,C045,17487,Здоровье,Europharma,Алматы,QR,0
T01491,2026-06-26 20:28,C043,216238,Маркетплейсы,Kaspi Магазин,Павлодар,QR,0
T01492,2026-06-26 20:55,C001,14891,Переводы,Перевод по номеру,Алматы,QR,0
T01493,2026-06-26 21:00,C057,3007,Транспорт,Onay,Актобе,QR,0
T01494,2026-06-26 22:45,C039,21452,Продукты,Small,Атырау,Онлайн,0
T01495,2026-06-26 22:52,C035,33397,Кафе и рестораны,Coffee Boom,Караганда,Карта,0
T01496,2026-06-27 01:32,C005,1075353,Переводы,Перевод на карту,Астана,Онлайн,1
T01497,2026-06-27 09:09,C020,26614,Продукты,Small,Актобе,Онлайн,0
T01498,2026-06-27 09:51,C015,36381,Коммунальные,Алсеко,Шымкент,Перевод,0
T01499,2026-06-27 10:03,C003,7601,Здоровье,Биосфера,Астана,Карта,0
T01500,2026-06-27 10:15,C059,5408,Продукты,Galmart,Караганда,Перевод,0
T01501,2026-06-27 10:22,C045,205275,Переводы,Перевод по номеру,Алматы,Онлайн,0
T01502,2026-06-27 10:33,C051,8838,Транспорт,InDrive,Усть-Каменогорск,QR,0
T01503,2026-06-27 11:20,C015,2839,Транспорт,Onay,Шымкент,Перевод,0
T01504,2026-06-27 11:29,C026,128938,Маркетплейсы,Wildberries,Алматы,Карта,0
T01505,2026-06-27 11:56,C021,1544,Транспорт,Яндекс Go,Усть-Каменогорск,QR,0
T01506,2026-06-27 12:09,C001,28119,Переводы,Перевод на карту,Алматы,Карта,0
T01507,2026-06-27 13:30,C032,34604,Кафе и рестораны,Coffee Boom,Атырау,Карта,0
T01508,2026-06-27 14:58,C034,11278,АЗС,Helios,Астана,Карта,0
T01509,2026-06-27 16:58,C047,35543,Продукты,Small,Шымкент,Перевод,0
T01510,2026-06-27 17:16,C059,264189,Маркетплейсы,Ozon,Караганда,Карта,0
T01511,2026-06-27 19:25,C027,190529,Переводы,Перевод на карту,Атырау,Карта,0
T01512,2026-06-27 20:05,C027,14680,Здоровье,Europharma,Атырау,Онлайн,0
T01513,2026-06-27 20:55,C042,27023,Коммунальные,Казахтелеком,Шымкент,Онлайн,0
T01514,2026-06-27 21:26,C051,79163,Коммунальные,Казахтелеком,Усть-Каменогорск,Перевод,0
T01515,2026-06-27 22:31,C012,3767,Транспорт,Яндекс Go,Караганда,QR,0
T01516,2026-06-28 02:23,C021,838115,Переводы,Перевод на карту,Алматы,Онлайн,1
T01517,2026-06-28 08:34,C056,10968,Здоровье,Биосфера,Караганда,Онлайн,0
T01518,2026-06-28 09:37,C020,6116,Переводы,Перевод на карту,Актобе,QR,0
T01519,2026-06-28 10:25,C051,78662,Коммунальные,Алсеко,Усть-Каменогорск,Перевод,0
T01520,2026-06-28 10:53,C012,215789,Маркетплейсы,Ozon,Караганда,Карта,0
T01521,2026-06-28 12:10,C036,8510,Кафе и рестораны,Rumi,Шымкент,Онлайн,0
T01522,2026-06-28 12:28,C042,2892,Транспорт,Яндекс Go,Шымкент,QR,0
T01523,2026-06-28 12:30,C016,3230,Транспорт,InDrive,Шымкент,Онлайн,0
T01524,2026-06-28 14:28,C021,23180,Здоровье,Europharma,Усть-Каменогорск,Перевод,0
T01525,2026-06-28 14:56,C054,26520,Продукты,Small,Усть-Каменогорск,Онлайн,0
T01526,2026-06-28 15:25,C039,1711,Транспорт,Яндекс Go,Атырау,QR,0
T01527,2026-06-28 15:42,C039,31134,Кафе и рестораны,Coffee Boom,Атырау,Карта,0
T01528,2026-06-28 17:20,C049,13880,Здоровье,Europharma,Караганда,Карта,0
T01529,2026-06-28 18:09,C040,6246,Транспорт,InDrive,Атырау,Перевод,0
T01530,2026-06-28 18:29,C045,36578,Коммунальные,Астана-ЕРЦ,Алматы,Онлайн,0
T01531,2026-06-28 19:04,C007,143006,Переводы,Перевод по номеру,Шымкент,Карта,0
T01532,2026-06-28 20:18,C047,11031,Здоровье,Invitro,Шымкент,Онлайн,0
T01533,2026-06-28 21:17,C015,48881,Маркетплейсы,Kaspi Магазин,Шымкент,Онлайн,0
T01534,2026-06-29 08:42,C023,53865,Переводы,Перевод по номеру,Астана,Перевод,0
T01535,2026-06-29 09:04,C035,21777,АЗС,Helios,Караганда,Карта,0
T01536,2026-06-29 11:12,C032,33953,АЗС,Sinooil,Атырау,Карта,0
T01537,2026-06-29 12:21,C009,4115,Транспорт,Яндекс Go,Алматы,Онлайн,0
T01538,2026-06-29 12:41,C052,16012,Здоровье,Europharma,Алматы,Перевод,0
T01539,2026-06-29 12:44,C022,23047,Здоровье,Биосфера,Усть-Каменогорск,Перевод,0
T01540,2026-06-29 14:21,C003,9475,Здоровье,Europharma,Астана,QR,0
T01541,2026-06-29 14:59,C028,44247,Кафе и рестораны,Rumi,Караганда,Карта,0
T01542,2026-06-29 15:12,C044,4964,Транспорт,Яндекс Go,Шымкент,Онлайн,0
T01543,2026-06-29 16:16,C033,42884,Здоровье,Биосфера,Алматы,Перевод,0
T01544,2026-06-29 16:45,C028,40729,Коммунальные,Казахтелеком,Караганда,Перевод,0
T01545,2026-06-29 18:32,C002,23778,Коммунальные,Казахтелеком,Караганда,Перевод,0
T01546,2026-06-29 18:40,C044,6424,АЗС,Qazaq Oil,Шымкент,Карта,0
T01547,2026-06-29 19:13,C010,39646,Здоровье,Europharma,Астана,Онлайн,0
T01548,2026-06-29 19:24,C057,106023,Маркетплейсы,Kaspi Магазин,Актобе,Карта,0
T01549,2026-06-29 19:52,C005,151163,Маркетплейсы,Kaspi Магазин,Шымкент,QR,0
T01550,2026-06-29 20:41,C038,142751,Маркетплейсы,Ozon,Караганда,QR,0
T01551,2026-06-29 20:52,C043,57909,Переводы,Перевод на карту,Павлодар,Карта,0
T01552,2026-06-29 21:40,C026,39518,Переводы,Перевод на карту,Алматы,Карта,0
T01553,2026-06-29 22:52,C017,47826,Маркетплейсы,Kaspi Магазин,Алматы,QR,0
T01554,2026-06-30 08:06,C030,57918,Переводы,Перевод по номеру,Актобе,Карта,0
T01555,2026-06-30 11:42,C001,26615,Маркетплейсы,Ozon,Алматы,Карта,0
T01556,2026-06-30 14:29,C033,27767,Здоровье,Биосфера,Алматы,Онлайн,0
T01557,2026-06-30 14:30,C026,31176,Коммунальные,Алсеко,Алматы,QR,0
T01558,2026-06-30 16:30,C013,18008,Кафе и рестораны,Coffee Boom,Шымкент,Онлайн,0
T01559,2026-06-30 16:34,C015,5291,Переводы,Перевод на карту,Шымкент,QR,0
T01560,2026-06-30 16:38,C042,25431,АЗС,Sinooil,Шымкент,Карта,0
T01561,2026-06-30 17:34,C043,179438,Маркетплейсы,Kaspi Магазин,Павлодар,Перевод,0
T01562,2026-06-30 20:05,C036,39614,Кафе и рестораны,Del Papa,Шымкент,Карта,0
T01563,2026-06-30 20:23,C053,6757,Транспорт,Яндекс Go,Астана,QR,0
T01564,2026-06-30 20:29,C030,13658,Здоровье,Биосфера,Актобе,Онлайн,0
T01565,2026-06-30 21:24,C026,22464,Кафе и рестораны,Rumi,Алматы,Онлайн,0
T01566,2026-06-30 21:40,C013,143960,Маркетплейсы,Wildberries,Шымкент,Перевод,0
T01567,2026-07-01 01:10,C038,805689,Переводы,Перевод на карту,Шымкент,Онлайн,1
T01568,2026-07-01 04:29,C040,983290,Переводы,Перевод на карту,Павлодар,Онлайн,1
T01569,2026-07-01 08:35,C026,4283,Кафе и рестораны,Rumi,Алматы,Онлайн,0
T01570,2026-07-01 10:03,C022,2823,Транспорт,Onay,Усть-Каменогорск,Перевод,0
T01571,2026-07-01 12:10,C039,4079,Транспорт,Яндекс Go,Атырау,Карта,0
T01572,2026-07-01 15:42,C022,184838,Переводы,Перевод на карту,Усть-Каменогорск,Онлайн,0
T01573,2026-07-01 16:20,C057,91281,Переводы,Перевод на карту,Актобе,Перевод,0
T01574,2026-07-01 16:24,C009,22451,АЗС,Sinooil,Алматы,Онлайн,0
T01575,2026-07-01 16:54,C034,9108,Транспорт,Яндекс Go,Астана,Перевод,0
T01576,2026-07-01 17:01,C013,171821,Переводы,Перевод по номеру,Шымкент,Онлайн,0
T01577,2026-07-01 18:09,C016,17483,Продукты,Magnum,Шымкент,QR,0
T01578,2026-07-01 18:48,C059,53375,АЗС,Sinooil,Караганда,QR,0
T01579,2026-07-01 19:35,C024,29570,Здоровье,Биосфера,Атырау,Карта,0
T01580,2026-07-01 20:19,C014,34259,Здоровье,Europharma,Атырау,QR,0
T01581,2026-07-01 21:28,C013,4333,Продукты,Small,Шымкент,Онлайн,0
T01582,2026-07-01 22:16,C024,15157,Продукты,Small,Атырау,QR,0
T01583,2026-07-02 04:18,C023,1383351,Переводы,Перевод на карту,Караганда,Онлайн,1
T01584,2026-07-02 08:17,C026,18109,Здоровье,Invitro,Алматы,QR,0
T01585,2026-07-02 09:05,C009,5349,Маркетплейсы,Wildberries,Алматы,Онлайн,0
T01586,2026-07-02 09:27,C005,52408,Здоровье,Europharma,Шымкент,Онлайн,0
T01587,2026-07-02 10:15,C056,57889,Коммунальные,Казахтелеком,Караганда,Перевод,0
T01588,2026-07-02 11:29,C035,15859,АЗС,Helios,Караганда,QR,0
T01589,2026-07-02 11:47,C033,31400,Переводы,Перевод на карту,Алматы,Карта,0
T01590,2026-07-02 12:15,C009,31334,Кафе и рестораны,Rumi,Алматы,QR,0
T01591,2026-07-02 14:01,C048,65256,Маркетплейсы,Ozon,Шымкент,Онлайн,0
T01592,2026-07-02 14:05,C047,197893,Переводы,Перевод по номеру,Шымкент,Перевод,0
T01593,2026-07-02 14:34,C051,9235,Здоровье,Europharma,Усть-Каменогорск,QR,0
T01594,2026-07-02 15:03,C046,31397,Коммунальные,Астана-ЕРЦ,Алматы,Перевод,0
T01595,2026-07-02 16:47,C017,16871,Продукты,Анвар,Алматы,Перевод,0
T01596,2026-07-02 16:48,C026,2414,Здоровье,Invitro,Алматы,QR,0
T01597,2026-07-02 18:06,C040,172393,Маркетплейсы,Ozon,Атырау,Перевод,0
T01598,2026-07-02 19:34,C048,16340,АЗС,Helios,Шымкент,Онлайн,0
T01599,2026-07-02 19:49,C030,59424,Маркетплейсы,Ozon,Актобе,Перевод,0
T01600,2026-07-02 20:27,C032,28405,Продукты,Small,Атырау,Карта,0
T01601,2026-07-03 08:19,C032,156250,Маркетплейсы,Ozon,Атырау,Карта,0
T01602,2026-07-03 10:05,C031,2122,Транспорт,Яндекс Go,Алматы,Онлайн,0
T01603,2026-07-03 11:21,C022,10971,Кафе и рестораны,Rumi,Усть-Каменогорск,Карта,0
T01604,2026-07-03 12:52,C053,8655,Продукты,Анвар,Астана,Карта,0
T01605,2026-07-03 13:12,C009,4133,Транспорт,Onay,Алматы,Онлайн,0
T01606,2026-07-03 13:58,C006,2771,Транспорт,Onay,Караганда,Перевод,0
T01607,2026-07-03 14:12,C023,28225,Коммунальные,Астана-ЕРЦ,Астана,QR,0
T01608,2026-07-03 14:14,C014,9222,Транспорт,InDrive,Атырау,Перевод,0
T01609,2026-07-03 14:28,C033,42603,АЗС,Sinooil,Алматы,QR,0
T01610,2026-07-03 14:42,C040,3832,Транспорт,Яндекс Go,Атырау,Онлайн,0
T01611,2026-07-03 14:45,C040,39963,Продукты,Анвар,Атырау,Онлайн,0
T01612,2026-07-03 18:48,C052,44356,АЗС,Qazaq Oil,Алматы,Онлайн,0
T01613,2026-07-03 20:43,C029,111147,Маркетплейсы,Kaspi Магазин,Астана,QR,0
T01614,2026-07-03 20:51,C043,28502,Коммунальные,Алсеко,Павлодар,Перевод,0
T01615,2026-07-04 08:39,C038,40327,Продукты,Small,Караганда,QR,0
T01616,2026-07-04 09:02,C052,18744,АЗС,Sinooil,Алматы,Онлайн,0
T01617,2026-07-04 09:19,C049,43139,Маркетплейсы,Wildberries,Караганда,Онлайн,0
T01618,2026-07-04 10:25,C023,187753,Переводы,Перевод по номеру,Астана,Карта,0
T01619,2026-07-04 11:28,C004,14605,Продукты,Small,Шымкент,Перевод,0
T01620,2026-07-04 13:01,C055,206292,Переводы,Перевод на карту,Павлодар,Перевод,0
T01621,2026-07-04 15:19,C046,30222,Здоровье,Биосфера,Алматы,QR,0
T01622,2026-07-04 15:31,C010,31272,Коммунальные,Астана-ЕРЦ,Астана,Карта,0
T01623,2026-07-04 15:49,C046,26938,Кафе и рестораны,Del Papa,Алматы,Онлайн,0
T01624,2026-07-04 16:16,C052,55069,Коммунальные,Алсеко,Алматы,Перевод,0
T01625,2026-07-04 16:57,C004,35078,Кафе и рестораны,Rumi,Шымкент,Карта,0
T01626,2026-07-04 17:11,C024,130544,Переводы,Перевод на карту,Атырау,Карта,0
T01627,2026-07-04 17:49,C037,35519,Коммунальные,Алсеко,Павлодар,QR,0
T01628,2026-07-04 17:50,C053,103098,Переводы,Перевод по номеру,Астана,Карта,0
T01629,2026-07-04 18:33,C025,19611,Кафе и рестораны,Coffee Boom,Павлодар,Онлайн,0
T01630,2026-07-04 18:44,C058,21376,АЗС,Sinooil,Атырау,Онлайн,0
T01631,2026-07-04 18:47,C004,32513,Здоровье,Invitro,Шымкент,Онлайн,0
T01632,2026-07-04 19:55,C040,17700,Здоровье,Биосфера,Атырау,QR,0
T01633,2026-07-04 21:19,C023,1949,Здоровье,Invitro,Астана,Карта,0
T01634,2026-07-04 21:29,C012,42823,Коммунальные,Казахтелеком,Караганда,Карта,0
T01635,2026-07-05 08:20,C041,38298,Коммунальные,Алсеко,Астана,Перевод,0
T01636,2026-07-05 08:34,C052,2132,Транспорт,Onay,Алматы,Карта,0
T01637,2026-07-05 10:45,C028,1664,Транспорт,Onay,Караганда,QR,0
T01638,2026-07-05 10:45,C048,6019,АЗС,Sinooil,Шымкент,Онлайн,0
T01639,2026-07-05 14:29,C009,44233,Здоровье,Invitro,Алматы,QR,0
T01640,2026-07-05 15:48,C006,20726,Маркетплейсы,Kaspi Магазин,Караганда,Перевод,0
T01641,2026-07-05 16:10,C026,4261,Транспорт,InDrive,Алматы,Онлайн,0
T01642,2026-07-05 16:59,C006,7247,Здоровье,Invitro,Караганда,Карта,0
T01643,2026-07-05 17:06,C033,3726,Кафе и рестораны,Del Papa,Алматы,Карта,0
T01644,2026-07-05 17:30,C040,11905,Продукты,Анвар,Атырау,Перевод,0
T01645,2026-07-05 17:40,C034,59092,Здоровье,Europharma,Астана,Перевод,0
T01646,2026-07-05 17:59,C024,282513,Переводы,Перевод на карту,Атырау,QR,0
T01647,2026-07-05 18:32,C056,20549,АЗС,Helios,Караганда,Онлайн,0
T01648,2026-07-05 19:09,C009,4565,Транспорт,Onay,Алматы,QR,0
T01649,2026-07-05 19:42,C011,11696,Кафе и рестораны,Del Papa,Алматы,Перевод,0
T01650,2026-07-05 20:08,C005,26805,Кафе и рестораны,Coffee Boom,Шымкент,Перевод,0
T01651,2026-07-05 20:10,C001,2126,Транспорт,InDrive,Алматы,Карта,0
T01652,2026-07-06 01:20,C038,1141546,Переводы,Перевод на карту,Павлодар,Онлайн,1
T01653,2026-07-06 02:36,C031,779137,Переводы,Перевод на карту,Астана,Онлайн,1
T01654,2026-07-06 12:52,C009,168458,Маркетплейсы,Wildberries,Алматы,Карта,0
T01655,2026-07-06 13:06,C058,105666,Маркетплейсы,Wildberries,Атырау,Онлайн,0
T01656,2026-07-06 13:30,C053,30609,АЗС,Qazaq Oil,Астана,Перевод,0
T01657,2026-07-06 13:42,C049,5009,Транспорт,InDrive,Караганда,Перевод,0
T01658,2026-07-06 14:01,C030,3076,Кафе и рестораны,Del Papa,Актобе,Карта,0
T01659,2026-07-06 14:08,C015,10398,АЗС,Helios,Шымкент,Онлайн,0
T01660,2026-07-06 14:44,C046,25008,АЗС,Helios,Алматы,Перевод,0
T01661,2026-07-06 16:09,C055,4268,Продукты,Small,Павлодар,QR,0
T01662,2026-07-06 17:30,C015,41822,Здоровье,Биосфера,Шымкент,Онлайн,0
T01663,2026-07-06 17:57,C018,17467,Продукты,Magnum,Астана,Перевод,0
T01664,2026-07-06 18:13,C015,24017,Продукты,Galmart,Шымкент,Онлайн,0
T01665,2026-07-06 18:24,C014,4082,Транспорт,InDrive,Атырау,Карта,0
T01666,2026-07-06 18:33,C052,224542,Переводы,Перевод на карту,Алматы,QR,0
T01667,2026-07-06 19:01,C031,5338,Транспорт,Onay,Алматы,Перевод,0
T01668,2026-07-06 21:22,C012,149028,Переводы,Перевод по номеру,Караганда,Онлайн,0
T01669,2026-07-06 21:37,C035,7165,АЗС,Sinooil,Караганда,QR,0
T01670,2026-07-06 21:59,C040,127324,Маркетплейсы,Kaspi Магазин,Атырау,Онлайн,0
T01671,2026-07-06 22:14,C014,46450,Коммунальные,Алсеко,Атырау,Перевод,0
T01672,2026-07-07 04:42,C003,1250872,Переводы,Перевод на карту,Павлодар,Онлайн,1
T01673,2026-07-07 08:31,C047,31764,Продукты,Magnum,Шымкент,Онлайн,0
T01674,2026-07-07 09:22,C001,16162,Кафе и рестораны,Coffee Boom,Алматы,Перевод,0
T01675,2026-07-07 09:49,C036,31760,Продукты,Galmart,Шымкент,Карта,0
T01676,2026-07-07 10:08,C009,2605,Транспорт,Onay,Алматы,Онлайн,0
T01677,2026-07-07 10:27,C023,36793,Здоровье,Invitro,Астана,QR,0
T01678,2026-07-07 12:29,C001,12359,Кафе и рестораны,Rumi,Алматы,QR,0
T01679,2026-07-07 12:35,C022,4713,Транспорт,Onay,Усть-Каменогорск,Перевод,0
T01680,2026-07-07 13:03,C048,16925,Продукты,Magnum,Шымкент,QR,0
T01681,2026-07-07 13:37,C015,43644,Здоровье,Invitro,Шымкент,Карта,0
T01682,2026-07-07 14:19,C049,87065,Переводы,Перевод на карту,Караганда,Онлайн,0
T01683,2026-07-07 15:55,C007,180562,Маркетплейсы,Wildberries,Шымкент,Онлайн,0
T01684,2026-07-07 16:43,C018,19181,Кафе и рестораны,Coffee Boom,Астана,QR,0
T01685,2026-07-07 17:18,C015,19836,Кафе и рестораны,Del Papa,Шымкент,QR,0
T01686,2026-07-07 17:35,C058,135305,Переводы,Перевод по номеру,Атырау,Онлайн,0
T01687,2026-07-07 18:07,C053,175304,Маркетплейсы,Ozon,Астана,Перевод,0
T01688,2026-07-07 18:41,C029,124742,Переводы,Перевод на карту,Астана,QR,0
T01689,2026-07-07 18:57,C029,11126,Коммунальные,Алсеко,Астана,Карта,0
T01690,2026-07-07 19:21,C047,17000,Здоровье,Биосфера,Шымкент,Карта,0
T01691,2026-07-07 19:30,C043,47244,Переводы,Перевод на карту,Павлодар,QR,0
T01692,2026-07-07 20:45,C011,9393,Продукты,Анвар,Алматы,Перевод,0
T01693,2026-07-08 09:50,C040,29576,Здоровье,Биосфера,Атырау,Карта,0
T01694,2026-07-08 09:54,C043,9231,Транспорт,Onay,Павлодар,Карта,0
T01695,2026-07-08 10:26,C011,14081,Коммунальные,Казахтелеком,Алматы,QR,0
T01696,2026-07-08 11:22,C044,39858,Коммунальные,Астана-ЕРЦ,Шымкент,Онлайн,0
T01697,2026-07-08 11:31,C033,8102,Здоровье,Europharma,Алматы,Перевод,0
T01698,2026-07-08 11:42,C020,151159,Переводы,Перевод по номеру,Актобе,QR,0
T01699,2026-07-08 11:58,C003,2604,Транспорт,InDrive,Астана,QR,0
T01700,2026-07-08 14:38,C001,18831,Кафе и рестораны,Coffee Boom,Алматы,Перевод,0
T01701,2026-07-08 15:20,C022,39284,Кафе и рестораны,Rumi,Усть-Каменогорск,Онлайн,0
T01702,2026-07-08 16:15,C058,130044,Переводы,Перевод на карту,Атырау,Карта,0
T01703,2026-07-08 17:02,C006,133247,Маркетплейсы,Ozon,Караганда,Онлайн,0
T01704,2026-07-08 18:11,C039,90333,Маркетплейсы,Wildberries,Атырау,Перевод,0
T01705,2026-07-08 19:27,C023,25033,АЗС,Qazaq Oil,Астана,Карта,0
T01706,2026-07-08 20:55,C048,29291,Здоровье,Invitro,Шымкент,QR,0
T01707,2026-07-08 22:36,C002,7218,Кафе и рестораны,Del Papa,Караганда,Онлайн,0
T01708,2026-07-08 22:41,C049,40122,Здоровье,Europharma,Караганда,Перевод,0
T01709,2026-07-09 10:20,C039,32021,Кафе и рестораны,Del Papa,Атырау,Онлайн,0
T01710,2026-07-09 12:10,C052,32414,Здоровье,Биосфера,Алматы,QR,0
T01711,2026-07-09 12:11,C011,6254,Маркетплейсы,Ozon,Алматы,QR,0
T01712,2026-07-09 14:50,C013,194118,Переводы,Перевод на карту,Шымкент,Карта,0
T01713,2026-07-09 15:17,C024,34077,Здоровье,Биосфера,Атырау,Карта,0
T01714,2026-07-09 15:30,C018,1097,Транспорт,Яндекс Go,Астана,QR,0
T01715,2026-07-09 18:00,C015,6584,Транспорт,Яндекс Go,Шымкент,Онлайн,0
T01716,2026-07-09 18:07,C013,14221,Продукты,Magnum,Шымкент,Карта,0
T01717,2026-07-09 18:19,C016,36173,Здоровье,Europharma,Шымкент,Карта,0
T01718,2026-07-09 19:20,C047,30784,Здоровье,Биосфера,Шымкент,QR,0
T01719,2026-07-09 21:14,C044,2208,Транспорт,Onay,Шымкент,Карта,0
T01720,2026-07-09 21:30,C006,4349,Продукты,Анвар,Караганда,Перевод,0
T01721,2026-07-09 22:49,C002,122757,Переводы,Перевод по номеру,Караганда,Онлайн,0
T01722,2026-07-10 08:23,C048,557,Транспорт,Яндекс Go,Шымкент,Карта,0
T01723,2026-07-10 09:14,C033,235091,Переводы,Перевод на карту,Алматы,Онлайн,0
T01724,2026-07-10 09:31,C032,28844,АЗС,Qazaq Oil,Атырау,Карта,0
T01725,2026-07-10 09:33,C029,115592,Переводы,Перевод на карту,Астана,QR,0
T01726,2026-07-10 10:10,C048,2701,Продукты,Small,Шымкент,QR,0
T01727,2026-07-10 11:02,C049,11034,Коммунальные,Астана-ЕРЦ,Караганда,QR,0
T01728,2026-07-10 14:20,C018,2904,Транспорт,Яндекс Go,Астана,Онлайн,0
T01729,2026-07-10 17:42,C058,33519,Здоровье,Биосфера,Атырау,Карта,0
T01730,2026-07-10 17:47,C018,88113,Маркетплейсы,Ozon,Астана,Карта,0
T01731,2026-07-10 19:02,C027,9259,Кафе и рестораны,Del Papa,Атырау,Перевод,0
T01732,2026-07-11 08:34,C029,20435,Кафе и рестораны,Rumi,Астана,QR,0
T01733,2026-07-11 08:40,C057,973,Транспорт,Яндекс Go,Актобе,Карта,0
T01734,2026-07-11 10:13,C051,16762,Кафе и рестораны,Del Papa,Усть-Каменогорск,Карта,0
T01735,2026-07-11 12:00,C050,42988,Коммунальные,Астана-ЕРЦ,Алматы,QR,0
T01736,2026-07-11 13:18,C013,24616,Коммунальные,Астана-ЕРЦ,Шымкент,QR,0
T01737,2026-07-11 14:27,C053,56599,Здоровье,Invitro,Астана,Карта,0
T01738,2026-07-11 14:44,C022,5581,Транспорт,Яндекс Go,Усть-Каменогорск,QR,0
T01739,2026-07-11 15:19,C029,17588,АЗС,Helios,Астана,Онлайн,0
T01740,2026-07-11 15:33,C022,30853,Кафе и рестораны,Del Papa,Усть-Каменогорск,Карта,0
T01741,2026-07-11 15:34,C054,7046,Кафе и рестораны,Del Papa,Усть-Каменогорск,Онлайн,0
T01742,2026-07-11 17:44,C043,1177,Транспорт,Яндекс Go,Павлодар,Карта,0
T01743,2026-07-11 18:19,C010,29076,Продукты,Small,Астана,Онлайн,0
T01744,2026-07-11 18:33,C039,6963,Транспорт,Onay,Атырау,Карта,0
T01745,2026-07-11 19:36,C019,88549,Маркетплейсы,Kaspi Магазин,Усть-Каменогорск,QR,0
T01746,2026-07-11 19:50,C056,161833,Маркетплейсы,Kaspi Магазин,Караганда,QR,0
T01747,2026-07-11 20:13,C060,17981,Здоровье,Биосфера,Усть-Каменогорск,QR,0
T01748,2026-07-11 21:56,C044,24362,Кафе и рестораны,Del Papa,Шымкент,Онлайн,0
T01749,2026-07-11 22:33,C054,26911,Продукты,Galmart,Усть-Каменогорск,Карта,0
T01750,2026-07-11 22:56,C012,15442,Продукты,Small,Караганда,Карта,0
T01751,2026-07-12 08:11,C040,325749,Переводы,Перевод на карту,Атырау,Карта,0
T01752,2026-07-12 08:18,C037,39177,Переводы,Перевод на карту,Павлодар,Перевод,0
T01753,2026-07-12 10:52,C026,26641,АЗС,Qazaq Oil,Алматы,Карта,0
T01754,2026-07-12 12:04,C001,21430,Маркетплейсы,Ozon,Алматы,Перевод,0
T01755,2026-07-12 12:11,C024,12382,Кафе и рестораны,Rumi,Атырау,Карта,0
T01756,2026-07-12 13:04,C032,14989,АЗС,Sinooil,Атырау,Онлайн,0
T01757,2026-07-12 13:43,C011,19004,АЗС,Sinooil,Алматы,Карта,0
T01758,2026-07-12 13:49,C059,45243,Кафе и рестораны,Del Papa,Караганда,QR,0
T01759,2026-07-12 14:36,C049,77442,Переводы,Перевод по номеру,Караганда,QR,0
T01760,2026-07-12 15:04,C003,12575,Кафе и рестораны,Coffee Boom,Астана,Карта,0
T01761,2026-07-12 15:53,C059,26395,Продукты,Magnum,Караганда,Перевод,0
T01762,2026-07-12 16:09,C054,25967,Коммунальные,Алсеко,Усть-Каменогорск,Перевод,0
T01763,2026-07-12 16:27,C017,16853,Кафе и рестораны,Del Papa,Алматы,QR,0
T01764,2026-07-12 16:58,C048,9103,Здоровье,Europharma,Шымкент,Карта,0
T01765,2026-07-12 17:02,C025,113700,Маркетплейсы,Kaspi Магазин,Павлодар,Перевод,0
T01766,2026-07-12 17:18,C041,3451,Продукты,Анвар,Астана,Карта,0
T01767,2026-07-12 17:41,C015,141739,Переводы,Перевод по номеру,Шымкент,QR,0
T01768,2026-07-12 18:06,C007,8865,Кафе и рестораны,Del Papa,Шымкент,Онлайн,0
T01769,2026-07-12 18:11,C055,19168,Продукты,Small,Павлодар,Перевод,0
T01770,2026-07-12 18:20,C027,2529,Продукты,Small,Атырау,Онлайн,0
T01771,2026-07-12 18:41,C001,13745,Коммунальные,Казахтелеком,Алматы,Онлайн,0
T01772,2026-07-12 19:53,C028,55646,Здоровье,Europharma,Караганда,Карта,0
T01773,2026-07-12 22:06,C033,285366,Переводы,Перевод на карту,Алматы,Перевод,0
T01774,2026-07-13 11:13,C048,1815,Транспорт,Onay,Шымкент,Перевод,0
T01775,2026-07-13 14:24,C008,15418,Кафе и рестораны,Del Papa,Астана,Карта,0
T01776,2026-07-13 14:24,C044,16713,Переводы,Перевод по номеру,Шымкент,Онлайн,0
T01777,2026-07-13 14:54,C049,12465,АЗС,Helios,Караганда,QR,0
T01778,2026-07-13 16:53,C002,8363,Коммунальные,Алсеко,Караганда,QR,0
T01779,2026-07-13 17:09,C055,38027,Коммунальные,Казахтелеком,Павлодар,QR,0
T01780,2026-07-13 17:14,C055,5687,Транспорт,Яндекс Go,Павлодар,Перевод,0
T01781,2026-07-13 20:55,C054,4066,Транспорт,Яндекс Go,Усть-Каменогорск,QR,0
T01782,2026-07-13 21:27,C049,37244,Переводы,Перевод на карту,Караганда,Карта,0
T01783,2026-07-13 22:20,C032,3765,Транспорт,Onay,Атырау,QR,0
T01784,2026-07-14 01:30,C025,334688,Переводы,Перевод на карту,Атырау,Онлайн,1
T01785,2026-07-14 09:14,C059,18584,АЗС,Sinooil,Караганда,Онлайн,0
T01786,2026-07-14 10:19,C008,68402,Переводы,Перевод на карту,Астана,QR,0
T01787,2026-07-14 12:10,C012,14108,Маркетплейсы,Wildberries,Караганда,QR,0
T01788,2026-07-14 12:10,C048,15637,АЗС,Helios,Шымкент,Карта,0
T01789,2026-07-14 12:10,C053,12826,Коммунальные,Алсеко,Астана,QR,0
T01790,2026-07-14 13:05,C035,18147,Здоровье,Invitro,Караганда,Карта,0
T01791,2026-07-14 13:34,C002,98347,Переводы,Перевод по номеру,Караганда,QR,0
T01792,2026-07-14 13:51,C027,111703,Переводы,Перевод на карту,Атырау,Онлайн,0
T01793,2026-07-14 14:28,C013,31142,Коммунальные,Алсеко,Шымкент,Перевод,0
T01794,2026-07-14 17:34,C034,227509,Маркетплейсы,Wildberries,Астана,QR,0
T01795,2026-07-14 20:00,C018,23563,Продукты,Анвар,Астана,QR,0
T01796,2026-07-14 20:11,C054,53237,Здоровье,Invitro,Усть-Каменогорск,QR,0
T01797,2026-07-14 21:36,C006,24060,Переводы,Перевод на карту,Караганда,Карта,0
T01798,2026-07-15 08:12,C003,14869,Здоровье,Invitro,Астана,Онлайн,0
T01799,2026-07-15 08:20,C059,57151,Здоровье,Биосфера,Караганда,QR,0
T01800,2026-07-15 08:35,C013,110101,Переводы,Перевод по номеру,Шымкент,Перевод,0
T01801,2026-07-15 08:36,C008,116197,Маркетплейсы,Ozon,Астана,QR,0
T01802,2026-07-15 09:29,C024,197181,Переводы,Перевод на карту,Атырау,Перевод,0
T01803,2026-07-15 09:58,C030,2042,Транспорт,Яндекс Go,Актобе,Перевод,0
T01804,2026-07-15 10:09,C042,13559,Продукты,Small,Шымкент,QR,0
T01805,2026-07-15 10:53,C008,14751,Продукты,Magnum,Астана,QR,0
T01806,2026-07-15 10:54,C043,28843,АЗС,Qazaq Oil,Павлодар,Онлайн,0
T01807,2026-07-15 11:08,C057,4117,Продукты,Galmart,Актобе,Карта,0
T01808,2026-07-15 11:53,C038,54808,Маркетплейсы,Kaspi Магазин,Караганда,QR,0
T01809,2026-07-15 13:29,C045,2418,Транспорт,InDrive,Алматы,QR,0
T01810,2026-07-15 13:45,C007,19605,Кафе и рестораны,Coffee Boom,Шымкент,QR,0
T01811,2026-07-15 13:48,C046,3421,Кафе и рестораны,Rumi,Алматы,Карта,0
T01812,2026-07-15 13:55,C005,31601,Кафе и рестораны,Rumi,Шымкент,Карта,0
T01813,2026-07-15 14:19,C018,68934,Маркетплейсы,Ozon,Астана,Перевод,0
T01814,2026-07-15 15:56,C011,2251,Транспорт,InDrive,Алматы,Онлайн,0
T01815,2026-07-15 16:57,C026,3824,Транспорт,Onay,Алматы,Онлайн,0
T01816,2026-07-15 19:21,C031,22909,Здоровье,Invitro,Алматы,Карта,0
T01817,2026-07-15 19:31,C003,31791,Маркетплейсы,Wildberries,Астана,Карта,0
T01818,2026-07-15 20:35,C027,6366,Здоровье,Биосфера,Атырау,Карта,0
T01819,2026-07-15 20:40,C017,47436,Маркетплейсы,Ozon,Алматы,Перевод,0
T01820,2026-07-15 21:02,C052,16629,АЗС,Qazaq Oil,Алматы,Карта,0
T01821,2026-07-15 22:03,C010,9264,Транспорт,InDrive,Астана,QR,0
T01822,2026-07-15 22:21,C052,12323,АЗС,Sinooil,Алматы,QR,0
T01823,2026-07-15 22:26,C024,266892,Переводы,Перевод на карту,Атырау,Карта,0
T01824,2026-07-15 22:47,C019,3015,Здоровье,Invitro,Усть-Каменогорск,Перевод,0
T01825,2026-07-16 08:00,C032,3018,Продукты,Galmart,Атырау,Перевод,0
T01826,2026-07-16 08:02,C021,19309,Продукты,Magnum,Усть-Каменогорск,Онлайн,0
T01827,2026-07-16 08:49,C050,548,Транспорт,Onay,Алматы,Перевод,0
T01828,2026-07-16 09:35,C053,31898,Маркетплейсы,Ozon,Астана,Карта,0
T01829,2026-07-16 10:09,C012,28316,Кафе и рестораны,Coffee Boom,Караганда,Карта,0
T01830,2026-07-16 10:18,C020,253681,Маркетплейсы,Ozon,Актобе,QR,0
T01831,2026-07-16 10:53,C022,180020,Переводы,Перевод по номеру,Усть-Каменогорск,QR,0
T01832,2026-07-16 15:00,C046,28403,АЗС,Sinooil,Алматы,QR,0
T01833,2026-07-16 15:19,C024,12155,Кафе и рестораны,Coffee Boom,Атырау,Карта,0
T01834,2026-07-16 15:58,C022,5598,Кафе и рестораны,Del Papa,Усть-Каменогорск,Карта,0
T01835,2026-07-16 16:33,C008,25515,Переводы,Перевод по номеру,Астана,Перевод,0
T01836,2026-07-16 21:26,C044,9741,Продукты,Small,Шымкент,Онлайн,0
T01837,2026-07-16 21:30,C003,31021,Коммунальные,Астана-ЕРЦ,Астана,Онлайн,0
T01838,2026-07-16 21:57,C042,22768,Здоровье,Europharma,Шымкент,Карта,0
T01839,2026-07-17 09:07,C032,28690,Коммунальные,Казахтелеком,Атырау,Перевод,0
T01840,2026-07-17 09:42,C051,36324,Коммунальные,Казахтелеком,Усть-Каменогорск,Карта,0
T01841,2026-07-17 10:26,C007,136917,Маркетплейсы,Wildberries,Шымкент,Онлайн,0
T01842,2026-07-17 14:12,C040,219273,Переводы,Перевод по номеру,Атырау,QR,0
T01843,2026-07-17 14:24,C012,56573,Коммунальные,Казахтелеком,Караганда,QR,0
T01844,2026-07-17 15:02,C048,8202,Кафе и рестораны,Coffee Boom,Шымкент,Онлайн,0
T01845,2026-07-17 15:21,C005,51222,Переводы,Перевод на карту,Шымкент,Перевод,0
T01846,2026-07-17 15:46,C056,38559,АЗС,Sinooil,Караганда,Карта,0
T01847,2026-07-17 16:07,C005,7027,Транспорт,Onay,Шымкент,Онлайн,0
T01848,2026-07-17 16:59,C030,25307,Здоровье,Europharma,Актобе,QR,0
T01849,2026-07-17 17:12,C049,17693,АЗС,Helios,Караганда,Онлайн,0
T01850,2026-07-17 18:06,C012,52165,Коммунальные,Алсеко,Караганда,QR,0
T01851,2026-07-17 18:39,C015,117305,Маркетплейсы,Kaspi Магазин,Шымкент,Карта,0
T01852,2026-07-17 18:53,C043,64116,Маркетплейсы,Wildberries,Павлодар,Карта,0
T01853,2026-07-17 19:16,C036,28095,Продукты,Small,Шымкент,Перевод,0
T01854,2026-07-17 21:31,C003,3102,Продукты,Galmart,Астана,Онлайн,0
T01855,2026-07-17 22:07,C047,48531,Кафе и рестораны,Coffee Boom,Шымкент,Карта,0
T01856,2026-07-18 02:39,C053,553030,Переводы,Перевод на карту,Атырау,Онлайн,1
T01857,2026-07-18 08:39,C058,22695,Кафе и рестораны,Del Papa,Атырау,Перевод,0
T01858,2026-07-18 09:27,C006,27055,Кафе и рестораны,Del Papa,Караганда,Перевод,0
T01859,2026-07-18 10:01,C034,101647,Переводы,Перевод по номеру,Астана,Онлайн,0
T01860,2026-07-18 10:31,C009,181686,Переводы,Перевод по номеру,Алматы,QR,0
T01861,2026-07-18 10:38,C028,17529,АЗС,Qazaq Oil,Караганда,Онлайн,0
T01862,2026-07-18 10:39,C052,55241,Здоровье,Биосфера,Алматы,Перевод,0
T01863,2026-07-18 10:53,C028,24475,АЗС,Sinooil,Караганда,Перевод,0
T01864,2026-07-18 12:39,C018,5605,Транспорт,InDrive,Астана,QR,0
T01865,2026-07-18 13:42,C042,25275,Маркетплейсы,Ozon,Шымкент,Карта,0
T01866,2026-07-18 16:02,C057,2854,Транспорт,InDrive,Актобе,Карта,0
T01867,2026-07-18 16:07,C025,53012,Коммунальные,Алсеко,Павлодар,Перевод,0
T01868,2026-07-18 18:32,C030,15555,Продукты,Small,Актобе,Онлайн,0
T01869,2026-07-18 19:04,C037,18916,Кафе и рестораны,Del Papa,Павлодар,QR,0
T01870,2026-07-18 19:31,C022,18210,АЗС,Sinooil,Усть-Каменогорск,Перевод,0
T01871,2026-07-18 19:37,C047,31304,Кафе и рестораны,Rumi,Шымкент,Онлайн,0
T01872,2026-07-18 19:46,C001,28244,Коммунальные,Казахтелеком,Алматы,Онлайн,0
T01873,2026-07-18 20:00,C013,27188,Коммунальные,Астана-ЕРЦ,Шымкент,Онлайн,0
T01874,2026-07-18 20:24,C009,1026,Транспорт,InDrive,Алматы,Онлайн,0
T01875,2026-07-18 21:11,C057,36055,Коммунальные,Алсеко,Актобе,Онлайн,0
T01876,2026-07-18 22:10,C048,8866,Здоровье,Europharma,Шымкент,Карта,0
T01877,2026-07-19 12:52,C045,19362,АЗС,Helios,Алматы,Карта,0
T01878,2026-07-19 13:41,C059,4316,Кафе и рестораны,Del Papa,Караганда,Перевод,0
T01879,2026-07-19 13:48,C032,11546,Кафе и рестораны,Del Papa,Атырау,Перевод,0
T01880,2026-07-19 13:50,C010,36629,Маркетплейсы,Wildberries,Астана,Карта,0
T01881,2026-07-19 14:51,C041,158062,Переводы,Перевод по номеру,Астана,Карта,0
T01882,2026-07-19 15:03,C030,51715,Маркетплейсы,Ozon,Актобе,Карта,0
T01883,2026-07-19 15:54,C056,19073,АЗС,Helios,Караганда,Перевод,0
T01884,2026-07-19 17:16,C057,84064,Переводы,Перевод по номеру,Актобе,Карта,0
T01885,2026-07-19 18:01,C042,150334,Маркетплейсы,Kaspi Магазин,Шымкент,Карта,0
T01886,2026-07-19 19:29,C028,16206,Кафе и рестораны,Coffee Boom,Караганда,QR,0
T01887,2026-07-19 19:57,C020,55441,Коммунальные,Алсеко,Актобе,Перевод,0
T01888,2026-07-19 20:46,C035,229014,Переводы,Перевод по номеру,Караганда,Карта,0
T01889,2026-07-19 21:13,C010,27008,АЗС,Qazaq Oil,Астана,Перевод,0
T01890,2026-07-20 02:19,C022,1158868,Переводы,Перевод на карту,Караганда,Онлайн,1
T01891,2026-07-20 09:00,C009,24866,Маркетплейсы,Kaspi Магазин,Алматы,QR,0
T01892,2026-07-20 10:08,C005,24444,Здоровье,Invitro,Шымкент,QR,0
T01893,2026-07-20 12:50,C017,10631,АЗС,Helios,Алматы,Перевод,0
T01894,2026-07-20 13:02,C045,16550,Здоровье,Invitro,Алматы,Онлайн,0
T01895,2026-07-20 13:44,C060,33854,АЗС,Qazaq Oil,Усть-Каменогорск,Карта,0
T01896,2026-07-20 14:36,C054,5363,Транспорт,Яндекс Go,Усть-Каменогорск,Онлайн,0
T01897,2026-07-20 15:16,C036,7653,Здоровье,Europharma,Шымкент,Перевод,0
T01898,2026-07-20 15:19,C034,206183,Маркетплейсы,Kaspi Магазин,Астана,Карта,0
T01899,2026-07-20 16:01,C052,36536,АЗС,Helios,Алматы,QR,0
T01900,2026-07-20 16:17,C036,33800,АЗС,Sinooil,Шымкент,Перевод,0
T01901,2026-07-20 16:35,C053,9098,Продукты,Magnum,Астана,Онлайн,0
T01902,2026-07-20 16:58,C006,7606,Транспорт,Яндекс Go,Караганда,QR,0
T01903,2026-07-20 18:10,C011,14620,Продукты,Анвар,Алматы,QR,0
T01904,2026-07-20 20:29,C033,28166,Кафе и рестораны,Rumi,Алматы,Перевод,0
T01905,2026-07-20 21:26,C026,38764,Маркетплейсы,Ozon,Алматы,Онлайн,0
T01906,2026-07-20 22:28,C032,20313,Здоровье,Invitro,Атырау,Перевод,0
T01907,2026-07-21 08:10,C024,18156,Здоровье,Europharma,Атырау,Онлайн,0
T01908,2026-07-21 08:22,C030,88161,Маркетплейсы,Ozon,Актобе,QR,0
T01909,2026-07-21 09:08,C033,169574,Переводы,Перевод на карту,Алматы,Перевод,0
T01910,2026-07-21 09:31,C036,25863,Продукты,Small,Шымкент,QR,0
T01911,2026-07-21 10:16,C058,9971,Продукты,Small,Атырау,Онлайн,0
T01912,2026-07-21 10:46,C003,2294,Транспорт,InDrive,Астана,Перевод,0
T01913,2026-07-21 11:53,C009,5211,Кафе и рестораны,Coffee Boom,Алматы,Онлайн,0
T01914,2026-07-21 12:48,C035,24160,Здоровье,Europharma,Караганда,QR,0
T01915,2026-07-21 14:20,C048,4912,Здоровье,Europharma,Шымкент,Карта,0
T01916,2026-07-21 16:01,C024,2474,Кафе и рестораны,Del Papa,Атырау,Карта,0
T01917,2026-07-21 17:14,C021,104412,Маркетплейсы,Ozon,Усть-Каменогорск,QR,0
T01918,2026-07-21 17:23,C044,14559,АЗС,Helios,Шымкент,Онлайн,0
T01919,2026-07-21 21:33,C034,8587,Транспорт,Яндекс Go,Астана,Карта,0
T01920,2026-07-22 08:12,C015,46059,Здоровье,Invitro,Шымкент,Перевод,0
T01921,2026-07-22 08:26,C006,3444,Транспорт,InDrive,Караганда,QR,0
T01922,2026-07-22 09:38,C003,1790,Здоровье,Биосфера,Астана,Перевод,0
T01923,2026-07-22 09:41,C056,4383,Транспорт,Яндекс Go,Караганда,Онлайн,0
T01924,2026-07-22 11:32,C024,52388,Маркетплейсы,Ozon,Атырау,Перевод,0
T01925,2026-07-22 11:34,C008,40233,Переводы,Перевод по номеру,Астана,QR,0
T01926,2026-07-22 12:31,C049,17167,АЗС,Sinooil,Караганда,Онлайн,0
T01927,2026-07-22 14:56,C018,19498,Коммунальные,Алсеко,Астана,Онлайн,0
T01928,2026-07-22 15:32,C060,100863,Переводы,Перевод по номеру,Усть-Каменогорск,Онлайн,0
T01929,2026-07-22 15:52,C040,32030,Продукты,Galmart,Атырау,Онлайн,0
T01930,2026-07-22 16:13,C010,38511,Продукты,Magnum,Астана,QR,0
T01931,2026-07-22 18:48,C035,20139,АЗС,Helios,Караганда,Карта,0
T01932,2026-07-22 18:51,C043,16697,АЗС,Helios,Павлодар,Перевод,0
T01933,2026-07-22 19:54,C044,4850,Транспорт,Яндекс Go,Шымкент,QR,0
T01934,2026-07-22 22:16,C057,4259,Транспорт,Onay,Актобе,Онлайн,0
T01935,2026-07-23 03:14,C026,1000755,Переводы,Перевод на карту,Актобе,Онлайн,1
T01936,2026-07-23 03:23,C034,1236250,Переводы,Перевод на карту,Караганда,Онлайн,1
T01937,2026-07-23 08:14,C035,52658,Переводы,Перевод по номеру,Караганда,Онлайн,0
T01938,2026-07-23 10:29,C040,220266,Маркетплейсы,Wildberries,Атырау,QR,0
T01939,2026-07-23 11:35,C022,35117,Коммунальные,Алсеко,Усть-Каменогорск,QR,0
T01940,2026-07-23 12:26,C059,29196,Кафе и рестораны,Del Papa,Караганда,QR,0
T01941,2026-07-23 13:37,C004,11975,Кафе и рестораны,Rumi,Шымкент,Перевод,0
T01942,2026-07-23 13:40,C041,33893,Кафе и рестораны,Del Papa,Астана,QR,0
T01943,2026-07-23 16:45,C002,2857,Транспорт,Яндекс Go,Караганда,Карта,0
T01944,2026-07-23 18:27,C005,40107,Коммунальные,Алсеко,Шымкент,Онлайн,0
T01945,2026-07-23 19:26,C022,38196,АЗС,Qazaq Oil,Усть-Каменогорск,QR,0
T01946,2026-07-23 19:46,C057,20271,Продукты,Анвар,Актобе,Онлайн,0
T01947,2026-07-23 20:32,C024,39244,Коммунальные,Астана-ЕРЦ,Атырау,QR,0
T01948,2026-07-23 20:41,C041,11339,Кафе и рестораны,Coffee Boom,Астана,Онлайн,0
T01949,2026-07-23 20:52,C012,31885,Коммунальные,Казахтелеком,Караганда,Онлайн,0
T01950,2026-07-24 01:16,C011,827689,Переводы,Перевод на карту,Караганда,Онлайн,1
T01951,2026-07-24 02:09,C051,1169177,Переводы,Перевод на карту,Павлодар,Онлайн,1
T01952,2026-07-24 09:09,C057,75587,Маркетплейсы,Ozon,Актобе,Карта,0
T01953,2026-07-24 09:30,C028,6367,Транспорт,Яндекс Go,Караганда,QR,0
T01954,2026-07-24 10:43,C013,10695,Коммунальные,Астана-ЕРЦ,Шымкент,Карта,0
T01955,2026-07-24 10:45,C060,39688,Коммунальные,Алсеко,Усть-Каменогорск,QR,0
T01956,2026-07-24 11:39,C006,26905,Коммунальные,Алсеко,Караганда,QR,0
T01957,2026-07-24 14:30,C055,44206,Переводы,Перевод по номеру,Павлодар,Карта,0
T01958,2026-07-24 15:25,C041,10562,Продукты,Анвар,Астана,Карта,0
T01959,2026-07-24 17:00,C006,52645,Здоровье,Europharma,Караганда,Перевод,0
T01960,2026-07-24 17:33,C041,12387,Продукты,Galmart,Астана,QR,0
T01961,2026-07-24 17:52,C056,7570,Транспорт,InDrive,Караганда,Онлайн,0
T01962,2026-07-24 18:45,C030,13443,Маркетплейсы,Wildberries,Актобе,Карта,0
T01963,2026-07-24 20:03,C043,32123,Коммунальные,Казахтелеком,Павлодар,Перевод,0
T01964,2026-07-24 20:08,C031,66090,Маркетплейсы,Wildberries,Алматы,Онлайн,0
T01965,2026-07-24 22:06,C030,4559,АЗС,Sinooil,Актобе,Перевод,0
T01966,2026-07-24 22:40,C056,233283,Переводы,Перевод на карту,Караганда,Онлайн,0
T01967,2026-07-25 08:03,C005,23754,Здоровье,Биосфера,Шымкент,Карта,0
T01968,2026-07-25 09:06,C013,113977,Маркетплейсы,Kaspi Магазин,Шымкент,Карта,0
T01969,2026-07-25 09:51,C011,4688,Транспорт,Onay,Алматы,Карта,0
T01970,2026-07-25 10:09,C046,29243,Здоровье,Биосфера,Алматы,Онлайн,0
T01971,2026-07-25 11:29,C042,129781,Переводы,Перевод на карту,Шымкент,Карта,0
T01972,2026-07-25 12:14,C011,12798,Маркетплейсы,Kaspi Магазин,Алматы,QR,0
T01973,2026-07-25 12:19,C050,42444,АЗС,Helios,Алматы,QR,0
T01974,2026-07-25 12:21,C053,19667,АЗС,Helios,Астана,Карта,0
T01975,2026-07-25 14:08,C034,51915,Кафе и рестораны,Coffee Boom,Астана,QR,0
T01976,2026-07-25 14:17,C057,19504,Кафе и рестораны,Del Papa,Актобе,Онлайн,0
T01977,2026-07-25 15:01,C018,20521,Коммунальные,Казахтелеком,Астана,QR,0
T01978,2026-07-25 15:24,C045,27122,Здоровье,Биосфера,Алматы,Перевод,0
T01979,2026-07-25 15:25,C017,2167,Маркетплейсы,Kaspi Магазин,Алматы,Перевод,0
T01980,2026-07-25 15:42,C013,18193,Кафе и рестораны,Coffee Boom,Шымкент,QR,0
T01981,2026-07-25 15:52,C018,26833,Кафе и рестораны,Del Papa,Астана,Онлайн,0
T01982,2026-07-25 16:19,C058,12240,Коммунальные,Алсеко,Атырау,Карта,0
T01983,2026-07-25 16:47,C011,101555,Переводы,Перевод по номеру,Алматы,Онлайн,0
T01984,2026-07-25 17:52,C028,11804,Кафе и рестораны,Del Papa,Караганда,Карта,0
T01985,2026-07-25 18:08,C060,29857,Коммунальные,Астана-ЕРЦ,Усть-Каменогорск,Карта,0
T01986,2026-07-25 19:16,C040,148220,Маркетплейсы,Ozon,Атырау,Карта,0
T01987,2026-07-25 19:21,C015,12001,Кафе и рестораны,Rumi,Шымкент,Перевод,0
T01988,2026-07-25 22:14,C005,129627,Переводы,Перевод на карту,Шымкент,Онлайн,0
T01989,2026-07-25 22:28,C003,42658,Переводы,Перевод на карту,Астана,Перевод,0
T01990,2026-07-26 01:42,C004,554527,Переводы,Перевод на карту,Павлодар,Онлайн,1
T01991,2026-07-26 09:16,C018,13258,АЗС,Sinooil,Астана,QR,0
T01992,2026-07-26 10:51,C002,15383,Кафе и рестораны,Coffee Boom,Караганда,Перевод,0
T01993,2026-07-26 12:12,C046,33521,Коммунальные,Алсеко,Алматы,Перевод,0
T01994,2026-07-26 12:19,C003,27999,Маркетплейсы,Kaspi Магазин,Астана,QR,0
T01995,2026-07-26 12:53,C013,77932,Переводы,Перевод на карту,Шымкент,Онлайн,0
T01996,2026-07-26 13:35,C013,24050,АЗС,Sinooil,Шымкент,Онлайн,0
T01997,2026-07-26 16:21,C026,13899,Продукты,Magnum,Алматы,Карта,0
T01998,2026-07-26 18:09,C033,62826,Коммунальные,Астана-ЕРЦ,Алматы,QR,0
T01999,2026-07-26 19:33,C012,48240,Коммунальные,Алсеко,Караганда,Онлайн,0
T02000,2026-07-26 19:37,C019,2227,Транспорт,Яндекс Go,Усть-Каменогорск,Карта,0
T02001,2026-07-26 19:37,C050,22684,Продукты,Анвар,Алматы,Карта,0
T02002,2026-07-26 22:02,C014,4381,Здоровье,Invitro,Атырау,Перевод,0
T02003,2026-07-27 10:43,C052,71645,Маркетплейсы,Wildberries,Алматы,Карта,0
T02004,2026-07-27 12:36,C021,4786,Здоровье,Биосфера,Усть-Каменогорск,QR,0
T02005,2026-07-27 14:45,C045,31613,Продукты,Small,Алматы,Онлайн,0
T02006,2026-07-27 15:51,C013,17732,Кафе и рестораны,Del Papa,Шымкент,Онлайн,0
T02007,2026-07-27 16:07,C001,15361,Продукты,Анвар,Алматы,Карта,0
T02008,2026-07-27 17:10,C048,23697,АЗС,Helios,Шымкент,Перевод,0
T02009,2026-07-27 17:11,C009,174281,Маркетплейсы,Ozon,Алматы,Перевод,0
T02010,2026-07-27 18:01,C005,15831,Коммунальные,Алсеко,Шымкент,Онлайн,0
T02011,2026-07-27 19:05,C011,80909,Маркетплейсы,Ozon,Алматы,QR,0
T02012,2026-07-27 19:49,C016,7087,АЗС,Sinooil,Шымкент,QR,0
T02013,2026-07-27 21:07,C042,8312,АЗС,Sinooil,Шымкент,Перевод,0
T02014,2026-07-27 22:15,C018,66636,Маркетплейсы,Kaspi Магазин,Астана,Онлайн,0
T02015,2026-07-28 08:10,C011,21291,Продукты,Анвар,Алматы,Онлайн,0
T02016,2026-07-28 08:28,C035,1659,Здоровье,Europharma,Караганда,Перевод,0
T02017,2026-07-28 09:05,C027,24881,Здоровье,Europharma,Атырау,Онлайн,0
T02018,2026-07-28 09:08,C051,226768,Маркетплейсы,Ozon,Усть-Каменогорск,Карта,0
T02019,2026-07-28 10:03,C003,1249,Транспорт,Onay,Астана,QR,0
T02020,2026-07-28 14:30,C020,3421,Транспорт,InDrive,Актобе,QR,0
T02021,2026-07-28 16:32,C014,1399,Транспорт,Onay,Атырау,Карта,0
T02022,2026-07-28 18:11,C040,177207,Маркетплейсы,Kaspi Магазин,Атырау,Онлайн,0
T02023,2026-07-28 19:04,C040,8859,АЗС,Helios,Атырау,Онлайн,0
T02024,2026-07-28 19:30,C037,121833,Маркетплейсы,Ozon,Павлодар,Карта,0
T02025,2026-07-28 20:08,C021,27325,Здоровье,Биосфера,Усть-Каменогорск,QR,0
T02026,2026-07-28 20:18,C006,45426,Здоровье,Invitro,Караганда,Онлайн,0
T02027,2026-07-28 20:27,C026,157826,Переводы,Перевод по номеру,Алматы,Перевод,0
T02028,2026-07-28 20:40,C021,16727,АЗС,Qazaq Oil,Усть-Каменогорск,Карта,0
T02029,2026-07-28 21:52,C029,15872,Кафе и рестораны,Rumi,Астана,Онлайн,0
T02030,2026-07-28 22:06,C033,7256,Транспорт,Яндекс Go,Алматы,Карта,0
T02031,2026-07-28 22:56,C050,190594,Переводы,Перевод по номеру,Алматы,Перевод,0
T02032,2026-07-29 01:29,C019,672470,Переводы,Перевод на карту,Атырау,Онлайн,1
T02033,2026-07-29 04:14,C019,1436938,Переводы,Перевод на карту,Алматы,Онлайн,1
T02034,2026-07-29 09:09,C004,27463,Кафе и рестораны,Del Papa,Шымкент,Онлайн,0
T02035,2026-07-29 09:17,C007,21277,АЗС,Helios,Шымкент,Карта,0
T02036,2026-07-29 10:05,C023,53104,Маркетплейсы,Ozon,Астана,Онлайн,0
T02037,2026-07-29 12:36,C043,41609,АЗС,Qazaq Oil,Павлодар,Онлайн,0
T02038,2026-07-29 14:07,C024,8865,Транспорт,Onay,Атырау,Карта,0
T02039,2026-07-29 14:11,C047,317729,Переводы,Перевод по номеру,Шымкент,Карта,0
T02040,2026-07-29 14:52,C003,20679,Здоровье,Биосфера,Астана,Перевод,0
T02041,2026-07-29 15:20,C031,25144,Кафе и рестораны,Rumi,Алматы,Онлайн,0
T02042,2026-07-29 15:56,C041,65252,Коммунальные,Казахтелеком,Астана,QR,0
T02043,2026-07-29 18:00,C018,3574,Продукты,Galmart,Астана,Перевод,0
T02044,2026-07-29 18:33,C006,20920,Здоровье,Invitro,Караганда,QR,0
T02045,2026-07-29 20:42,C057,24863,Переводы,Перевод по номеру,Актобе,Карта,0
T02046,2026-07-30 09:22,C032,33833,АЗС,Qazaq Oil,Атырау,Онлайн,0
T02047,2026-07-30 10:31,C036,66478,Коммунальные,Казахтелеком,Шымкент,Онлайн,0
T02048,2026-07-30 10:47,C012,14234,Кафе и рестораны,Coffee Boom,Караганда,QR,0
T02049,2026-07-30 11:09,C028,8624,Транспорт,Яндекс Go,Караганда,Карта,0
T02050,2026-07-30 11:46,C051,32674,Продукты,Small,Усть-Каменогорск,QR,0
T02051,2026-07-30 13:24,C011,21209,Продукты,Small,Алматы,Карта,0
T02052,2026-07-30 14:23,C030,8281,АЗС,Qazaq Oil,Актобе,QR,0
T02053,2026-07-30 15:13,C037,66075,Коммунальные,Казахтелеком,Павлодар,QR,0
T02054,2026-07-30 18:24,C039,35516,АЗС,Sinooil,Атырау,QR,0
T02055,2026-07-30 18:32,C027,27509,Продукты,Small,Атырау,Онлайн,0
T02056,2026-07-30 20:16,C004,13316,Кафе и рестораны,Coffee Boom,Шымкент,Онлайн,0
T02057,2026-07-30 20:53,C008,9497,Кафе и рестораны,Del Papa,Астана,Перевод,0
T02058,2026-07-30 20:54,C024,39804,Маркетплейсы,Kaspi Магазин,Атырау,Перевод,0
T02059,2026-07-30 21:17,C027,5664,Транспорт,Яндекс Go,Атырау,Карта,0
T02060,2026-07-31 08:53,C034,27836,Кафе и рестораны,Rumi,Астана,Карта,0
T02061,2026-07-31 09:05,C005,7785,Транспорт,Яндекс Go,Шымкент,Онлайн,0
T02062,2026-07-31 09:17,C032,18967,АЗС,Sinooil,Атырау,QR,0
T02063,2026-07-31 09:28,C009,155112,Маркетплейсы,Wildberries,Алматы,Перевод,0
T02064,2026-07-31 10:00,C047,7492,Продукты,Small,Шымкент,Онлайн,0
T02065,2026-07-31 12:37,C026,14900,Здоровье,Invitro,Алматы,Карта,0
T02066,2026-07-31 13:19,C038,300294,Переводы,Перевод на карту,Караганда,Карта,0
T02067,2026-07-31 13:22,C015,2084,Транспорт,InDrive,Шымкент,Перевод,0
T02068,2026-07-31 14:30,C045,50827,Переводы,Перевод по номеру,Алматы,Перевод,0
T02069,2026-07-31 15:16,C002,4784,Транспорт,InDrive,Караганда,Перевод,0
T02070,2026-07-31 15:35,C051,10680,Транспорт,InDrive,Усть-Каменогорск,Перевод,0
T02071,2026-07-31 15:57,C042,42984,Коммунальные,Астана-ЕРЦ,Шымкент,Перевод,0
T02072,2026-07-31 16:57,C025,8260,АЗС,Sinooil,Павлодар,QR,0
T02073,2026-07-31 17:39,C060,13215,Кафе и рестораны,Coffee Boom,Усть-Каменогорск,Карта,0
T02074,2026-07-31 17:47,C017,2079,Кафе и рестораны,Rumi,Алматы,Перевод,0
T02075,2026-07-31 18:02,C050,21940,АЗС,Qazaq Oil,Алматы,QR,0
T02076,2026-07-31 18:23,C022,10062,Кафе и рестораны,Coffee Boom,Усть-Каменогорск,Онлайн,0
T02077,2026-07-31 18:45,C003,12102,АЗС,Helios,Астана,Карта,0
T02078,2026-07-31 19:08,C021,33341,Переводы,Перевод на карту,Усть-Каменогорск,Онлайн,0
T02079,2026-07-31 19:09,C012,25035,Коммунальные,Казахтелеком,Караганда,Карта,0
T02080,2026-07-31 19:17,C052,23726,Продукты,Magnum,Алматы,Онлайн,0
T02081,2026-07-31 20:00,C015,1761,Транспорт,Onay,Шымкент,QR,0
T02082,2026-07-31 20:12,C030,18405,Коммунальные,Астана-ЕРЦ,Актобе,Карта,0
T02083,2026-07-31 20:21,C028,38373,Здоровье,Биосфера,Караганда,Перевод,0
T02084,2026-07-31 20:28,C050,3647,Транспорт,InDrive,Алматы,Перевод,0
T02085,2026-07-31 22:18,C022,66788,Коммунальные,Казахтелеком,Усть-Каменогорск,QR,0
T02086,2026-07-31 22:35,C040,7688,Переводы,Перевод на карту,Атырау,Перевод,0
T02087,2026-08-01 09:14,C010,3862,Транспорт,InDrive,Астана,Карта,0
T02088,2026-08-01 09:28,C041,11392,АЗС,Helios,Астана,Карта,0
T02089,2026-08-01 10:10,C048,13984,Коммунальные,Казахтелеком,Шымкент,QR,0
T02090,2026-08-01 11:35,C057,2617,Транспорт,Яндекс Go,Актобе,QR,0
T02091,2026-08-01 12:18,C030,65159,Переводы,Перевод на карту,Актобе,QR,0
T02092,2026-08-01 12:18,C034,47282,Здоровье,Invitro,Астана,Онлайн,0
T02093,2026-08-01 13:15,C059,32428,Продукты,Анвар,Караганда,Карта,0
T02094,2026-08-01 13:35,C007,183757,Маркетплейсы,Ozon,Шымкент,Перевод,0
T02095,2026-08-01 14:00,C012,15194,Переводы,Перевод по номеру,Караганда,Перевод,0
T02096,2026-08-01 16:38,C047,19799,Здоровье,Invitro,Шымкент,QR,0
T02097,2026-08-01 17:18,C046,23371,Маркетплейсы,Ozon,Алматы,Онлайн,0
T02098,2026-08-01 18:11,C006,47312,Здоровье,Europharma,Караганда,Онлайн,0
T02099,2026-08-01 19:03,C055,18096,Здоровье,Биосфера,Павлодар,QR,0
T02100,2026-08-01 20:13,C048,8435,АЗС,Qazaq Oil,Шымкент,Онлайн,0
T02101,2026-08-01 20:51,C021,108959,Переводы,Перевод по номеру,Усть-Каменогорск,Онлайн,0
T02102,2026-08-01 20:55,C011,16456,Кафе и рестораны,Coffee Boom,Алматы,QR,0
T02103,2026-08-01 21:04,C031,6771,Здоровье,Биосфера,Алматы,Перевод,0
T02104,2026-08-02 09:21,C012,47603,Кафе и рестораны,Coffee Boom,Караганда,Перевод,0
T02105,2026-08-02 10:58,C055,153746,Маркетплейсы,Wildberries,Павлодар,QR,0
T02106,2026-08-02 13:42,C013,21785,АЗС,Qazaq Oil,Шымкент,QR,0
T02107,2026-08-02 14:26,C050,12545,АЗС,Sinooil,Алматы,Перевод,0
T02108,2026-08-02 15:34,C032,160400,Переводы,Перевод по номеру,Атырау,Онлайн,0
T02109,2026-08-02 18:44,C029,69613,Переводы,Перевод по номеру,Астана,Карта,0
T02110,2026-08-02 19:44,C019,17734,Кафе и рестораны,Coffee Boom,Усть-Каменогорск,Перевод,0
T02111,2026-08-02 22:24,C040,653,Транспорт,Яндекс Go,Атырау,Перевод,0
T02112,2026-08-02 22:38,C014,2155,Здоровье,Europharma,Атырау,Онлайн,0
T02113,2026-08-03 02:00,C047,764764,Переводы,Перевод на карту,Павлодар,Онлайн,1
T02114,2026-08-03 08:18,C013,35831,Здоровье,Europharma,Шымкент,Перевод,0
T02115,2026-08-03 08:50,C025,20076,Коммунальные,Казахтелеком,Павлодар,Онлайн,0
T02116,2026-08-03 09:00,C021,1687,Продукты,Magnum,Усть-Каменогорск,Перевод,0
T02117,2026-08-03 09:06,C048,14853,Коммунальные,Алсеко,Шымкент,QR,0
T02118,2026-08-03 11:14,C006,217367,Маркетплейсы,Kaspi Магазин,Караганда,Карта,0
T02119,2026-08-03 12:16,C015,115423,Маркетплейсы,Ozon,Шымкент,Карта,0
T02120,2026-08-03 12:21,C024,36545,АЗС,Helios,Атырау,Перевод,0
T02121,2026-08-03 14:48,C049,24116,Здоровье,Invitro,Караганда,Карта,0
T02122,2026-08-03 15:01,C024,51254,Здоровье,Invitro,Атырау,QR,0
T02123,2026-08-03 16:27,C023,18675,Здоровье,Europharma,Астана,QR,0
T02124,2026-08-03 17:44,C034,11571,Продукты,Magnum,Астана,Карта,0
T02125,2026-08-03 18:03,C046,2273,Транспорт,Яндекс Go,Алматы,Карта,0
T02126,2026-08-03 19:25,C029,1588,Транспорт,InDrive,Астана,QR,0
T02127,2026-08-03 19:28,C016,14327,Продукты,Анвар,Шымкент,QR,0
T02128,2026-08-03 20:01,C023,3500,Продукты,Magnum,Астана,Перевод,0
T02129,2026-08-03 21:57,C017,3027,Транспорт,InDrive,Алматы,Карта,0
T02130,2026-08-04 08:07,C001,87936,Маркетплейсы,Wildberries,Алматы,QR,0
T02131,2026-08-04 09:11,C044,3067,Транспорт,Яндекс Go,Шымкент,Перевод,0
T02132,2026-08-04 10:30,C038,54049,Здоровье,Invitro,Караганда,Карта,0
T02133,2026-08-04 10:48,C015,56465,Коммунальные,Алсеко,Шымкент,Онлайн,0
T02134,2026-08-04 12:00,C033,18986,Продукты,Magnum,Алматы,Карта,0
T02135,2026-08-04 12:27,C052,4777,Здоровье,Europharma,Алматы,Онлайн,0
T02136,2026-08-04 12:41,C028,308490,Переводы,Перевод по номеру,Караганда,Онлайн,0
T02137,2026-08-04 14:45,C009,239205,Переводы,Перевод на карту,Алматы,QR,0
T02138,2026-08-04 14:59,C028,100148,Маркетплейсы,Wildberries,Караганда,Перевод,0
T02139,2026-08-04 16:31,C030,106392,Переводы,Перевод по номеру,Актобе,Перевод,0
T02140,2026-08-04 16:58,C053,53278,Коммунальные,Астана-ЕРЦ,Астана,QR,0
T02141,2026-08-04 17:26,C036,48492,Здоровье,Europharma,Шымкент,Перевод,0
T02142,2026-08-04 17:30,C046,26775,АЗС,Qazaq Oil,Алматы,Карта,0
T02143,2026-08-04 19:50,C038,19247,Здоровье,Europharma,Караганда,Онлайн,0
T02144,2026-08-04 20:40,C036,28424,Здоровье,Биосфера,Шымкент,Онлайн,0
T02145,2026-08-04 20:46,C054,159708,Маркетплейсы,Wildberries,Усть-Каменогорск,QR,0
T02146,2026-08-04 21:44,C012,53493,Коммунальные,Астана-ЕРЦ,Караганда,QR,0
T02147,2026-08-04 21:53,C052,70054,Переводы,Перевод по номеру,Алматы,Карта,0
T02148,2026-08-05 08:42,C046,33828,Коммунальные,Алсеко,Алматы,Карта,0
T02149,2026-08-05 09:51,C034,50196,АЗС,Sinooil,Астана,Карта,0
T02150,2026-08-05 10:29,C030,4494,Кафе и рестораны,Del Papa,Актобе,QR,0
T02151,2026-08-05 10:40,C037,249525,Переводы,Перевод на карту,Павлодар,QR,0
T02152,2026-08-05 10:58,C047,5808,Кафе и рестораны,Rumi,Шымкент,QR,0
T02153,2026-08-05 11:58,C026,1867,Продукты,Small,Алматы,QR,0
T02154,2026-08-05 12:26,C037,14200,Продукты,Galmart,Павлодар,QR,0
T02155,2026-08-05 12:45,C029,23105,АЗС,Helios,Астана,Перевод,0
T02156,2026-08-05 14:10,C030,50362,Переводы,Перевод по номеру,Актобе,Перевод,0
T02157,2026-08-05 14:30,C031,131255,Маркетплейсы,Wildberries,Алматы,Перевод,0
T02158,2026-08-05 14:32,C032,43937,Здоровье,Europharma,Атырау,Перевод,0
T02159,2026-08-05 16:36,C054,60040,Здоровье,Биосфера,Усть-Каменогорск,Карта,0
T02160,2026-08-05 17:34,C055,21890,Здоровье,Invitro,Павлодар,QR,0
T02161,2026-08-05 18:34,C030,115644,Переводы,Перевод по номеру,Актобе,QR,0
T02162,2026-08-05 18:42,C020,20409,Маркетплейсы,Kaspi Магазин,Актобе,QR,0
T02163,2026-08-05 19:02,C055,26827,АЗС,Sinooil,Павлодар,Перевод,0
T02164,2026-08-06 09:59,C046,675,Транспорт,Яндекс Go,Алматы,Карта,0
T02165,2026-08-06 11:02,C039,2072,Транспорт,Onay,Атырау,Карта,0
T02166,2026-08-06 11:38,C012,11541,Кафе и рестораны,Rumi,Караганда,QR,0
T02167,2026-08-06 11:38,C044,5407,Кафе и рестораны,Coffee Boom,Шымкент,Перевод,0
T02168,2026-08-06 12:47,C051,17947,Кафе и рестораны,Del Papa,Усть-Каменогорск,Карта,0
T02169,2026-08-06 13:22,C047,4430,Продукты,Анвар,Шымкент,Онлайн,0
T02170,2026-08-06 13:29,C016,32580,Коммунальные,Астана-ЕРЦ,Шымкент,Перевод,0
T02171,2026-08-06 13:50,C048,24531,Здоровье,Europharma,Шымкент,Перевод,0
T02172,2026-08-06 14:13,C015,3624,Транспорт,Onay,Шымкент,Перевод,0
T02173,2026-08-06 14:56,C011,25979,Коммунальные,Астана-ЕРЦ,Алматы,Карта,0
T02174,2026-08-06 15:32,C011,10770,Кафе и рестораны,Rumi,Алматы,QR,0
T02175,2026-08-06 15:42,C050,9036,Транспорт,InDrive,Алматы,Перевод,0
T02176,2026-08-06 16:24,C006,7981,Транспорт,Яндекс Go,Караганда,Перевод,0
T02177,2026-08-06 16:51,C023,123483,Маркетплейсы,Wildberries,Астана,QR,0
T02178,2026-08-06 17:58,C057,129268,Переводы,Перевод на карту,Актобе,Перевод,0
T02179,2026-08-06 18:01,C022,44455,Кафе и рестораны,Rumi,Усть-Каменогорск,Перевод,0
T02180,2026-08-06 19:25,C037,37010,Продукты,Magnum,Павлодар,Онлайн,0
T02181,2026-08-06 19:25,C049,11342,Коммунальные,Казахтелеком,Караганда,Перевод,0
T02182,2026-08-06 21:31,C019,21010,Здоровье,Europharma,Усть-Каменогорск,Онлайн,0
T02183,2026-08-06 22:19,C007,26724,Здоровье,Europharma,Шымкент,Онлайн,0
T02184,2026-08-06 22:59,C053,15672,Здоровье,Europharma,Астана,Онлайн,0
T02185,2026-08-07 10:29,C047,15231,Кафе и рестораны,Coffee Boom,Шымкент,Онлайн,0
T02186,2026-08-07 11:20,C031,188708,Переводы,Перевод на карту,Алматы,QR,0
T02187,2026-08-07 12:26,C020,47750,АЗС,Sinooil,Актобе,Перевод,0
T02188,2026-08-07 12:51,C018,6628,АЗС,Qazaq Oil,Астана,Онлайн,0
T02189,2026-08-07 13:25,C015,29369,Продукты,Small,Шымкент,Онлайн,0
T02190,2026-08-07 17:19,C012,56270,Переводы,Перевод по номеру,Караганда,Перевод,0
T02191,2026-08-07 17:21,C004,6279,Транспорт,Onay,Шымкент,Карта,0
T02192,2026-08-07 17:50,C053,14003,Коммунальные,Алсеко,Астана,Онлайн,0
T02193,2026-08-07 17:57,C012,22281,Продукты,Small,Караганда,Карта,0
T02194,2026-08-07 18:07,C040,55403,Здоровье,Биосфера,Атырау,QR,0
T02195,2026-08-07 19:07,C029,14354,Коммунальные,Казахтелеком,Астана,Онлайн,0
T02196,2026-08-07 19:46,C030,14249,Здоровье,Биосфера,Актобе,QR,0
T02197,2026-08-07 19:59,C030,98782,Переводы,Перевод на карту,Актобе,QR,0
T02198,2026-08-07 20:07,C038,30214,Коммунальные,Алсеко,Караганда,Онлайн,0
T02199,2026-08-07 21:16,C059,146414,Маркетплейсы,Ozon,Караганда,Онлайн,0
T02200,2026-08-08 09:17,C041,135605,Маркетплейсы,Ozon,Астана,Карта,0
T02201,2026-08-08 09:22,C023,25214,Коммунальные,Казахтелеком,Астана,Перевод,0
T02202,2026-08-08 11:35,C013,16702,Продукты,Анвар,Шымкент,QR,0
T02203,2026-08-08 11:56,C036,68873,Коммунальные,Алсеко,Шымкент,Карта,0
T02204,2026-08-08 12:23,C029,23007,Кафе и рестораны,Del Papa,Астана,Онлайн,0
T02205,2026-08-08 12:42,C002,24114,Коммунальные,Алсеко,Караганда,Перевод,0
T02206,2026-08-08 13:28,C058,33599,Здоровье,Invitro,Атырау,QR,0
T02207,2026-08-08 14:29,C053,3810,Продукты,Magnum,Астана,Карта,0
T02208,2026-08-08 15:16,C002,43300,Коммунальные,Астана-ЕРЦ,Караганда,Карта,0
T02209,2026-08-08 15:32,C041,71896,Маркетплейсы,Ozon,Астана,Перевод,0
T02210,2026-08-08 15:45,C055,183530,Переводы,Перевод по номеру,Павлодар,Перевод,0
T02211,2026-08-08 16:20,C019,34435,Коммунальные,Астана-ЕРЦ,Усть-Каменогорск,Перевод,0
T02212,2026-08-08 20:49,C027,11993,Кафе и рестораны,Rumi,Атырау,QR,0
T02213,2026-08-08 21:28,C035,4443,Транспорт,Яндекс Go,Караганда,QR,0
T02214,2026-08-08 21:32,C007,106457,Маркетплейсы,Ozon,Шымкент,Перевод,0
T02215,2026-08-08 21:45,C022,25677,АЗС,Sinooil,Усть-Каменогорск,QR,0
T02216,2026-08-08 22:06,C001,3315,Транспорт,Onay,Алматы,QR,0
T02217,2026-08-08 22:24,C013,64182,Маркетплейсы,Ozon,Шымкент,QR,0
T02218,2026-08-09 01:19,C046,314832,Переводы,Перевод на карту,Усть-Каменогорск,Онлайн,1
T02219,2026-08-09 08:02,C011,24232,АЗС,Helios,Алматы,QR,0
T02220,2026-08-09 09:29,C041,13824,Коммунальные,Алсеко,Астана,Онлайн,0
T02221,2026-08-09 09:30,C051,48332,Здоровье,Биосфера,Усть-Каменогорск,Карта,0
T02222,2026-08-09 09:54,C001,3953,Продукты,Magnum,Алматы,QR,0
T02223,2026-08-09 10:15,C030,1262,Транспорт,Яндекс Go,Актобе,Перевод,0
T02224,2026-08-09 11:07,C006,214205,Маркетплейсы,Kaspi Магазин,Караганда,QR,0
T02225,2026-08-09 11:09,C042,174733,Переводы,Перевод по номеру,Шымкент,Карта,0
T02226,2026-08-09 13:01,C006,106939,Переводы,Перевод по номеру,Караганда,QR,0
T02227,2026-08-09 13:43,C044,3911,Транспорт,Яндекс Go,Шымкент,Карта,0
T02228,2026-08-09 14:35,C030,20829,Здоровье,Биосфера,Актобе,Перевод,0
T02229,2026-08-09 14:48,C026,4773,Транспорт,InDrive,Алматы,Перевод,0
T02230,2026-08-09 14:50,C015,18143,АЗС,Sinooil,Шымкент,Карта,0
T02231,2026-08-09 15:50,C002,28725,АЗС,Sinooil,Караганда,QR,0
T02232,2026-08-09 15:51,C007,4043,Кафе и рестораны,Del Papa,Шымкент,Онлайн,0
T02233,2026-08-09 17:10,C018,77896,Переводы,Перевод на карту,Астана,Карта,0
T02234,2026-08-09 18:47,C027,53366,Переводы,Перевод по номеру,Атырау,QR,0
T02235,2026-08-09 18:53,C012,34185,Продукты,Galmart,Караганда,Перевод,0
T02236,2026-08-09 19:06,C018,183125,Переводы,Перевод на карту,Астана,Карта,0
T02237,2026-08-09 19:55,C040,255962,Маркетплейсы,Wildberries,Атырау,Онлайн,0
T02238,2026-08-09 20:50,C013,24831,АЗС,Qazaq Oil,Шымкент,Карта,0
T02239,2026-08-09 21:17,C024,5210,Транспорт,InDrive,Атырау,QR,0
T02240,2026-08-09 22:07,C045,9074,Маркетплейсы,Kaspi Магазин,Алматы,Карта,0
T02241,2026-08-09 22:31,C058,3726,Транспорт,InDrive,Атырау,Перевод,0
T02242,2026-08-10 09:11,C034,230643,Переводы,Перевод на карту,Астана,Перевод,0
T02243,2026-08-10 11:26,C022,11906,АЗС,Qazaq Oil,Усть-Каменогорск,Карта,0
T02244,2026-08-10 13:29,C024,26061,Продукты,Small,Атырау,Онлайн,0
T02245,2026-08-10 14:52,C006,40710,Коммунальные,Алсеко,Караганда,Карта,0
T02246,2026-08-10 16:30,C049,10264,Маркетплейсы,Wildberries,Караганда,Карта,0
T02247,2026-08-10 17:06,C005,107249,Маркетплейсы,Kaspi Магазин,Шымкент,Карта,0
T02248,2026-08-10 17:42,C024,1326,Транспорт,Яндекс Go,Атырау,Онлайн,0
T02249,2026-08-10 18:43,C030,23642,Здоровье,Invitro,Актобе,Карта,0
T02250,2026-08-10 19:49,C021,10345,Продукты,Анвар,Усть-Каменогорск,Онлайн,0
T02251,2026-08-10 20:47,C006,149079,Маркетплейсы,Kaspi Магазин,Караганда,QR,0
T02252,2026-08-10 20:51,C051,23173,Кафе и рестораны,Del Papa,Усть-Каменогорск,QR,0
T02253,2026-08-10 22:30,C020,39647,Здоровье,Биосфера,Актобе,Онлайн,0
T02254,2026-08-11 08:10,C027,56717,Маркетплейсы,Wildberries,Атырау,Онлайн,0
T02255,2026-08-11 08:25,C011,6155,АЗС,Qazaq Oil,Алматы,Перевод,0
T02256,2026-08-11 08:42,C038,111264,Маркетплейсы,Ozon,Караганда,Карта,0
T02257,2026-08-11 08:47,C015,30449,АЗС,Helios,Шымкент,Перевод,0
T02258,2026-08-11 10:56,C017,6398,Продукты,Galmart,Алматы,QR,0
T02259,2026-08-11 11:05,C003,5291,Продукты,Анвар,Астана,Онлайн,0
T02260,2026-08-11 11:23,C036,24970,Продукты,Small,Шымкент,Онлайн,0
T02261,2026-08-11 15:11,C026,12136,Здоровье,Биосфера,Алматы,Онлайн,0
T02262,2026-08-11 15:20,C015,28497,Кафе и рестораны,Del Papa,Шымкент,QR,0
T02263,2026-08-11 16:32,C056,51145,Здоровье,Биосфера,Караганда,Перевод,0
T02264,2026-08-11 16:44,C013,105391,Маркетплейсы,Kaspi Магазин,Шымкент,Онлайн,0
T02265,2026-08-11 16:48,C032,6379,Продукты,Galmart,Атырау,Карта,0
T02266,2026-08-11 20:51,C055,33601,Переводы,Перевод по номеру,Павлодар,Перевод,0
T02267,2026-08-11 22:39,C034,30609,АЗС,Qazaq Oil,Астана,Карта,0
T02268,2026-08-12 10:07,C025,15932,Продукты,Galmart,Павлодар,Перевод,0
T02269,2026-08-12 10:42,C054,42135,АЗС,Helios,Усть-Каменогорск,Перевод,0
T02270,2026-08-12 10:53,C036,32617,Здоровье,Europharma,Шымкент,Карта,0
T02271,2026-08-12 11:26,C056,13240,Кафе и рестораны,Del Papa,Караганда,QR,0
T02272,2026-08-12 12:09,C054,25741,Кафе и рестораны,Rumi,Усть-Каменогорск,Онлайн,0
T02273,2026-08-12 12:33,C042,4593,Кафе и рестораны,Coffee Boom,Шымкент,Онлайн,0
T02274,2026-08-12 13:11,C028,139913,Переводы,Перевод по номеру,Караганда,Карта,0
T02275,2026-08-12 14:23,C015,236165,Переводы,Перевод на карту,Шымкент,QR,0
T02276,2026-08-12 15:07,C007,134952,Маркетплейсы,Ozon,Шымкент,Онлайн,0
T02277,2026-08-12 15:58,C012,64690,Коммунальные,Казахтелеком,Караганда,Онлайн,0
T02278,2026-08-12 16:50,C010,192685,Маркетплейсы,Wildberries,Астана,QR,0
T02279,2026-08-12 17:14,C054,20194,АЗС,Sinooil,Усть-Каменогорск,Перевод,0
T02280,2026-08-12 18:01,C021,9600,АЗС,Sinooil,Усть-Каменогорск,QR,0
T02281,2026-08-12 18:13,C037,58427,Коммунальные,Казахтелеком,Павлодар,Перевод,0
T02282,2026-08-12 18:53,C014,15928,Кафе и рестораны,Coffee Boom,Атырау,Перевод,0
T02283,2026-08-12 19:15,C025,34504,Переводы,Перевод по номеру,Павлодар,Перевод,0
T02284,2026-08-12 19:16,C032,6469,Транспорт,Яндекс Go,Атырау,Карта,0
T02285,2026-08-12 19:40,C019,19321,Здоровье,Europharma,Усть-Каменогорск,QR,0
T02286,2026-08-12 20:00,C028,22476,АЗС,Sinooil,Караганда,Перевод,0
T02287,2026-08-12 20:15,C026,126905,Маркетплейсы,Ozon,Алматы,Онлайн,0
T02288,2026-08-12 21:45,C055,14452,АЗС,Helios,Павлодар,Перевод,0
T02289,2026-08-12 22:39,C020,6817,Кафе и рестораны,Rumi,Актобе,Карта,0
T02290,2026-08-12 22:51,C002,15009,Продукты,Small,Караганда,Перевод,0
T02291,2026-08-13 09:25,C005,269283,Переводы,Перевод на карту,Шымкент,QR,0
T02292,2026-08-13 10:42,C049,118315,Маркетплейсы,Ozon,Караганда,Перевод,0
T02293,2026-08-13 11:00,C038,159338,Маркетплейсы,Wildberries,Караганда,Карта,0
T02294,2026-08-13 11:42,C032,207272,Переводы,Перевод по номеру,Атырау,Карта,0
T02295,2026-08-13 11:44,C019,41072,Переводы,Перевод по номеру,Усть-Каменогорск,Карта,0
T02296,2026-08-13 12:44,C030,84519,Переводы,Перевод по номеру,Актобе,QR,0
T02297,2026-08-13 14:41,C028,92285,Переводы,Перевод на карту,Караганда,QR,0
T02298,2026-08-13 14:49,C023,24773,Продукты,Анвар,Астана,Онлайн,0
T02299,2026-08-13 15:00,C011,8817,Продукты,Small,Алматы,QR,0
T02300,2026-08-13 15:33,C007,28244,Кафе и рестораны,Del Papa,Шымкент,Карта,0
T02301,2026-08-13 15:41,C049,216318,Переводы,Перевод на карту,Караганда,Онлайн,0
T02302,2026-08-13 19:53,C037,4650,Транспорт,Onay,Павлодар,Онлайн,0
T02303,2026-08-13 20:36,C024,9133,Продукты,Magnum,Атырау,QR,0
T02304,2026-08-13 22:26,C049,16244,Коммунальные,Алсеко,Караганда,QR,0
T02305,2026-08-13 22:36,C012,746,Транспорт,Яндекс Go,Караганда,QR,0
T02306,2026-08-14 08:09,C052,63052,Здоровье,Биосфера,Алматы,Онлайн,0
T02307,2026-08-14 09:56,C053,41792,Коммунальные,Казахтелеком,Астана,Карта,0
T02308,2026-08-14 10:25,C053,32152,Коммунальные,Астана-ЕРЦ,Астана,QR,0
T02309,2026-08-14 10:28,C016,9572,Кафе и рестораны,Rumi,Шымкент,Перевод,0
T02310,2026-08-14 11:26,C011,15839,АЗС,Helios,Алматы,QR,0
T02311,2026-08-14 12:14,C060,40150,АЗС,Qazaq Oil,Усть-Каменогорск,Перевод,0
T02312,2026-08-14 12:21,C046,4352,Транспорт,InDrive,Алматы,QR,0
T02313,2026-08-14 12:44,C028,35789,Кафе и рестораны,Del Papa,Караганда,Перевод,0
T02314,2026-08-14 13:44,C029,14108,Кафе и рестораны,Rumi,Астана,Перевод,0
T02315,2026-08-14 14:13,C053,26777,Маркетплейсы,Wildberries,Астана,Карта,0
T02316,2026-08-14 17:16,C059,26294,Коммунальные,Алсеко,Караганда,Онлайн,0
T02317,2026-08-14 17:39,C050,288475,Переводы,Перевод по номеру,Алматы,Онлайн,0
T02318,2026-08-14 18:04,C053,21935,АЗС,Helios,Астана,QR,0
T02319,2026-08-14 18:11,C036,61462,Здоровье,Europharma,Шымкент,Перевод,0
T02320,2026-08-14 20:03,C035,23169,Кафе и рестораны,Coffee Boom,Караганда,Онлайн,0
T02321,2026-08-14 21:38,C001,14904,Коммунальные,Астана-ЕРЦ,Алматы,QR,0
T02322,2026-08-15 03:07,C021,1404521,Переводы,Перевод на карту,Караганда,Онлайн,1
T02323,2026-08-15 11:21,C041,29242,Коммунальные,Казахтелеком,Астана,Перевод,0
T02324,2026-08-15 12:38,C010,127824,Маркетплейсы,Wildberries,Астана,Перевод,0
T02325,2026-08-15 13:44,C023,40647,Здоровье,Биосфера,Астана,Онлайн,0
T02326,2026-08-15 14:42,C003,40274,Маркетплейсы,Ozon,Астана,Перевод,0
T02327,2026-08-15 14:44,C026,12857,АЗС,Sinooil,Алматы,Онлайн,0
T02328,2026-08-15 16:52,C031,12477,Здоровье,Europharma,Алматы,Онлайн,0
T02329,2026-08-15 16:59,C009,261860,Переводы,Перевод на карту,Алматы,Карта,0
T02330,2026-08-15 17:03,C012,48095,Коммунальные,Астана-ЕРЦ,Караганда,Карта,0
T02331,2026-08-15 17:04,C026,1803,Транспорт,Onay,Алматы,Карта,0
T02332,2026-08-15 17:28,C017,4022,Транспорт,Onay,Алматы,Перевод,0
T02333,2026-08-15 17:54,C041,4675,Продукты,Small,Астана,Перевод,0
T02334,2026-08-15 18:22,C020,48746,Кафе и рестораны,Rumi,Актобе,Перевод,0
T02335,2026-08-15 18:46,C029,2459,Транспорт,InDrive,Астана,Перевод,0
T02336,2026-08-15 18:52,C021,16960,Здоровье,Биосфера,Усть-Каменогорск,Онлайн,0
T02337,2026-08-15 19:15,C001,776,Транспорт,Onay,Алматы,Перевод,0
T02338,2026-08-15 20:08,C001,3250,Кафе и рестораны,Rumi,Алматы,QR,0
T02339,2026-08-15 20:24,C039,240121,Переводы,Перевод по номеру,Атырау,QR,0
T02340,2026-08-15 21:15,C023,27750,Кафе и рестораны,Rumi,Астана,Карта,0
T02341,2026-08-16 10:24,C040,209337,Переводы,Перевод по номеру,Атырау,Карта,0
T02342,2026-08-16 11:49,C035,6756,Транспорт,InDrive,Караганда,QR,0
T02343,2026-08-16 12:20,C027,131377,Переводы,Перевод по номеру,Атырау,QR,0
T02344,2026-08-16 13:24,C025,28222,Продукты,Small,Павлодар,Перевод,0
T02345,2026-08-16 13:28,C041,67814,Коммунальные,Астана-ЕРЦ,Астана,Онлайн,0
T02346,2026-08-16 13:49,C011,6791,Кафе и рестораны,Rumi,Алматы,Онлайн,0
T02347,2026-08-16 15:22,C003,9786,Здоровье,Invitro,Астана,Онлайн,0
T02348,2026-08-16 17:40,C009,195313,Маркетплейсы,Kaspi Магазин,Алматы,QR,0
T02349,2026-08-16 22:01,C059,156408,Маркетплейсы,Wildberries,Караганда,Перевод,0
T02350,2026-08-16 22:14,C052,7973,Транспорт,Яндекс Go,Алматы,Карта,0
T02351,2026-08-17 08:39,C004,4382,Здоровье,Invitro,Шымкент,Перевод,0
T02352,2026-08-17 08:54,C015,17647,Продукты,Galmart,Шымкент,Онлайн,0
T02353,2026-08-17 10:13,C018,26762,Здоровье,Invitro,Астана,QR,0
T02354,2026-08-17 11:00,C021,9699,Кафе и рестораны,Coffee Boom,Усть-Каменогорск,Онлайн,0
T02355,2026-08-17 11:44,C042,147649,Маркетплейсы,Ozon,Шымкент,QR,0
T02356,2026-08-17 12:14,C053,11841,Кафе и рестораны,Coffee Boom,Астана,Онлайн,0
T02357,2026-08-17 13:35,C019,12269,АЗС,Helios,Усть-Каменогорск,Перевод,0
T02358,2026-08-17 14:24,C032,2231,Транспорт,InDrive,Атырау,Онлайн,0
T02359,2026-08-17 14:31,C050,8416,Транспорт,InDrive,Алматы,QR,0
T02360,2026-08-17 16:01,C022,217722,Маркетплейсы,Kaspi Магазин,Усть-Каменогорск,Онлайн,0
T02361,2026-08-17 16:06,C035,13477,Маркетплейсы,Wildberries,Караганда,Онлайн,0
T02362,2026-08-17 17:09,C017,36523,Маркетплейсы,Ozon,Алматы,QR,0
T02363,2026-08-17 17:27,C042,5390,Транспорт,Onay,Шымкент,Карта,0
T02364,2026-08-17 18:03,C008,2937,Транспорт,Яндекс Go,Астана,Карта,0
T02365,2026-08-17 19:18,C013,8864,Коммунальные,Казахтелеком,Шымкент,Перевод,0
T02366,2026-08-17 20:17,C048,5832,Продукты,Анвар,Шымкент,Онлайн,0
T02367,2026-08-17 21:49,C030,17545,АЗС,Qazaq Oil,Актобе,Перевод,0
T02368,2026-08-17 22:17,C015,30183,Здоровье,Europharma,Шымкент,QR,0
T02369,2026-08-18 09:05,C047,27881,Коммунальные,Казахтелеком,Шымкент,Карта,0
T02370,2026-08-18 12:40,C014,52313,Переводы,Перевод на карту,Атырау,Карта,0
T02371,2026-08-18 13:20,C016,4315,Транспорт,Onay,Шымкент,QR,0
T02372,2026-08-18 16:48,C018,11603,АЗС,Qazaq Oil,Астана,QR,0
T02373,2026-08-18 18:09,C054,102654,Маркетплейсы,Wildberries,Усть-Каменогорск,Карта,0
T02374,2026-08-18 18:11,C010,179019,Маркетплейсы,Kaspi Магазин,Астана,Карта,0
T02375,2026-08-18 18:12,C051,681,Транспорт,Onay,Усть-Каменогорск,Карта,0
T02376,2026-08-18 19:15,C020,48224,Маркетплейсы,Ozon,Актобе,Карта,0
T02377,2026-08-18 19:19,C002,25935,Здоровье,Invitro,Караганда,Карта,0
T02378,2026-08-18 22:05,C054,29352,Здоровье,Europharma,Усть-Каменогорск,QR,0
T02379,2026-08-19 01:08,C026,1201947,Переводы,Перевод на карту,Караганда,Онлайн,1
T02380,2026-08-19 09:03,C001,16654,Здоровье,Invitro,Алматы,Карта,0
T02381,2026-08-19 10:07,C034,155161,Переводы,Перевод на карту,Астана,Перевод,0
T02382,2026-08-19 12:46,C030,3521,Кафе и рестораны,Coffee Boom,Актобе,Перевод,0
T02383,2026-08-19 13:04,C025,39751,Кафе и рестораны,Rumi,Павлодар,Онлайн,0
T02384,2026-08-19 13:12,C016,11060,Продукты,Анвар,Шымкент,Онлайн,0
T02385,2026-08-19 14:21,C029,9282,Продукты,Анвар,Астана,Перевод,0
T02386,2026-08-19 14:22,C040,258230,Переводы,Перевод на карту,Атырау,Перевод,0
T02387,2026-08-19 16:07,C010,36289,Здоровье,Биосфера,Астана,Перевод,0
T02388,2026-08-19 17:08,C010,134082,Маркетплейсы,Wildberries,Астана,Перевод,0
T02389,2026-08-19 17:52,C048,10249,Здоровье,Invitro,Шымкент,Онлайн,0
T02390,2026-08-19 21:46,C034,23157,АЗС,Sinooil,Астана,Карта,0
T02391,2026-08-19 22:05,C011,10191,Кафе и рестораны,Coffee Boom,Алматы,Онлайн,0
T02392,2026-08-19 22:10,C007,14882,Продукты,Анвар,Шымкент,Онлайн,0
T02393,2026-08-19 22:30,C007,199087,Переводы,Перевод по номеру,Шымкент,QR,0
T02394,2026-08-19 22:32,C007,8712,Продукты,Small,Шымкент,QR,0
T02395,2026-08-20 08:35,C003,16184,Коммунальные,Астана-ЕРЦ,Астана,Карта,0
T02396,2026-08-20 10:21,C009,4962,Транспорт,Onay,Алматы,QR,0
T02397,2026-08-20 11:07,C035,26836,Коммунальные,Астана-ЕРЦ,Караганда,Карта,0
T02398,2026-08-20 11:11,C026,28489,Маркетплейсы,Kaspi Магазин,Алматы,Перевод,0
T02399,2026-08-20 11:37,C005,11822,Кафе и рестораны,Del Papa,Шымкент,Перевод,0
T02400,2026-08-20 11:42,C026,4040,Транспорт,InDrive,Алматы,QR,0
T02401,2026-08-20 13:52,C060,44273,Здоровье,Биосфера,Усть-Каменогорск,Перевод,0
T02402,2026-08-20 15:23,C046,23410,Маркетплейсы,Ozon,Алматы,Онлайн,0
T02403,2026-08-20 16:22,C003,12329,Здоровье,Invitro,Астана,Перевод,0
T02404,2026-08-20 17:38,C010,35812,АЗС,Qazaq Oil,Астана,Карта,0
T02405,2026-08-20 18:19,C051,20933,Коммунальные,Алсеко,Усть-Каменогорск,Карта,0
T02406,2026-08-20 18:38,C054,55462,Коммунальные,Казахтелеком,Усть-Каменогорск,Онлайн,0
T02407,2026-08-20 19:11,C028,2759,Транспорт,Onay,Караганда,Перевод,0
T02408,2026-08-20 19:15,C036,49711,АЗС,Helios,Шымкент,Карта,0
T02409,2026-08-20 20:23,C048,25353,Здоровье,Europharma,Шымкент,QR,0
T02410,2026-08-20 20:35,C015,131454,Переводы,Перевод на карту,Шымкент,Онлайн,0
T02411,2026-08-21 08:03,C023,11752,Кафе и рестораны,Del Papa,Астана,Онлайн,0
T02412,2026-08-21 10:38,C046,88328,Переводы,Перевод на карту,Алматы,Карта,0
T02413,2026-08-21 12:14,C018,5555,Продукты,Анвар,Астана,QR,0
T02414,2026-08-21 12:17,C056,95013,Маркетплейсы,Wildberries,Караганда,Онлайн,0
T02415,2026-08-21 12:30,C048,11131,Маркетплейсы,Ozon,Шымкент,QR,0
T02416,2026-08-21 12:56,C026,2474,Транспорт,InDrive,Алматы,Перевод,0
T02417,2026-08-21 13:32,C046,21971,Коммунальные,Астана-ЕРЦ,Алматы,Перевод,0
T02418,2026-08-21 13:36,C046,36701,Коммунальные,Казахтелеком,Алматы,QR,0
T02419,2026-08-21 14:33,C018,19832,Продукты,Magnum,Астана,QR,0
T02420,2026-08-21 15:09,C054,17136,Продукты,Magnum,Усть-Каменогорск,Онлайн,0
T02421,2026-08-21 15:45,C022,5384,Транспорт,Яндекс Go,Усть-Каменогорск,QR,0
T02422,2026-08-21 15:51,C029,7312,Продукты,Magnum,Астана,QR,0
T02423,2026-08-21 16:01,C019,31817,Маркетплейсы,Ozon,Усть-Каменогорск,Перевод,0
T02424,2026-08-21 16:52,C041,30202,Коммунальные,Астана-ЕРЦ,Астана,QR,0
T02425,2026-08-21 18:19,C042,16323,Коммунальные,Казахтелеком,Шымкент,Карта,0
T02426,2026-08-21 18:39,C023,17556,Продукты,Magnum,Астана,Онлайн,0
T02427,2026-08-21 18:53,C036,46988,АЗС,Helios,Шымкент,Карта,0
T02428,2026-08-21 20:07,C041,26781,Кафе и рестораны,Coffee Boom,Астана,Карта,0
T02429,2026-08-21 20:26,C003,13160,Кафе и рестораны,Coffee Boom,Астана,QR,0
T02430,2026-08-21 20:29,C051,28772,Здоровье,Invitro,Усть-Каменогорск,Перевод,0
T02431,2026-08-21 21:59,C024,6007,Транспорт,Onay,Атырау,Карта,0
T02432,2026-08-22 08:18,C026,19298,Продукты,Анвар,Алматы,Карта,0
T02433,2026-08-22 08:37,C023,1415,Транспорт,Яндекс Go,Астана,Онлайн,0
T02434,2026-08-22 10:13,C037,40519,Кафе и рестораны,Rumi,Павлодар,QR,0
T02435,2026-08-22 11:31,C017,11747,Здоровье,Invitro,Алматы,QR,0
T02436,2026-08-22 13:01,C055,132987,Переводы,Перевод на карту,Павлодар,Перевод,0
T02437,2026-08-22 13:05,C040,15578,Здоровье,Invitro,Атырау,Перевод,0
T02438,2026-08-22 13:06,C058,2248,Транспорт,Яндекс Go,Атырау,Перевод,0
T02439,2026-08-22 13:07,C038,36871,Коммунальные,Казахтелеком,Караганда,Карта,0
T02440,2026-08-22 15:51,C054,18124,Продукты,Small,Усть-Каменогорск,QR,0
T02441,2026-08-22 16:40,C045,4232,Транспорт,Onay,Алматы,QR,0
T02442,2026-08-22 18:03,C043,57701,Здоровье,Биосфера,Павлодар,QR,0
T02443,2026-08-22 19:29,C022,14851,Здоровье,Europharma,Усть-Каменогорск,QR,0
T02444,2026-08-22 19:31,C047,259244,Переводы,Перевод по номеру,Шымкент,Перевод,0
T02445,2026-08-22 20:31,C037,28884,АЗС,Qazaq Oil,Павлодар,QR,0
T02446,2026-08-23 08:35,C007,24936,Здоровье,Биосфера,Шымкент,Карта,0
T02447,2026-08-23 08:52,C045,15515,Продукты,Magnum,Алматы,QR,0
T02448,2026-08-23 09:08,C037,58087,Коммунальные,Казахтелеком,Павлодар,Онлайн,0
T02449,2026-08-23 09:41,C037,20321,Здоровье,Europharma,Павлодар,Карта,0
T02450,2026-08-23 10:15,C048,16813,Кафе и рестораны,Rumi,Шымкент,Перевод,0
T02451,2026-08-23 13:39,C015,76236,Переводы,Перевод на карту,Шымкент,QR,0
T02452,2026-08-23 14:43,C033,8446,Транспорт,InDrive,Алматы,QR,0
T02453,2026-08-23 15:04,C046,5503,Маркетплейсы,Wildberries,Алматы,Онлайн,0
T02454,2026-08-23 15:57,C025,30975,Коммунальные,Алсеко,Павлодар,Онлайн,0
T02455,2026-08-23 16:04,C045,3491,Продукты,Анвар,Алматы,Онлайн,0
T02456,2026-08-23 16:13,C017,10287,АЗС,Sinooil,Алматы,Перевод,0
T02457,2026-08-23 17:23,C014,8404,Транспорт,Onay,Атырау,QR,0
T02458,2026-08-23 17:45,C054,19252,Маркетплейсы,Wildberries,Усть-Каменогорск,Перевод,0
T02459,2026-08-23 19:40,C023,14822,Переводы,Перевод по номеру,Астана,Перевод,0
T02460,2026-08-23 20:06,C012,38337,Кафе и рестораны,Coffee Boom,Караганда,Перевод,0
T02461,2026-08-23 20:19,C011,32377,Коммунальные,Астана-ЕРЦ,Алматы,Онлайн,0
T02462,2026-08-23 20:44,C057,21762,Кафе и рестораны,Coffee Boom,Актобе,Перевод,0
T02463,2026-08-24 02:05,C019,1275421,Переводы,Перевод на карту,Атырау,Онлайн,1
T02464,2026-08-24 08:35,C024,16077,Коммунальные,Астана-ЕРЦ,Атырау,Карта,0
T02465,2026-08-24 10:13,C024,192806,Маркетплейсы,Ozon,Атырау,Перевод,0
T02466,2026-08-24 12:46,C046,24976,Кафе и рестораны,Rumi,Алматы,Перевод,0
T02467,2026-08-24 15:02,C031,14834,Кафе и рестораны,Rumi,Алматы,Онлайн,0
T02468,2026-08-24 16:59,C021,23172,Кафе и рестораны,Rumi,Усть-Каменогорск,Перевод,0
T02469,2026-08-24 17:09,C011,78532,Маркетплейсы,Kaspi Магазин,Алматы,Онлайн,0
T02470,2026-08-24 19:47,C046,12242,АЗС,Sinooil,Алматы,QR,0
T02471,2026-08-24 20:20,C032,41785,Здоровье,Invitro,Атырау,Карта,0
T02472,2026-08-24 21:44,C050,46729,Маркетплейсы,Kaspi Магазин,Алматы,Перевод,0
T02473,2026-08-24 22:13,C017,105455,Переводы,Перевод на карту,Алматы,Онлайн,0
T02474,2026-08-24 22:31,C027,78515,Маркетплейсы,Ozon,Атырау,Карта,0
T02475,2026-08-24 22:58,C012,316658,Переводы,Перевод по номеру,Караганда,Перевод,0
T02476,2026-08-25 02:20,C005,1026007,Переводы,Перевод на карту,Атырау,Онлайн,1
T02477,2026-08-25 04:30,C022,974706,Переводы,Перевод на карту,Алматы,Онлайн,1
T02478,2026-08-25 04:47,C054,327502,Переводы,Перевод на карту,Павлодар,Онлайн,1
T02479,2026-08-25 10:20,C055,19158,Кафе и рестораны,Rumi,Павлодар,Карта,0
T02480,2026-08-25 10:52,C047,7862,Транспорт,InDrive,Шымкент,Онлайн,0
T02481,2026-08-25 11:35,C041,18100,Коммунальные,Астана-ЕРЦ,Астана,Перевод,0
T02482,2026-08-25 12:15,C058,9080,Здоровье,Europharma,Атырау,Перевод,0
T02483,2026-08-25 12:54,C010,42038,Коммунальные,Казахтелеком,Астана,Карта,0
T02484,2026-08-25 13:07,C011,14473,Кафе и рестораны,Del Papa,Алматы,QR,0
T02485,2026-08-25 13:36,C004,72360,Переводы,Перевод на карту,Шымкент,Карта,0
T02486,2026-08-25 13:59,C054,174080,Маркетплейсы,Wildberries,Усть-Каменогорск,QR,0
T02487,2026-08-25 14:22,C054,126853,Переводы,Перевод по номеру,Усть-Каменогорск,QR,0
T02488,2026-08-25 14:52,C032,5169,Маркетплейсы,Ozon,Атырау,QR,0
T02489,2026-08-25 16:22,C013,3821,Здоровье,Invitro,Шымкент,Перевод,0
T02490,2026-08-25 17:24,C019,1295,Транспорт,Яндекс Go,Усть-Каменогорск,Перевод,0
T02491,2026-08-25 17:30,C001,1062,Транспорт,Onay,Алматы,Онлайн,0
T02492,2026-08-25 18:50,C048,17395,Продукты,Small,Шымкент,Перевод,0
T02493,2026-08-25 19:00,C025,37423,Коммунальные,Астана-ЕРЦ,Павлодар,QR,0
T02494,2026-08-25 22:15,C012,31407,Здоровье,Europharma,Караганда,Онлайн,0
T02495,2026-08-25 22:41,C032,15670,Кафе и рестораны,Rumi,Атырау,Перевод,0
T02496,2026-08-26 03:51,C037,1184719,Переводы,Перевод на карту,Актобе,Онлайн,1
T02497,2026-08-26 08:05,C030,3010,Транспорт,InDrive,Актобе,Онлайн,0
T02498,2026-08-26 08:16,C015,49408,Переводы,Перевод по номеру,Шымкент,Карта,0
T02499,2026-08-26 08:16,C047,45926,Кафе и рестораны,Coffee Boom,Шымкент,QR,0
T02500,2026-08-26 08:25,C037,37625,АЗС,Qazaq Oil,Павлодар,Перевод,0
T02501,2026-08-26 08:48,C003,25214,Коммунальные,Алсеко,Астана,Онлайн,0
T02502,2026-08-26 09:43,C029,93860,Маркетплейсы,Kaspi Магазин,Астана,Онлайн,0
T02503,2026-08-26 10:03,C015,24455,АЗС,Qazaq Oil,Шымкент,Онлайн,0
T02504,2026-08-26 11:37,C051,8687,Транспорт,Яндекс Go,Усть-Каменогорск,Карта,0
T02505,2026-08-26 15:40,C035,6561,Транспорт,Яндекс Go,Караганда,QR,0
T02506,2026-08-26 15:44,C029,1651,Транспорт,Onay,Астана,QR,0
T02507,2026-08-26 19:20,C007,40492,Маркетплейсы,Kaspi Магазин,Шымкент,Онлайн,0
T02508,2026-08-26 20:19,C019,15801,Продукты,Small,Усть-Каменогорск,Перевод,0
T02509,2026-08-26 20:59,C029,15859,АЗС,Sinooil,Астана,Перевод,0
T02510,2026-08-26 21:08,C027,2269,Транспорт,InDrive,Атырау,Карта,0
T02511,2026-08-26 21:51,C011,13468,АЗС,Helios,Алматы,QR,0
T02512,2026-08-27 09:20,C015,99198,Переводы,Перевод на карту,Шымкент,QR,0
T02513,2026-08-27 09:37,C023,11873,Кафе и рестораны,Del Papa,Астана,Онлайн,0
T02514,2026-08-27 10:46,C013,4919,Транспорт,Яндекс Go,Шымкент,Онлайн,0
T02515,2026-08-27 12:02,C034,29449,Продукты,Анвар,Астана,Карта,0
T02516,2026-08-27 13:41,C021,101158,Переводы,Перевод на карту,Усть-Каменогорск,Онлайн,0
T02517,2026-08-27 14:07,C058,10436,Кафе и рестораны,Del Papa,Атырау,Онлайн,0
T02518,2026-08-27 17:41,C002,68663,Переводы,Перевод на карту,Караганда,Онлайн,0
T02519,2026-08-28 08:31,C033,55942,Здоровье,Биосфера,Алматы,Карта,0
T02520,2026-08-28 09:25,C016,35870,Коммунальные,Астана-ЕРЦ,Шымкент,Карта,0
T02521,2026-08-28 09:49,C024,39522,Коммунальные,Астана-ЕРЦ,Атырау,Онлайн,0
T02522,2026-08-28 10:14,C004,22675,Здоровье,Биосфера,Шымкент,Онлайн,0
T02523,2026-08-28 11:14,C017,29098,Маркетплейсы,Wildberries,Алматы,Карта,0
T02524,2026-08-28 14:09,C038,25683,Продукты,Small,Караганда,Онлайн,0
T02525,2026-08-28 14:23,C001,28619,Переводы,Перевод по номеру,Алматы,Онлайн,0
T02526,2026-08-28 15:40,C025,35761,Коммунальные,Алсеко,Павлодар,Онлайн,0
T02527,2026-08-28 15:59,C034,48352,Кафе и рестораны,Rumi,Астана,Карта,0
T02528,2026-08-28 16:00,C048,16688,Коммунальные,Астана-ЕРЦ,Шымкент,Перевод,0
T02529,2026-08-28 17:11,C045,26225,Здоровье,Europharma,Алматы,Онлайн,0
T02530,2026-08-28 18:55,C045,8280,Транспорт,InDrive,Алматы,Перевод,0
T02531,2026-08-28 20:49,C032,21148,Кафе и рестораны,Del Papa,Атырау,QR,0
T02532,2026-08-29 10:02,C046,21872,АЗС,Qazaq Oil,Алматы,Онлайн,0
T02533,2026-08-29 10:20,C046,5647,Транспорт,Яндекс Go,Алматы,Карта,0
T02534,2026-08-29 10:47,C026,3004,Кафе и рестораны,Rumi,Алматы,QR,0
T02535,2026-08-29 11:35,C012,22583,Переводы,Перевод на карту,Караганда,Онлайн,0
T02536,2026-08-29 12:46,C028,130403,Переводы,Перевод по номеру,Караганда,Карта,0
T02537,2026-08-29 16:10,C012,7754,Продукты,Magnum,Караганда,Онлайн,0
T02538,2026-08-29 16:25,C059,35550,Здоровье,Биосфера,Караганда,QR,0
T02539,2026-08-29 16:47,C013,91184,Маркетплейсы,Ozon,Шымкент,QR,0
T02540,2026-08-29 17:36,C029,10322,Продукты,Magnum,Астана,QR,0
T02541,2026-08-29 17:45,C056,146210,Переводы,Перевод на карту,Караганда,QR,0
T02542,2026-08-29 18:48,C010,260062,Переводы,Перевод по номеру,Астана,Перевод,0
T02543,2026-08-29 19:29,C024,169695,Маркетплейсы,Wildberries,Атырау,Перевод,0
T02544,2026-08-29 19:44,C051,6448,Здоровье,Invitro,Усть-Каменогорск,QR,0
T02545,2026-08-29 20:24,C031,16223,Продукты,Magnum,Алматы,Перевод,0
T02546,2026-08-29 21:01,C015,26683,Здоровье,Биосфера,Шымкент,Карта,0
T02547,2026-08-30 09:52,C021,3862,Транспорт,Яндекс Go,Усть-Каменогорск,Онлайн,0
T02548,2026-08-30 10:06,C037,34593,Кафе и рестораны,Rumi,Павлодар,QR,0
T02549,2026-08-30 10:21,C021,2689,Продукты,Galmart,Усть-Каменогорск,QR,0
T02550,2026-08-30 10:41,C014,44271,АЗС,Helios,Атырау,QR,0
T02551,2026-08-30 11:58,C014,15865,Переводы,Перевод на карту,Атырау,Онлайн,0
T02552,2026-08-30 12:39,C050,60605,Коммунальные,Астана-ЕРЦ,Алматы,Перевод,0
T02553,2026-08-30 13:51,C011,21472,АЗС,Qazaq Oil,Алматы,Карта,0
T02554,2026-08-30 14:04,C043,61290,Здоровье,Europharma,Павлодар,Карта,0
T02555,2026-08-30 14:15,C020,211816,Переводы,Перевод по номеру,Актобе,Онлайн,0
T02556,2026-08-30 15:49,C011,107169,Маркетплейсы,Ozon,Алматы,QR,0
T02557,2026-08-30 15:51,C013,114008,Переводы,Перевод на карту,Шымкент,QR,0
T02558,2026-08-30 16:11,C009,31330,АЗС,Sinooil,Алматы,Карта,0
T02559,2026-08-30 21:20,C023,5196,Транспорт,Яндекс Go,Астана,Карта,0
T02560,2026-08-31 01:03,C004,1244154,Переводы,Перевод на карту,Алматы,Онлайн,1
T02561,2026-08-31 08:17,C005,8020,Транспорт,Яндекс Go,Шымкент,QR,0
T02562,2026-08-31 09:22,C039,25943,Продукты,Анвар,Атырау,QR,0
T02563,2026-08-31 09:46,C053,60854,Коммунальные,Астана-ЕРЦ,Астана,QR,0
T02564,2026-08-31 10:23,C016,29952,Здоровье,Europharma,Шымкент,QR,0
T02565,2026-08-31 11:14,C018,22449,АЗС,Qazaq Oil,Астана,Карта,0
T02566,2026-08-31 12:21,C047,17823,Продукты,Small,Шымкент,Перевод,0
T02567,2026-08-31 12:24,C057,867,Транспорт,InDrive,Актобе,QR,0
T02568,2026-08-31 14:22,C002,23230,Кафе и рестораны,Rumi,Караганда,Онлайн,0
T02569,2026-08-31 14:39,C009,86279,Маркетплейсы,Kaspi Магазин,Алматы,Перевод,0
T02570,2026-08-31 15:16,C007,31762,Продукты,Small,Шымкент,Карта,0
T02571,2026-08-31 16:18,C005,141829,Переводы,Перевод на карту,Шымкент,Карта,0
T02572,2026-08-31 16:48,C059,43671,АЗС,Qazaq Oil,Караганда,QR,0
T02573,2026-08-31 18:00,C024,29965,Коммунальные,Астана-ЕРЦ,Атырау,Онлайн,0
T02574,2026-08-31 18:01,C017,83101,Маркетплейсы,Kaspi Магазин,Алматы,Перевод,0
T02575,2026-08-31 19:04,C026,14004,Продукты,Small,Алматы,QR,0
T02576,2026-08-31 19:33,C039,21134,Коммунальные,Казахтелеком,Атырау,QR,0
T02577,2026-08-31 22:53,C007,34741,Здоровье,Биосфера,Шымкент,Перевод,0
T02578,2026-09-01 08:40,C044,30685,Коммунальные,Астана-ЕРЦ,Шымкент,Онлайн,0
T02579,2026-09-01 12:22,C005,18275,Коммунальные,Казахтелеком,Шымкент,QR,0
T02580,2026-09-01 12:25,C054,11261,Здоровье,Invitro,Усть-Каменогорск,Онлайн,0
T02581,2026-09-01 15:19,C041,30927,АЗС,Sinooil,Астана,Онлайн,0
T02582,2026-09-01 15:27,C043,29217,Продукты,Small,Павлодар,Онлайн,0
T02583,2026-09-01 16:47,C060,49720,Кафе и рестораны,Coffee Boom,Усть-Каменогорск,Перевод,0
T02584,2026-09-01 17:00,C019,8021,Кафе и рестораны,Coffee Boom,Усть-Каменогорск,Перевод,0
T02585,2026-09-01 17:46,C040,22525,Кафе и рестораны,Del Papa,Атырау,Перевод,0
T02586,2026-09-01 18:27,C058,3138,Транспорт,InDrive,Атырау,QR,0
T02587,2026-09-01 19:33,C042,36965,Переводы,Перевод по номеру,Шымкент,Карта,0
T02588,2026-09-01 19:36,C054,192816,Переводы,Перевод на карту,Усть-Каменогорск,Онлайн,0
T02589,2026-09-01 20:07,C003,26250,Коммунальные,Казахтелеком,Астана,Карта,0
T02590,2026-09-01 20:40,C048,22362,АЗС,Helios,Шымкент,Онлайн,0
T02591,2026-09-01 20:48,C043,47749,АЗС,Helios,Павлодар,Карта,0
T02592,2026-09-01 22:02,C036,41995,Продукты,Small,Шымкент,Карта,0
T02593,2026-09-01 22:50,C040,29196,Продукты,Small,Атырау,QR,0
T02594,2026-09-02 09:51,C053,18372,Коммунальные,Казахтелеком,Астана,Перевод,0
T02595,2026-09-02 10:54,C027,26460,АЗС,Sinooil,Атырау,Перевод,0
T02596,2026-09-02 10:58,C020,31137,Кафе и рестораны,Del Papa,Актобе,Онлайн,0
T02597,2026-09-02 16:18,C044,17268,АЗС,Helios,Шымкент,Перевод,0
T02598,2026-09-02 17:19,C027,4055,Транспорт,InDrive,Атырау,Онлайн,0
T02599,2026-09-02 17:42,C028,40664,АЗС,Helios,Караганда,Карта,0
T02600,2026-09-02 19:12,C009,104345,Маркетплейсы,Kaspi Магазин,Алматы,Онлайн,0
T02601,2026-09-02 19:53,C056,7414,Продукты,Анвар,Караганда,Карта,0
T02602,2026-09-02 19:56,C013,149346,Переводы,Перевод на карту,Шымкент,Перевод,0
T02603,2026-09-02 21:26,C025,7018,Кафе и рестораны,Rumi,Павлодар,Перевод,0
T02604,2026-09-02 22:07,C034,5707,Транспорт,Яндекс Go,Астана,QR,0
T02605,2026-09-03 03:36,C048,1239789,Переводы,Перевод на карту,Актобе,Онлайн,1
T02606,2026-09-03 09:11,C015,4060,Транспорт,InDrive,Шымкент,Карта,0
T02607,2026-09-03 10:04,C005,33282,Маркетплейсы,Ozon,Шымкент,Перевод,0
T02608,2026-09-03 10:20,C007,169848,Маркетплейсы,Wildberries,Шымкент,Перевод,0
T02609,2026-09-03 10:49,C039,14985,АЗС,Qazaq Oil,Атырау,Перевод,0
T02610,2026-09-03 11:04,C030,20180,Переводы,Перевод на карту,Актобе,QR,0
T02611,2026-09-03 11:15,C053,22892,Продукты,Small,Астана,Онлайн,0
T02612,2026-09-03 11:44,C050,18765,Здоровье,Биосфера,Алматы,Перевод,0
T02613,2026-09-03 11:51,C035,12844,Кафе и рестораны,Coffee Boom,Караганда,Перевод,0
T02614,2026-09-03 12:54,C040,4265,Транспорт,InDrive,Атырау,QR,0
T02615,2026-09-03 14:30,C034,7080,Транспорт,InDrive,Астана,Карта,0
T02616,2026-09-03 17:24,C041,16393,Коммунальные,Астана-ЕРЦ,Астана,Перевод,0
T02617,2026-09-03 18:51,C023,97275,Маркетплейсы,Ozon,Астана,Карта,0
T02618,2026-09-03 20:24,C060,49662,Кафе и рестораны,Del Papa,Усть-Каменогорск,Перевод,0
T02619,2026-09-03 21:20,C019,50557,Переводы,Перевод на карту,Усть-Каменогорск,QR,0
T02620,2026-09-03 21:29,C040,50964,Коммунальные,Казахтелеком,Атырау,Перевод,0
T02621,2026-09-03 21:55,C048,8476,Здоровье,Europharma,Шымкент,Онлайн,0
T02622,2026-09-04 03:20,C016,791765,Переводы,Перевод на карту,Караганда,Онлайн,1
T02623,2026-09-04 03:33,C023,675612,Переводы,Перевод на карту,Шымкент,Онлайн,1
T02624,2026-09-04 08:22,C028,273101,Переводы,Перевод по номеру,Караганда,Карта,0
T02625,2026-09-04 08:25,C033,20170,Здоровье,Биосфера,Алматы,Онлайн,0
T02626,2026-09-04 08:57,C020,35114,Коммунальные,Астана-ЕРЦ,Актобе,Онлайн,0
T02627,2026-09-04 09:03,C045,30664,Кафе и рестораны,Del Papa,Алматы,Карта,0
T02628,2026-09-04 12:48,C006,43754,Здоровье,Биосфера,Караганда,QR,0
T02629,2026-09-04 14:11,C020,35837,АЗС,Helios,Актобе,QR,0
T02630,2026-09-04 15:11,C021,11433,АЗС,Helios,Усть-Каменогорск,Онлайн,0
T02631,2026-09-04 15:12,C007,56890,Коммунальные,Алсеко,Шымкент,Перевод,0
T02632,2026-09-04 16:20,C035,53320,Коммунальные,Алсеко,Караганда,QR,0
T02633,2026-09-04 17:03,C010,20313,Здоровье,Invitro,Астана,QR,0
T02634,2026-09-04 17:48,C039,15370,Продукты,Magnum,Атырау,QR,0
T02635,2026-09-04 18:12,C041,48761,Здоровье,Invitro,Астана,Онлайн,0
T02636,2026-09-04 19:06,C003,16674,Продукты,Small,Астана,QR,0
T02637,2026-09-04 21:40,C007,7092,Транспорт,Onay,Шымкент,Перевод,0
T02638,2026-09-04 21:46,C002,37343,Здоровье,Биосфера,Караганда,Онлайн,0
T02639,2026-09-04 21:51,C027,189224,Переводы,Перевод на карту,Атырау,QR,0
T02640,2026-09-04 22:50,C048,7363,АЗС,Sinooil,Шымкент,Перевод,0
T02641,2026-09-05 09:33,C043,21339,Кафе и рестораны,Del Papa,Павлодар,QR,0
T02642,2026-09-05 09:56,C047,2461,Кафе и рестораны,Del Papa,Шымкент,Карта,0
T02643,2026-09-05 12:26,C026,45949,Маркетплейсы,Kaspi Магазин,Алматы,Онлайн,0
T02644,2026-09-05 12:33,C017,2100,Продукты,Magnum,Алматы,Перевод,0
T02645,2026-09-05 13:07,C031,14728,Кафе и рестораны,Del Papa,Алматы,Карта,0
T02646,2026-09-05 13:11,C025,3966,Продукты,Magnum,Павлодар,Перевод,0
T02647,2026-09-05 14:26,C019,5809,АЗС,Qazaq Oil,Усть-Каменогорск,QR,0
T02648,2026-09-05 14:28,C045,59256,Коммунальные,Астана-ЕРЦ,Алматы,Онлайн,0
T02649,2026-09-05 15:37,C039,32319,Здоровье,Биосфера,Атырау,Онлайн,0
T02650,2026-09-05 17:21,C036,9040,Кафе и рестораны,Coffee Boom,Шымкент,Карта,0
T02651,2026-09-05 17:32,C005,19239,Кафе и рестораны,Coffee Boom,Шымкент,Карта,0
T02652,2026-09-05 18:10,C014,41008,АЗС,Helios,Атырау,Онлайн,0
T02653,2026-09-05 18:19,C026,21977,Кафе и рестораны,Del Papa,Алматы,QR,0
T02654,2026-09-05 18:22,C023,164472,Переводы,Перевод на карту,Астана,Перевод,0
T02655,2026-09-05 18:34,C059,223452,Переводы,Перевод по номеру,Караганда,Онлайн,0
T02656,2026-09-05 18:45,C042,17824,Маркетплейсы,Wildberries,Шымкент,QR,0
T02657,2026-09-05 19:35,C048,2541,Кафе и рестораны,Del Papa,Шымкент,Перевод,0
T02658,2026-09-05 20:57,C027,5394,Продукты,Small,Атырау,Онлайн,0
T02659,2026-09-05 22:12,C009,17539,Продукты,Анвар,Алматы,Онлайн,0
T02660,2026-09-05 22:23,C037,133081,Маркетплейсы,Kaspi Магазин,Павлодар,QR,0
T02661,2026-09-06 02:55,C017,1298934,Переводы,Перевод на карту,Караганда,Онлайн,1
T02662,2026-09-06 04:52,C041,488979,Переводы,Перевод на карту,Шымкент,Онлайн,1
T02663,2026-09-06 08:15,C021,22074,Здоровье,Europharma,Усть-Каменогорск,Карта,0
T02664,2026-09-06 09:03,C027,9378,АЗС,Qazaq Oil,Атырау,Перевод,0
T02665,2026-09-06 09:32,C056,7307,Транспорт,InDrive,Караганда,Онлайн,0
T02666,2026-09-06 10:05,C015,43440,Коммунальные,Алсеко,Шымкент,Перевод,0
T02667,2026-09-06 10:38,C006,84598,Маркетплейсы,Kaspi Магазин,Караганда,QR,0
T02668,2026-09-06 12:51,C009,12115,Кафе и рестораны,Del Papa,Алматы,Карта,0
T02669,2026-09-06 13:43,C055,100115,Переводы,Перевод по номеру,Павлодар,Карта,0
T02670,2026-09-06 13:50,C053,58451,Здоровье,Invitro,Астана,QR,0
T02671,2026-09-06 15:35,C046,24041,Маркетплейсы,Wildberries,Алматы,Перевод,0
T02672,2026-09-06 16:57,C034,6163,Транспорт,Onay,Астана,Карта,0
T02673,2026-09-06 17:58,C047,157907,Переводы,Перевод по номеру,Шымкент,Онлайн,0
T02674,2026-09-06 18:01,C007,131818,Переводы,Перевод на карту,Шымкент,Перевод,0
T02675,2026-09-06 18:03,C035,2004,Транспорт,InDrive,Караганда,Карта,0
T02676,2026-09-06 18:42,C028,54543,Здоровье,Invitro,Караганда,Онлайн,0
T02677,2026-09-06 19:02,C057,11929,Кафе и рестораны,Coffee Boom,Актобе,Перевод,0
T02678,2026-09-06 19:10,C045,26520,Продукты,Galmart,Алматы,Перевод,0
T02679,2026-09-06 19:27,C027,3234,Транспорт,InDrive,Атырау,QR,0
T02680,2026-09-06 20:50,C051,35070,Продукты,Magnum,Усть-Каменогорск,QR,0
T02681,2026-09-06 21:23,C016,19140,Продукты,Small,Шымкент,Перевод,0
T02682,2026-09-06 21:31,C030,2151,Здоровье,Europharma,Актобе,Онлайн,0
T02683,2026-09-06 21:39,C024,31684,Коммунальные,Казахтелеком,Атырау,Онлайн,0
T02684,2026-09-06 22:21,C021,17495,Кафе и рестораны,Del Papa,Усть-Каменогорск,Перевод,0
T02685,2026-09-06 22:35,C034,224663,Маркетплейсы,Kaspi Магазин,Астана,Онлайн,0
T02686,2026-09-06 22:43,C031,34447,Переводы,Перевод на карту,Алматы,Перевод,0
T02687,2026-09-06 22:57,C032,46025,Коммунальные,Астана-ЕРЦ,Атырау,Карта,0
T02688,2026-09-07 08:18,C020,43973,Коммунальные,Астана-ЕРЦ,Актобе,Карта,0
T02689,2026-09-07 09:38,C032,68741,Маркетплейсы,Kaspi Магазин,Атырау,Перевод,0
T02690,2026-09-07 10:28,C017,1968,Здоровье,Europharma,Алматы,QR,0
T02691,2026-09-07 10:29,C020,174399,Переводы,Перевод на карту,Актобе,Онлайн,0
T02692,2026-09-07 10:58,C059,109696,Маркетплейсы,Wildberries,Караганда,Перевод,0
T02693,2026-09-07 11:15,C026,17687,Здоровье,Биосфера,Алматы,Онлайн,0
T02694,2026-09-07 13:01,C042,38389,Коммунальные,Алсеко,Шымкент,Карта,0
T02695,2026-09-07 15:04,C052,4445,Транспорт,InDrive,Алматы,Карта,0
T02696,2026-09-07 15:12,C016,19154,Коммунальные,Астана-ЕРЦ,Шымкент,Карта,0
T02697,2026-09-07 15:38,C037,8675,Продукты,Galmart,Павлодар,QR,0
T02698,2026-09-07 15:59,C049,4674,Транспорт,Onay,Караганда,Карта,0
T02699,2026-09-07 16:42,C033,22368,Коммунальные,Алсеко,Алматы,Перевод,0
T02700,2026-09-07 17:10,C040,6609,Транспорт,InDrive,Атырау,Онлайн,0
T02701,2026-09-07 17:37,C060,148107,Переводы,Перевод по номеру,Усть-Каменогорск,Карта,0
T02702,2026-09-07 20:02,C051,42710,Кафе и рестораны,Coffee Boom,Усть-Каменогорск,Перевод,0
T02703,2026-09-08 03:39,C006,940174,Переводы,Перевод на карту,Атырау,Онлайн,1
T02704,2026-09-08 08:36,C038,68730,Коммунальные,Казахтелеком,Караганда,Онлайн,0
T02705,2026-09-08 08:59,C037,48531,Маркетплейсы,Wildberries,Павлодар,Онлайн,0
T02706,2026-09-08 09:13,C032,32229,Здоровье,Биосфера,Атырау,Перевод,0
T02707,2026-09-08 09:46,C014,18490,Коммунальные,Астана-ЕРЦ,Атырау,Карта,0
T02708,2026-09-08 11:16,C054,25047,Кафе и рестораны,Rumi,Усть-Каменогорск,QR,0
T02709,2026-09-08 11:17,C002,18944,Здоровье,Invitro,Караганда,Перевод,0
T02710,2026-09-08 12:39,C056,6090,Продукты,Анвар,Караганда,Карта,0
T02711,2026-09-08 13:09,C005,104469,Маркетплейсы,Wildberries,Шымкент,Онлайн,0
T02712,2026-09-08 13:13,C045,8059,Транспорт,Onay,Алматы,Онлайн,0
T02713,2026-09-08 13:24,C023,4534,Продукты,Galmart,Астана,Перевод,0
T02714,2026-09-08 13:45,C020,131892,Переводы,Перевод на карту,Актобе,Онлайн,0
T02715,2026-09-08 14:41,C046,9280,Продукты,Small,Алматы,Перевод,0
T02716,2026-09-08 14:55,C034,28039,Переводы,Перевод по номеру,Астана,QR,0
T02717,2026-09-08 15:03,C053,16613,Продукты,Small,Астана,Онлайн,0
T02718,2026-09-08 15:27,C043,29176,Кафе и рестораны,Coffee Boom,Павлодар,Онлайн,0
T02719,2026-09-08 15:29,C005,7105,Транспорт,InDrive,Шымкент,Онлайн,0
T02720,2026-09-08 15:37,C026,4529,Кафе и рестораны,Del Papa,Алматы,Карта,0
T02721,2026-09-08 15:45,C021,74834,Маркетплейсы,Ozon,Усть-Каменогорск,Карта,0
T02722,2026-09-08 17:56,C001,25127,Коммунальные,Казахтелеком,Алматы,QR,0
T02723,2026-09-08 18:02,C004,12308,Кафе и рестораны,Rumi,Шымкент,Карта,0
T02724,2026-09-08 18:06,C026,2055,Кафе и рестораны,Rumi,Алматы,Карта,0
T02725,2026-09-08 18:34,C033,65861,Коммунальные,Алсеко,Алматы,QR,0
T02726,2026-09-08 19:16,C053,63789,Коммунальные,Казахтелеком,Астана,QR,0
T02727,2026-09-08 19:32,C010,56578,Коммунальные,Алсеко,Астана,Онлайн,0
T02728,2026-09-08 19:49,C043,140481,Переводы,Перевод по номеру,Павлодар,QR,0
T02729,2026-09-08 21:50,C021,7852,Кафе и рестораны,Rumi,Усть-Каменогорск,Карта,0
T02730,2026-09-08 21:50,C024,161247,Переводы,Перевод по номеру,Атырау,Перевод,0
T02731,2026-09-09 04:33,C015,1067744,Переводы,Перевод на карту,Атырау,Онлайн,1
T02732,2026-09-09 08:50,C042,42752,Переводы,Перевод по номеру,Шымкент,Карта,0
T02733,2026-09-09 08:57,C021,1598,Транспорт,Яндекс Go,Усть-Каменогорск,Онлайн,0
T02734,2026-09-09 10:11,C009,183086,Переводы,Перевод на карту,Алматы,Онлайн,0
T02735,2026-09-09 12:43,C046,92233,Маркетплейсы,Ozon,Алматы,Карта,0
T02736,2026-09-09 12:59,C048,15657,Коммунальные,Алсеко,Шымкент,QR,0
T02737,2026-09-09 13:01,C051,25490,Здоровье,Биосфера,Усть-Каменогорск,Онлайн,0
T02738,2026-09-09 13:17,C021,7829,АЗС,Helios,Усть-Каменогорск,Карта,0
T02739,2026-09-09 13:20,C055,23668,АЗС,Helios,Павлодар,Онлайн,0
T02740,2026-09-09 14:17,C058,16693,АЗС,Helios,Атырау,Карта,0
T02741,2026-09-09 16:23,C049,6421,АЗС,Qazaq Oil,Караганда,Перевод,0
T02742,2026-09-09 17:04,C054,61052,Коммунальные,Алсеко,Усть-Каменогорск,Карта,0
T02743,2026-09-09 17:12,C002,150497,Переводы,Перевод на карту,Караганда,Онлайн,0
T02744,2026-09-09 17:58,C026,21618,АЗС,Helios,Алматы,Карта,0
T02745,2026-09-09 18:06,C034,11686,Продукты,Small,Астана,Карта,0
T02746,2026-09-09 18:21,C006,5095,Продукты,Magnum,Караганда,Онлайн,0
T02747,2026-09-09 19:38,C030,654,Транспорт,InDrive,Актобе,QR,0
T02748,2026-09-09 19:51,C025,25972,Продукты,Galmart,Павлодар,Онлайн,0
T02749,2026-09-09 21:04,C032,80047,Маркетплейсы,Kaspi Магазин,Атырау,Перевод,0
T02750,2026-09-10 08:53,C042,5014,Транспорт,Яндекс Go,Шымкент,Онлайн,0
T02751,2026-09-10 10:43,C055,19844,АЗС,Sinooil,Павлодар,Перевод,0
T02752,2026-09-10 10:49,C059,4832,Транспорт,InDrive,Караганда,Перевод,0
T02753,2026-09-10 11:02,C060,102724,Маркетплейсы,Kaspi Магазин,Усть-Каменогорск,Перевод,0
T02754,2026-09-10 12:48,C026,95863,Маркетплейсы,Wildberries,Алматы,QR,0
T02755,2026-09-10 15:32,C032,20938,Кафе и рестораны,Del Papa,Атырау,Перевод,0
T02756,2026-09-10 15:40,C032,6753,Транспорт,Яндекс Go,Атырау,Карта,0
T02757,2026-09-10 18:27,C056,27855,АЗС,Helios,Караганда,Карта,0
T02758,2026-09-10 18:44,C010,23280,Здоровье,Europharma,Астана,Онлайн,0
T02759,2026-09-10 19:41,C029,11985,Коммунальные,Алсеко,Астана,QR,0
T02760,2026-09-10 19:53,C038,9070,Транспорт,Яндекс Go,Караганда,Перевод,0
T02761,2026-09-10 20:14,C015,183347,Переводы,Перевод по номеру,Шымкент,Перевод,0
T02762,2026-09-10 20:40,C017,7725,Продукты,Galmart,Алматы,Карта,0
T02763,2026-09-10 21:37,C045,86370,Переводы,Перевод на карту,Алматы,Перевод,0
T02764,2026-09-10 22:05,C011,4563,Транспорт,InDrive,Алматы,Перевод,0
T02765,2026-09-11 03:49,C050,1020294,Переводы,Перевод на карту,Астана,Онлайн,1
T02766,2026-09-11 09:55,C043,31644,Продукты,Galmart,Павлодар,Перевод,0
T02767,2026-09-11 09:56,C054,4766,Транспорт,InDrive,Усть-Каменогорск,QR,0
T02768,2026-09-11 10:48,C043,25569,Здоровье,Биосфера,Павлодар,Онлайн,0
T02769,2026-09-11 11:44,C019,8024,Продукты,Magnum,Усть-Каменогорск,Перевод,0
T02770,2026-09-11 12:17,C054,8327,АЗС,Qazaq Oil,Усть-Каменогорск,Онлайн,0
T02771,2026-09-11 13:26,C047,46643,Маркетплейсы,Wildberries,Шымкент,Перевод,0
T02772,2026-09-11 13:29,C038,12565,АЗС,Sinooil,Караганда,QR,0
T02773,2026-09-11 15:42,C033,41858,Переводы,Перевод по номеру,Алматы,Онлайн,0
T02774,2026-09-11 16:34,C010,29635,Кафе и рестораны,Rumi,Астана,Карта,0
T02775,2026-09-11 21:35,C035,11701,Здоровье,Europharma,Караганда,Карта,0
T02776,2026-09-11 22:06,C049,2273,Транспорт,Яндекс Go,Караганда,Перевод,0
T02777,2026-09-12 08:23,C048,1633,Транспорт,Onay,Шымкент,Онлайн,0
T02778,2026-09-12 11:29,C012,71529,Коммунальные,Алсеко,Караганда,Перевод,0
T02779,2026-09-12 11:56,C025,33594,Здоровье,Invitro,Павлодар,Онлайн,0
T02780,2026-09-12 12:13,C045,86363,Маркетплейсы,Wildberries,Алматы,Карта,0
T02781,2026-09-12 12:20,C046,14740,Продукты,Magnum,Алматы,Карта,0
T02782,2026-09-12 13:47,C044,523,Транспорт,Яндекс Go,Шымкент,Карта,0
T02783,2026-09-12 14:40,C054,10143,Здоровье,Invitro,Усть-Каменогорск,Перевод,0
T02784,2026-09-12 14:56,C035,11790,Кафе и рестораны,Del Papa,Караганда,Перевод,0
T02785,2026-09-12 15:25,C038,17199,Коммунальные,Казахтелеком,Караганда,Перевод,0
T02786,2026-09-12 16:05,C025,10553,Кафе и рестораны,Coffee Boom,Павлодар,Карта,0
T02787,2026-09-12 16:24,C011,6197,Кафе и рестораны,Rumi,Алматы,Перевод,0
T02788,2026-09-12 16:33,C007,26547,Здоровье,Europharma,Шымкент,Онлайн,0
T02789,2026-09-12 18:41,C060,33273,Продукты,Galmart,Усть-Каменогорск,QR,0
T02790,2026-09-12 19:58,C028,19450,Кафе и рестораны,Coffee Boom,Караганда,Карта,0
T02791,2026-09-12 20:06,C056,2825,Транспорт,Яндекс Go,Караганда,Карта,0
T02792,2026-09-12 20:25,C046,137027,Переводы,Перевод по номеру,Алматы,QR,0
T02793,2026-09-13 08:50,C010,64104,Коммунальные,Астана-ЕРЦ,Астана,Онлайн,0
T02794,2026-09-13 09:12,C058,14909,АЗС,Qazaq Oil,Атырау,Карта,0
T02795,2026-09-13 09:40,C004,30572,АЗС,Sinooil,Шымкент,Перевод,0
T02796,2026-09-13 09:52,C056,170165,Переводы,Перевод на карту,Караганда,Карта,0
T02797,2026-09-13 09:55,C025,21347,Коммунальные,Астана-ЕРЦ,Павлодар,Перевод,0
T02798,2026-09-13 10:19,C055,44040,Коммунальные,Алсеко,Павлодар,Карта,0
T02799,2026-09-13 10:30,C019,5276,Продукты,Анвар,Усть-Каменогорск,Перевод,0
T02800,2026-09-13 11:30,C051,10794,Маркетплейсы,Kaspi Магазин,Усть-Каменогорск,Перевод,0
T02801,2026-09-13 11:43,C012,16315,АЗС,Sinooil,Караганда,Онлайн,0
T02802,2026-09-13 14:06,C030,19404,Здоровье,Europharma,Актобе,Карта,0
T02803,2026-09-13 14:56,C024,37868,Коммунальные,Алсеко,Атырау,Перевод,0
T02804,2026-09-13 15:05,C018,29531,Здоровье,Europharma,Астана,QR,0
T02805,2026-09-13 15:24,C034,50603,Кафе и рестораны,Coffee Boom,Астана,QR,0
T02806,2026-09-13 15:28,C047,185761,Маркетплейсы,Ozon,Шымкент,QR,0
T02807,2026-09-13 16:04,C014,21139,Здоровье,Europharma,Атырау,Перевод,0
T02808,2026-09-13 17:31,C051,14389,Коммунальные,Астана-ЕРЦ,Усть-Каменогорск,Онлайн,0
T02809,2026-09-13 19:04,C048,14155,АЗС,Helios,Шымкент,Онлайн,0
T02810,2026-09-13 20:43,C038,214521,Маркетплейсы,Kaspi Магазин,Караганда,Перевод,0
T02811,2026-09-13 21:32,C014,51763,Переводы,Перевод по номеру,Атырау,QR,0
T02812,2026-09-13 21:38,C058,34530,Коммунальные,Алсеко,Атырау,Онлайн,0
T02813,2026-09-13 21:48,C048,110943,Переводы,Перевод по номеру,Шымкент,Перевод,0
T02814,2026-09-13 22:00,C026,3376,Транспорт,Яндекс Go,Алматы,Карта,0
T02815,2026-09-14 08:39,C032,32542,Кафе и рестораны,Del Papa,Атырау,Онлайн,0
T02816,2026-09-14 09:04,C035,236348,Переводы,Перевод по номеру,Караганда,Онлайн,0
T02817,2026-09-14 09:49,C003,20274,АЗС,Helios,Астана,Карта,0
T02818,2026-09-14 10:32,C013,3373,Транспорт,InDrive,Шымкент,Перевод,0
T02819,2026-09-14 12:10,C010,8217,Транспорт,Onay,Астана,Карта,0
T02820,2026-09-14 12:13,C030,13009,АЗС,Helios,Актобе,Карта,0
T02821,2026-09-14 13:40,C030,10561,Продукты,Galmart,Актобе,Перевод,0
T02822,2026-09-14 14:49,C025,48357,Маркетплейсы,Wildberries,Павлодар,Карта,0
T02823,2026-09-14 14:59,C028,18355,Продукты,Small,Караганда,QR,0
T02824,2026-09-14 15:26,C032,19710,Здоровье,Биосфера,Атырау,Онлайн,0
T02825,2026-09-14 17:45,C052,243177,Переводы,Перевод по номеру,Алматы,Карта,0
T02826,2026-09-14 18:04,C026,15092,Кафе и рестораны,Coffee Boom,Алматы,Онлайн,0
T02827,2026-09-14 19:34,C016,36571,Коммунальные,Алсеко,Шымкент,QR,0
T02828,2026-09-14 20:19,C049,2933,Транспорт,Яндекс Go,Караганда,Карта,0
T02829,2026-09-15 02:49,C047,752064,Переводы,Перевод на карту,Караганда,Онлайн,1
T02830,2026-09-15 09:14,C012,88611,Маркетплейсы,Ozon,Караганда,Перевод,0
T02831,2026-09-15 09:53,C004,118115,Переводы,Перевод на карту,Шымкент,Перевод,0
T02832,2026-09-15 10:05,C029,15103,АЗС,Helios,Астана,Карта,0
T02833,2026-09-15 10:36,C029,5043,Здоровье,Invitro,Астана,Онлайн,0
T02834,2026-09-15 12:47,C007,25790,Здоровье,Europharma,Шымкент,Перевод,0
T02835,2026-09-15 12:55,C030,83589,Переводы,Перевод по номеру,Актобе,Онлайн,0
T02836,2026-09-15 15:05,C055,11060,Продукты,Small,Павлодар,QR,0
T02837,2026-09-15 15:25,C001,17084,АЗС,Sinooil,Алматы,Онлайн,0
T02838,2026-09-15 15:29,C024,6298,Транспорт,InDrive,Атырау,Онлайн,0
T02839,2026-09-15 15:38,C035,45421,Маркетплейсы,Wildberries,Караганда,QR,0
T02840,2026-09-15 15:59,C017,19493,АЗС,Helios,Алматы,Онлайн,0
T02841,2026-09-15 18:12,C041,49891,Здоровье,Invitro,Астана,Перевод,0
T02842,2026-09-15 18:25,C039,24072,Здоровье,Europharma,Атырау,Перевод,0
T02843,2026-09-15 18:29,C013,28598,АЗС,Qazaq Oil,Шымкент,Карта,0
T02844,2026-09-15 18:56,C005,36162,Кафе и рестораны,Coffee Boom,Шымкент,QR,0
T02845,2026-09-15 19:52,C050,35527,Коммунальные,Астана-ЕРЦ,Алматы,Перевод,0
T02846,2026-09-15 20:32,C042,43790,Коммунальные,Алсеко,Шымкент,QR,0
T02847,2026-09-15 22:14,C032,14399,АЗС,Sinooil,Атырау,QR,0
T02848,2026-09-15 22:15,C031,3107,Транспорт,InDrive,Алматы,Онлайн,0
T02849,2026-09-15 22:36,C018,5593,Транспорт,Onay,Астана,Карта,0
T02850,2026-09-16 12:42,C051,3154,Транспорт,Яндекс Go,Усть-Каменогорск,Онлайн,0
T02851,2026-09-16 12:50,C035,39631,Коммунальные,Казахтелеком,Караганда,Карта,0
T02852,2026-09-16 14:44,C041,38710,Продукты,Анвар,Астана,QR,0
T02853,2026-09-16 15:14,C005,7922,Транспорт,Onay,Шымкент,Перевод,0
T02854,2026-09-16 15:19,C059,29941,Здоровье,Биосфера,Караганда,Карта,0
T02855,2026-09-16 16:15,C056,215976,Переводы,Перевод на карту,Караганда,Карта,0
T02856,2026-09-16 16:52,C016,12096,Кафе и рестораны,Coffee Boom,Шымкент,Онлайн,0
T02857,2026-09-16 16:53,C044,14752,Здоровье,Биосфера,Шымкент,Карта,0
T02858,2026-09-16 17:07,C034,31240,Здоровье,Invitro,Астана,Карта,0
T02859,2026-09-16 17:36,C001,66473,Переводы,Перевод на карту,Алматы,QR,0
T02860,2026-09-16 19:28,C044,6133,Маркетплейсы,Wildberries,Шымкент,Карта,0
T02861,2026-09-16 20:39,C045,20025,АЗС,Qazaq Oil,Алматы,Онлайн,0
T02862,2026-09-16 21:22,C027,15840,Здоровье,Биосфера,Атырау,Онлайн,0
T02863,2026-09-16 22:23,C047,179161,Маркетплейсы,Ozon,Шымкент,QR,0
T02864,2026-09-17 08:30,C014,56469,Переводы,Перевод по номеру,Атырау,QR,0
T02865,2026-09-17 09:10,C003,11825,Коммунальные,Казахтелеком,Астана,Карта,0
T02866,2026-09-17 09:22,C036,183935,Маркетплейсы,Ozon,Шымкент,QR,0
T02867,2026-09-17 09:56,C002,13532,Коммунальные,Астана-ЕРЦ,Караганда,Карта,0
T02868,2026-09-17 10:01,C058,39958,Переводы,Перевод по номеру,Атырау,Онлайн,0
T02869,2026-09-17 10:29,C057,14226,Продукты,Galmart,Актобе,Карта,0
T02870,2026-09-17 10:30,C020,14372,АЗС,Sinooil,Актобе,Онлайн,0
T02871,2026-09-17 10:58,C045,20160,Кафе и рестораны,Del Papa,Алматы,QR,0
T02872,2026-09-17 12:02,C035,17812,Продукты,Galmart,Караганда,Карта,0
T02873,2026-09-17 13:50,C039,7950,Транспорт,Яндекс Go,Атырау,Перевод,0
T02874,2026-09-17 14:39,C007,25705,Продукты,Magnum,Шымкент,QR,0
T02875,2026-09-17 15:14,C052,26657,Продукты,Magnum,Алматы,Карта,0
T02876,2026-09-17 15:19,C042,26529,АЗС,Sinooil,Шымкент,Онлайн,0
T02877,2026-09-17 15:19,C043,29639,АЗС,Sinooil,Павлодар,Перевод,0
T02878,2026-09-17 16:20,C023,44514,Переводы,Перевод на карту,Астана,Перевод,0
T02879,2026-09-17 18:20,C044,25086,Кафе и рестораны,Coffee Boom,Шымкент,Онлайн,0
T02880,2026-09-17 19:14,C044,641,Транспорт,Яндекс Go,Шымкент,Карта,0
T02881,2026-09-17 21:02,C029,6542,Кафе и рестораны,Del Papa,Астана,QR,0
T02882,2026-09-17 21:34,C055,17148,АЗС,Sinooil,Павлодар,Перевод,0
T02883,2026-09-17 22:32,C044,17920,Продукты,Small,Шымкент,QR,0
T02884,2026-09-18 08:57,C004,45114,Коммунальные,Алсеко,Шымкент,QR,0
T02885,2026-09-18 09:31,C034,49192,Кафе и рестораны,Rumi,Астана,Перевод,0
T02886,2026-09-18 09:53,C024,84626,Маркетплейсы,Kaspi Магазин,Атырау,Онлайн,0
T02887,2026-09-18 09:53,C058,30446,Здоровье,Europharma,Атырау,Онлайн,0
T02888,2026-09-18 10:46,C027,6958,Кафе и рестораны,Rumi,Атырау,Карта,0
T02889,2026-09-18 10:54,C048,2783,Транспорт,Яндекс Go,Шымкент,Онлайн,0
T02890,2026-09-18 12:06,C043,320257,Переводы,Перевод на карту,Павлодар,Онлайн,0
T02891,2026-09-18 12:09,C036,12906,АЗС,Sinooil,Шымкент,QR,0
T02892,2026-09-18 12:25,C034,104442,Маркетплейсы,Kaspi Магазин,Астана,Онлайн,0
T02893,2026-09-18 13:28,C054,32564,Кафе и рестораны,Del Papa,Усть-Каменогорск,Карта,0
T02894,2026-09-18 13:50,C020,8827,Транспорт,Onay,Актобе,Онлайн,0
T02895,2026-09-18 15:08,C024,9557,Кафе и рестораны,Del Papa,Атырау,Онлайн,0
T02896,2026-09-18 15:11,C056,35286,Кафе и рестораны,Rumi,Караганда,Онлайн,0
T02897,2026-09-18 15:44,C026,19968,АЗС,Qazaq Oil,Алматы,Перевод,0
T02898,2026-09-18 15:53,C043,36190,АЗС,Qazaq Oil,Павлодар,Онлайн,0
T02899,2026-09-18 16:10,C054,56369,Здоровье,Europharma,Усть-Каменогорск,Карта,0
T02900,2026-09-18 17:05,C050,13911,Маркетплейсы,Wildberries,Алматы,Перевод,0
T02901,2026-09-18 17:38,C057,11431,АЗС,Sinooil,Актобе,Онлайн,0
T02902,2026-09-18 17:39,C032,6516,Кафе и рестораны,Coffee Boom,Атырау,Перевод,0
T02903,2026-09-18 17:52,C011,8591,АЗС,Qazaq Oil,Алматы,Перевод,0
T02904,2026-09-18 18:19,C031,4830,Транспорт,Onay,Алматы,Перевод,0
T02905,2026-09-18 21:27,C030,6608,АЗС,Sinooil,Актобе,Карта,0
T02906,2026-09-18 21:32,C054,18417,Продукты,Анвар,Усть-Каменогорск,Онлайн,0
T02907,2026-09-18 21:51,C029,3976,Транспорт,Яндекс Go,Астана,Перевод,0
T02908,2026-09-18 22:04,C027,37593,Коммунальные,Казахтелеком,Атырау,QR,0
T02909,2026-09-18 22:23,C051,30231,Продукты,Анвар,Усть-Каменогорск,Карта,0
T02910,2026-09-19 04:13,C037,501719,Переводы,Перевод на карту,Усть-Каменогорск,Онлайн,1
T02911,2026-09-19 08:43,C030,11428,Кафе и рестораны,Del Papa,Актобе,Перевод,0
T02912,2026-09-19 09:36,C003,26602,Здоровье,Биосфера,Астана,Перевод,0
T02913,2026-09-19 11:16,C023,15738,Продукты,Galmart,Астана,Перевод,0
T02914,2026-09-19 12:10,C021,22135,Здоровье,Invitro,Усть-Каменогорск,Карта,0
T02915,2026-09-19 12:34,C056,141469,Маркетплейсы,Ozon,Караганда,Онлайн,0
T02916,2026-09-19 13:28,C013,8303,Кафе и рестораны,Coffee Boom,Шымкент,QR,0
T02917,2026-09-19 14:27,C017,8522,Кафе и рестораны,Del Papa,Алматы,Перевод,0
T02918,2026-09-19 17:33,C042,21965,Здоровье,Биосфера,Шымкент,QR,0
T02919,2026-09-19 18:15,C014,1491,Транспорт,InDrive,Атырау,Карта,0
T02920,2026-09-19 18:49,C013,10271,АЗС,Sinooil,Шымкент,Онлайн,0
T02921,2026-09-19 19:44,C004,169674,Маркетплейсы,Wildberries,Шымкент,QR,0
T02922,2026-09-19 20:00,C027,23122,Кафе и рестораны,Del Papa,Атырау,Онлайн,0
T02923,2026-09-19 20:35,C023,8604,Здоровье,Europharma,Астана,QR,0
T02924,2026-09-19 21:21,C042,24139,Кафе и рестораны,Rumi,Шымкент,Карта,0
T02925,2026-09-19 22:33,C007,9421,Продукты,Small,Шымкент,Карта,0
T02926,2026-09-20 08:23,C015,2243,Транспорт,Яндекс Go,Шымкент,QR,0
T02927,2026-09-20 09:11,C022,51078,Здоровье,Биосфера,Усть-Каменогорск,Онлайн,0
T02928,2026-09-20 10:20,C009,6906,Кафе и рестораны,Rumi,Алматы,Карта,0
T02929,2026-09-20 12:09,C040,51397,Здоровье,Invitro,Атырау,QR,0
T02930,2026-09-20 12:14,C002,26257,АЗС,Helios,Караганда,Карта,0
T02931,2026-09-20 12:44,C045,15110,Продукты,Galmart,Алматы,Онлайн,0
T02932,2026-09-20 12:49,C039,170003,Маркетплейсы,Ozon,Атырау,Перевод,0
T02933,2026-09-20 14:16,C032,18939,Кафе и рестораны,Del Papa,Атырау,Онлайн,0
T02934,2026-09-20 14:16,C040,4448,Транспорт,InDrive,Атырау,Карта,0
T02935,2026-09-20 15:08,C009,181076,Переводы,Перевод по номеру,Алматы,Перевод,0
T02936,2026-09-20 18:54,C034,15512,АЗС,Sinooil,Астана,Перевод,0
T02937,2026-09-20 19:15,C020,50250,Здоровье,Invitro,Актобе,QR,0
T02938,2026-09-20 19:51,C021,114285,Маркетплейсы,Kaspi Магазин,Усть-Каменогорск,QR,0
T02939,2026-09-20 21:30,C039,12253,Переводы,Перевод на карту,Атырау,QR,0
T02940,2026-09-20 21:57,C038,88492,Маркетплейсы,Ozon,Караганда,QR,0
T02941,2026-09-21 03:27,C012,1186248,Переводы,Перевод на карту,Астана,Онлайн,1
T02942,2026-09-21 04:30,C029,1010772,Переводы,Перевод на карту,Караганда,Онлайн,1
T02943,2026-09-21 09:56,C024,20509,Здоровье,Биосфера,Атырау,Карта,0
T02944,2026-09-21 11:26,C023,15696,Коммунальные,Астана-ЕРЦ,Астана,Карта,0
T02945,2026-09-21 12:16,C011,19100,Продукты,Small,Алматы,Карта,0
T02946,2026-09-21 12:54,C035,244220,Переводы,Перевод на карту,Караганда,Онлайн,0
T02947,2026-09-21 13:56,C033,32322,Коммунальные,Казахтелеком,Алматы,Онлайн,0
T02948,2026-09-21 14:16,C060,15497,Продукты,Galmart,Усть-Каменогорск,Перевод,0
T02949,2026-09-21 14:44,C029,10537,Коммунальные,Астана-ЕРЦ,Астана,Карта,0
T02950,2026-09-21 14:58,C045,19237,Коммунальные,Казахтелеком,Алматы,QR,0
T02951,2026-09-21 16:52,C012,49857,Коммунальные,Казахтелеком,Караганда,Карта,0
T02952,2026-09-21 17:55,C045,56660,Коммунальные,Алсеко,Алматы,QR,0
T02953,2026-09-21 18:37,C005,40162,Коммунальные,Казахтелеком,Шымкент,Перевод,0
T02954,2026-09-21 19:11,C020,83162,Маркетплейсы,Kaspi Магазин,Актобе,Карта,0
T02955,2026-09-21 20:10,C009,39801,Кафе и рестораны,Coffee Boom,Алматы,QR,0
T02956,2026-09-21 20:46,C004,43472,Коммунальные,Казахтелеком,Шымкент,QR,0
T02957,2026-09-21 21:10,C029,146846,Переводы,Перевод по номеру,Астана,Перевод,0
T02958,2026-09-22 08:30,C012,36847,Продукты,Small,Караганда,Карта,0
T02959,2026-09-22 10:46,C012,10817,Маркетплейсы,Wildberries,Караганда,Перевод,0
T02960,2026-09-22 11:17,C023,37757,Здоровье,Europharma,Астана,Перевод,0
T02961,2026-09-22 11:42,C002,7899,АЗС,Sinooil,Караганда,Онлайн,0
T02962,2026-09-22 13:04,C043,46096,Кафе и рестораны,Rumi,Павлодар,Перевод,0
T02963,2026-09-22 14:15,C031,8509,Продукты,Magnum,Алматы,QR,0
T02964,2026-09-22 16:28,C052,36096,Кафе и рестораны,Del Papa,Алматы,QR,0
T02965,2026-09-22 17:46,C060,56328,Здоровье,Europharma,Усть-Каменогорск,Онлайн,0
T02966,2026-09-22 17:49,C045,19572,Коммунальные,Алсеко,Алматы,QR,0
T02967,2026-09-22 18:55,C007,22103,Кафе и рестораны,Coffee Boom,Шымкент,Перевод,0
T02968,2026-09-22 18:57,C038,71458,Коммунальные,Казахтелеком,Караганда,QR,0
T02969,2026-09-22 19:07,C001,11138,Продукты,Galmart,Алматы,Перевод,0
T02970,2026-09-22 19:24,C020,162709,Переводы,Перевод по номеру,Актобе,Онлайн,0
T02971,2026-09-22 19:35,C025,264373,Переводы,Перевод на карту,Павлодар,Перевод,0
T02972,2026-09-22 21:17,C059,283315,Переводы,Перевод на карту,Караганда,Онлайн,0
T02973,2026-09-22 21:20,C006,29756,Кафе и рестораны,Coffee Boom,Караганда,Карта,0
T02974,2026-09-22 22:20,C013,10711,Продукты,Magnum,Шымкент,Онлайн,0
T02975,2026-09-22 22:58,C015,1865,Транспорт,InDrive,Шымкент,QR,0
